year,team,win_total_line,actual_wins,beat_margin,new_coach,sos_this_year_line,prior_year_under,prior_beat_margin,prior_actual_wins,prior_avg_point_diff,prior_pyth_wins,prior_luck,sos_prior_year_wins,adp_top100_count,adp_linear_weight
2016,ARI,10.0,7,-3.0,0,8.0,0,4.5,13,11.0,11.88,1.12,8.5,5,238
2016,ATL,7.0,11,4.0,0,8.375,1,-0.5,8,-0.375,7.83,0.17,8.875,3,199
2016,BAL,8.5,8,-0.5,0,8.094,1,-4.0,5,-4.562,6.13,-1.13,7.75,1,7
2016,BUF,8.0,7,-1.0,0,8.344,1,-0.5,8,1.25,8.51,-0.51,8.312,3,153
2016,CAR,10.5,6,-4.5,0,7.875,0,6.5,15,12.0,12.15,2.85,8.188,4,233
2016,CHI,7.5,3,-4.5,0,7.906,1,-0.5,6,-3.875,6.41,-0.41,7.375,3,120
2016,CIN,9.5,6,-3.5,0,8.094,0,3.5,12,8.75,11.58,0.42,7.438,5,208
2016,CLE,4.5,1,-3.5,1,8.406,1,-3.5,3,-9.625,4.16,-1.16,7.688,1,17
2016,DAL,8.5,13,4.5,0,7.75,1,-5.5,4,-6.188,5.21,-1.21,7.438,3,227
2016,DEN,9.5,9,-0.5,0,8.281,0,2.0,12,3.688,9.7,2.3,8.062,3,137
2016,DET,7.0,9,2.0,0,8.094,1,-1.5,7,-2.625,6.95,0.05,7.438,4,111
2016,GB,10.5,10,-0.5,0,7.844,1,-1.0,10,2.812,9.23,0.77,7.312,4,306
2016,HOU,8.5,9,0.5,0,8.312,0,0.5,9,1.625,8.75,0.25,7.75,2,174
2016,IND,9.0,8,-1.0,0,8.156,1,-2.5,8,-4.688,6.11,1.89,7.625,4,212
2016,JAX,7.5,3,-4.5,0,8.219,1,-0.5,5,-4.5,6.36,-1.36,7.562,4,202
2016,KC,9.5,12,2.5,0,8.188,0,2.5,11,7.375,11.1,-0.1,7.938,3,143
2016,LAC,7.0,5,-2.0,0,8.062,1,-4.0,4,-4.875,5.98,-1.98,8.125,4,171
2016,LAR,7.5,4,-3.5,0,8.281,1,-0.5,7,-3.125,6.46,0.54,8.812,1,94
2016,LV,8.5,12,3.5,0,8.188,0,1.5,7,-2.5,7.0,0.0,8.0,4,179
2016,MIA,7.0,10,3.0,1,8.281,1,-3.0,6,-4.938,5.9,0.1,8.25,5,99
2016,MIN,8.5,8,-0.5,0,8.281,0,3.0,11,3.938,9.77,1.23,7.812,1,91
2016,NE,10.5,14,3.5,0,8.156,0,1.5,12,9.375,11.45,0.55,8.375,3,203
2016,NO,7.0,7,0.0,0,8.281,1,-1.5,7,-4.25,6.55,0.45,8.75,4,229
2016,NYG,8.5,11,2.5,1,7.875,1,-2.0,6,-1.375,7.52,-1.52,7.375,3,167
2016,NYJ,8.0,5,-3.0,0,8.5,0,2.5,10,4.562,9.94,0.06,8.5,3,157
2016,PHI,6.5,7,0.5,1,8.312,1,-3.0,7,-3.312,6.76,0.24,7.5,2,52
2016,PIT,10.5,11,0.5,0,8.0,0,1.5,10,6.5,10.58,-0.58,7.562,3,274
2016,SEA,10.5,10,-0.5,0,8.0,1,-1.0,10,9.125,11.71,-1.71,8.688,4,209
2016,SF,5.5,2,-3.5,1,8.562,1,-1.5,5,-9.312,3.84,1.16,8.875,1,50
2016,TB,7.0,9,2.0,1,8.312,0.5,0.0,6,-4.688,6.15,-0.15,8.688,3,183
2016,TEN,6.0,9,3.0,1,8.094,1,-2.5,3,-7.75,4.88,-1.88,7.562,3,78
2016,WAS,7.5,8,0.5,0,8.375,0,3.0,9,0.562,8.22,0.78,7.875,4,127
2017,ARI,8.5,8,-0.5,0,7.844,1,-3.0,7,3.5,9.35,-2.35,7.375,3,161
2017,ATL,9.5,10,0.5,0,8.281,0,4.0,11,8.375,10.61,0.39,8.312,4,281
2017,BAL,8.5,9,0.5,0,7.969,1,-0.5,8,1.375,8.63,-0.63,7.312,2,31
2017,BUF,6.5,9,2.5,1,8.219,1,-1.0,7,1.312,8.51,-1.51,8.938,2,121
2017,CAR,9.0,11,2.0,0,7.938,1,-4.5,6,-2.062,7.19,-1.19,8.062,4,213
2017,CHI,5.5,5,-0.5,0,8.344,1,-4.5,3,-7.5,4.8,-1.8,7.625,1,80
2017,CIN,8.5,7,-1.5,0,7.844,1,-3.5,6,0.625,8.3,-2.3,7.188,4,195
2017,CLE,4.5,0,-4.5,0,8.125,1,-3.5,1,-11.75,3.5,-2.5,7.438,1,64
2017,DAL,9.5,9,-0.5,0,8.375,0,4.5,13,7.188,10.89,2.11,8.375,4,213
2017,DEN,8.0,5,-3.0,1,8.281,1,-0.5,9,2.25,9.08,-0.08,9.188,3,98
2017,DET,7.5,9,1.5,0,8.344,0,2.0,9,-0.75,7.68,1.32,7.438,3,105
2017,GB,10.5,7,-3.5,0,8.125,1,-0.5,10,2.75,9.01,0.99,7.625,4,282
2017,HOU,8.5,4,-4.5,0,8.156,0,0.5,9,-3.062,6.48,2.52,7.188,2,120
2017,IND,8.0,4,-4.0,0,7.781,1,-1.0,8,1.188,8.45,-0.45,6.688,3,137
2017,JAX,6.5,10,3.5,1,7.75,1,-4.5,3,-5.125,5.88,-2.88,6.938,2,105
2017,KC,9.0,10,1.0,0,8.312,0,2.5,12,4.875,10.07,1.93,9.188,4,167
2017,LAC,7.5,9,1.5,1,8.0,1,-2.0,5,-0.812,7.7,-2.7,9.062,3,207
2017,LAR,6.0,11,5.0,1,8.188,1,-3.5,4,-10.625,3.32,0.68,7.562,2,100
2017,LV,9.5,6,-3.5,0,8.156,0,3.5,12,1.938,8.73,3.27,9.0,4,250
2017,MIA,7.0,6,-1.0,0,8.219,0,3.0,10,-1.062,7.57,2.43,8.75,4,129
2017,MIN,8.5,13,4.5,0,7.969,1,-0.5,8,1.25,8.6,-0.6,7.188,4,90
2017,NE,12.5,13,0.5,0,7.625,0,3.5,14,11.938,12.69,1.31,8.438,5,282
2017,NO,8.0,11,3.0,0,8.062,0.5,0.0,7,0.938,8.31,-1.31,8.125,5,239
2017,NYG,9.0,3,-6.0,0,8.188,0,2.5,11,1.625,8.83,2.17,8.438,3,151
2017,NYJ,3.5,5,1.5,0,8.25,1,-3.0,5,-8.375,4.49,0.51,8.562,1,26
2017,PHI,8.5,13,4.5,0,8.156,0,0.5,7,2.25,8.97,-1.97,8.375,3,103
2017,PIT,10.5,13,2.5,0,8.031,0,0.5,11,4.5,9.85,1.15,7.188,4,299
2017,SEA,10.5,9,-1.5,0,7.844,1,-0.5,10,3.875,9.79,0.21,7.188,3,188
2017,SF,5.0,6,1.0,1,8.188,1,-3.5,2,-10.688,4.17,-2.17,7.438,1,51
2017,TB,8.5,5,-3.5,0,8.25,0,2.0,9,-0.938,7.61,1.39,8.25,3,192
2017,TEN,9.0,9,0.0,0,7.781,0,3.0,9,0.188,8.07,0.93,6.938,4,171
2017,WAS,7.5,7,-0.5,0,8.406,0,0.5,8,0.812,8.32,-0.32,8.625,5,199
2018,ARI,6.0,3,-3.0,1,8.5,1,-0.5,8,-4.125,6.12,1.88,8.312,2,150
2018,ATL,9.5,7,-2.5,0,8.125,0,0.5,10,2.375,9.07,0.93,8.125,3,216
2018,BAL,8.5,10,1.5,0,7.938,0,0.5,9,5.75,10.43,-1.43,7.812,2,71
2018,BUF,5.5,6,0.5,0,8.312,0,2.5,9,-3.562,6.38,2.62,7.938,1,68
2018,CAR,8.5,7,-1.5,0,8.188,0,2.0,11,2.25,8.99,2.01,8.188,3,192
2018,CHI,7.5,12,4.5,1,8.094,1,-0.5,5,-3.5,6.21,-1.21,8.312,5,137
2018,CIN,7.0,6,-1.0,0,8.156,1,-1.5,7,-3.688,6.27,0.73,7.562,2,148
2018,CLE,6.0,7,1.0,0,8.312,1,-4.5,0,-11.0,3.35,-3.35,8.375,2,87
2018,DAL,8.5,10,1.5,0,8.188,1,-0.5,9,1.375,8.61,0.39,8.0,2,126
2018,DEN,7.0,6,-1.0,0,8.094,1,-3.0,5,-5.812,5.45,-0.45,7.625,4,99
2018,DET,7.5,6,-1.5,1,8.312,0,1.5,9,2.125,8.82,0.18,8.562,4,135
2018,GB,10.0,6,-4.0,0,7.969,1,-3.5,7,-4.0,6.3,0.7,8.625,4,213
2018,HOU,8.5,11,2.5,0,7.75,1,-4.5,4,-6.125,5.66,-1.66,7.25,4,233
2018,IND,7.5,10,2.5,1,7.969,1,-4.0,4,-8.812,4.25,-0.25,7.75,3,140
2018,JAX,9.0,5,-4.0,0,8.062,0,3.5,10,9.312,11.85,-1.85,7.625,2,112
2018,KC,8.5,12,3.5,0,8.25,0,1.0,10,4.75,9.88,0.12,7.875,5,266
2018,LAC,9.5,12,2.5,0,7.719,0,1.5,9,5.188,10.44,-1.44,7.688,3,225
2018,LAR,10.0,13,3.0,0,8.219,0,5.0,11,9.312,11.33,-0.33,8.375,3,182
2018,LV,7.5,4,-3.5,1,8.0,1,-3.5,6,-4.5,6.01,-0.01,7.562,3,117
2018,MIA,6.5,7,0.5,0,7.969,1,-1.0,6,-7.0,4.98,1.02,8.0,1,55
2018,MIN,10.0,8,-2.0,0,8.188,0,4.5,13,8.125,11.65,1.35,8.312,5,291
2018,NE,11.0,11,0.0,0,7.688,0,0.5,13,10.125,11.8,1.2,7.75,6,247
2018,NO,9.5,13,3.5,0,8.375,0,3.0,11,7.625,10.88,0.12,8.562,4,295
2018,NYG,7.0,5,-2.0,1,8.438,1,-6.0,3,-8.875,4.06,-1.06,8.312,4,221
2018,NYJ,6.0,4,-2.0,0,7.938,0,1.5,5,-5.25,5.71,-0.71,7.625,0,0
2018,PHI,10.5,9,-1.5,0,8.25,0,4.5,13,10.125,11.81,1.19,7.875,4,171
2018,PIT,10.5,9,-1.5,0,8.094,0,2.5,13,6.125,10.53,2.47,7.625,4,292
2018,SEA,7.5,10,2.5,0,8.344,1,-1.5,9,2.125,8.92,0.08,8.375,3,171
2018,SF,8.5,4,-4.5,0,8.0,0,1.0,6,-3.25,6.63,-0.63,8.0,2,86
2018,TB,6.5,5,-1.5,0,8.5,1,-3.5,5,-2.938,6.77,-1.77,8.5,3,99
2018,TEN,8.0,9,1.0,1,8.125,0.5,0.0,9,-1.375,7.4,1.6,7.438,5,167
2018,WAS,7.0,7,0.0,0,8.438,1,-0.5,7,-2.875,6.81,0.19,8.062,2,38
2019,ARI,5.0,5,0.0,1,8.375,1,-3.0,3,-12.5,2.9,0.1,8.062,3,147
2019,ATL,8.5,7,-1.5,0,8.344,1,-2.5,7,-0.562,7.8,-0.8,8.25,4,256
2019,BAL,8.5,14,5.5,0,8.188,0,1.5,10,6.375,10.76,-0.76,7.812,2,85
2019,BUF,7.0,10,3.0,0,7.875,0,0.5,6,-6.562,5.03,0.97,7.625,1,18
2019,CAR,8.0,5,-3.0,0,8.156,1,-1.5,7,-0.375,7.85,-0.85,8.0,3,180
2019,CHI,9.0,8,-1.0,0,8.406,0,4.5,12,8.625,11.51,0.49,8.188,4,108
2019,CIN,6.0,2,-4.0,1,8.188,1,-1.0,6,-5.438,6.03,-0.03,7.438,3,137
2019,CLE,9.0,6,-3.0,1,7.875,0,1.0,7,-2.062,7.17,-0.17,7.688,4,270
2019,DAL,9.0,8,-1.0,0,8.062,0,1.5,10,0.938,8.43,1.57,8.0,3,189
2019,DEN,7.0,7,0.0,1,8.406,1,-1.0,6,-1.25,7.44,-1.44,8.5,1,39
2019,DET,6.5,3,-3.5,0,8.125,1,-1.5,6,-2.25,7.01,-1.01,7.812,3,119
2019,GB,9.0,13,4.0,1,8.094,1,-4.0,6,-1.5,7.41,-1.41,8.0,3,241
2019,HOU,8.5,10,1.5,0,8.375,0,2.5,11,5.375,10.22,0.78,8.438,4,198
2019,IND,7.5,7,-0.5,0,8.125,0,2.5,10,5.562,10.13,-0.13,8.25,3,181
2019,JAX,8.0,6,-2.0,0,8.031,1,-4.0,5,-4.438,5.66,-0.66,8.5,2,75
2019,KC,10.5,12,1.5,0,8.219,0,3.5,12,9.0,10.68,1.32,8.25,4,338
2019,LAC,10.0,5,-5.0,0,7.906,0,2.5,12,6.188,10.42,1.58,7.938,6,230
2019,LAR,10.5,9,-1.5,0,8.031,0,3.0,13,8.938,10.87,2.13,7.5,5,265
2019,LV,6.0,7,1.0,0,8.375,1,-3.5,4,-11.062,3.91,0.09,8.562,3,143
2019,MIA,4.5,5,0.5,1,8.344,0,0.5,7,-7.125,5.22,1.78,7.938,1,11
2019,MIN,9.0,10,1.0,0,8.188,1,-2.0,8,1.188,8.51,-0.51,8.125,4,239
2019,NE,11.5,12,0.5,0,7.562,0.5,0.0,11,6.938,10.68,0.32,7.5,4,160
2019,NO,10.5,13,2.5,0,8.031,0,3.5,13,9.438,11.19,1.81,7.812,5,264
2019,NYG,6.0,4,-2.0,0,7.844,1,-2.0,5,-2.688,6.96,-1.96,7.5,2,130
2019,NYJ,7.5,7,-0.5,1,7.75,1,-2.0,4,-6.75,5.43,-1.43,7.5,3,108
2019,PHI,10.0,9,-1.0,0,7.719,1,-1.5,9,1.188,8.5,0.5,7.562,4,165
2019,PIT,9.5,8,-1.5,0,7.969,1,-1.5,9,4.25,9.62,-0.62,7.875,4,223
2019,SEA,9.0,11,2.0,0,8.281,0,2.5,10,5.062,9.95,0.05,7.562,3,150
2019,SF,8.0,13,5.0,0,8.156,1,-4.5,4,-5.812,5.78,-1.78,8.062,3,111
2019,TB,6.5,7,0.5,1,8.188,1,-1.5,5,-4.25,6.52,-1.52,8.125,4,206
2019,TEN,8.0,9,1.0,0,8.188,0,1.0,9,0.438,8.22,0.78,8.188,1,49
2019,WAS,6.0,3,-3.0,0,8.125,0.5,0.0,7,-4.875,5.74,1.26,7.438,1,15
2020,ARI,7.5,8,0.5,0,8.188,0.5,0.0,5,-5.062,6.12,-1.12,8.25,3,238
2020,ATL,7.5,4,-3.5,0,8.594,1,-1.5,7,-1.125,7.56,-0.56,8.375,4,256
2020,BAL,11.5,11,-0.5,0,8.031,0,5.5,14,15.562,13.08,0.92,7.0,5,207
2020,BUF,9.0,13,4.0,0,8.219,0,3.0,10,3.438,9.79,0.21,8.375,3,151
2020,CAR,5.5,5,-0.5,1,8.406,1,-3.0,5,-8.125,5.07,-0.07,7.938,2,152
2020,CHI,8.0,8,0.0,0,7.938,1,-1.0,8,-1.125,7.41,0.59,8.062,2,96
2020,CIN,5.5,4,-1.5,0,8.375,1,-4.0,2,-8.812,4.4,-2.4,7.625,3,126
2020,CLE,8.5,11,2.5,1,8.0,1,-3.0,6,-3.625,6.5,-0.5,7.375,5,236
2020,DAL,10.0,6,-4.0,1,8.094,1,-1.0,8,7.062,10.74,-2.74,7.312,4,265
2020,DEN,7.5,5,-2.5,0,8.469,0.5,0.0,7,-2.125,6.93,0.07,8.188,4,121
2020,DET,7.0,5,-2.0,0,7.906,1,-3.5,3,-5.125,6.0,-3.0,8.375,3,143
2020,GB,8.5,13,4.5,0,8.188,0,4.0,13,3.938,9.71,3.29,8.0,3,236
2020,HOU,7.5,4,-3.5,0,8.312,0,1.5,10,-0.438,7.83,2.17,8.25,4,158
2020,IND,9.5,11,1.5,0,7.656,1,-0.5,7,-0.75,7.69,-0.69,8.0,4,113
2020,JAX,4.5,1,-3.5,0,8.281,1,-2.0,6,-6.062,5.44,0.56,7.875,2,40
2020,KC,11.5,14,2.5,0,8.031,0,1.5,12,8.938,11.39,0.61,8.0,4,339
2020,LAC,8.0,7,-1.0,0,7.906,1,-5.0,5,-0.5,7.78,-2.78,7.875,3,120
2020,LAR,8.5,10,1.5,0,8.375,1,-1.5,9,1.875,8.75,0.25,8.188,3,142
2020,LV,7.5,8,0.5,0,8.469,0,1.0,7,-6.625,5.34,1.66,7.938,2,122
2020,MIA,6.0,10,4.0,0,8.094,0,0.5,5,-11.75,3.89,1.11,8.438,2,12
2020,MIN,9.0,7,-2.0,0,8.094,0,1.0,10,6.5,10.69,-0.69,8.188,3,181
2020,NE,9.0,7,-2.0,0,8.281,0,0.5,12,12.188,13.03,-1.03,8.562,1,4
2020,NO,10.5,12,1.5,0,8.25,0,2.5,13,7.312,10.69,2.31,7.812,3,261
2020,NYG,6.5,6,-0.5,1,8.594,1,-2.0,4,-6.875,5.44,-1.44,7.688,3,162
2020,NYJ,6.5,2,-4.5,0,8.531,1,-0.5,7,-5.188,5.59,1.41,8.5,1,61
2020,PHI,9.5,4,-5.5,0,8.312,1,-1.0,9,1.938,8.79,0.21,7.75,3,178
2020,PIT,9.5,12,2.5,0,8.031,1,-1.5,8,-0.875,7.55,0.45,7.312,3,91
2020,SEA,9.5,12,2.5,0,8.188,0,2.0,11,0.438,8.17,2.83,8.062,4,248
2020,SF,10.5,6,-4.5,0,8.219,0,5.0,13,10.562,11.79,1.21,8.375,4,120
2020,TB,9.5,11,1.5,0,8.062,0,0.5,7,0.562,8.19,-1.19,8.0,6,296
2020,TEN,8.5,11,2.5,0,7.938,0,1.0,9,4.438,9.81,-0.81,7.938,3,146
2020,WAS,5.0,7,2.0,1,8.469,1,-3.0,3,-10.562,3.8,-0.8,7.375,1,29
2021,ARI,8.5,11,2.5,0,8.735,0,0.5,8,2.688,9.04,-1.04,8.118,3,188
2021,ATL,7.5,7,-0.5,1,8.559,1,-3.5,4,-1.125,7.58,-3.58,7.235,4,219
2021,BAL,10.5,8,-2.5,0,8.794,1,-0.5,11,10.312,11.79,-0.79,8.941,3,161
2021,BUF,11.5,11,-0.5,0,8.441,0,4.0,13,7.875,10.64,2.36,7.647,2,175
2021,CAR,7.5,5,-2.5,0,8.559,1,-0.5,5,-3.25,6.7,-1.7,7.529,2,123
2021,CHI,7.5,6,-1.5,0,8.794,0.5,0.0,8,0.125,8.05,-0.05,8.765,3,147
2021,CIN,6.5,10,3.5,0,8.941,1,-1.5,4,-7.062,5.19,-1.19,8.471,4,149
2021,CLE,10.5,8,-2.5,0,8.412,0,2.5,11,-0.688,7.75,3.25,8.235,4,175
2021,DAL,9.0,12,3.0,0,8.559,1,-4.0,6,-4.875,6.32,-0.32,7.176,4,283
2021,DEN,9.0,7,-2.0,0,8.412,1,-2.5,5,-7.688,5.08,-0.08,7.471,4,72
2021,DET,4.5,3,-1.5,1,8.941,1,-2.0,5,-8.875,5.11,-0.11,8.412,2,90
2021,GB,10.5,13,2.5,0,8.647,0,4.5,13,8.75,10.91,2.09,8.647,5,278
2021,HOU,4.0,4,0.0,1,8.971,1,-3.5,4,-5.0,6.24,-2.24,8.059,1,3
2021,IND,9.0,9,0.0,0,8.529,0,1.5,11,5.562,10.04,0.96,7.647,1,82
2021,JAX,6.5,3,-3.5,1,8.412,1,-3.5,1,-11.625,3.92,-2.92,7.824,2,106
2021,KC,12.5,12,-0.5,0,8.853,0,2.5,14,6.938,10.45,3.55,8.118,4,346
2021,LAC,9.5,9,-0.5,1,8.676,1,-1.0,7,-2.625,7.02,-0.02,7.824,3,225
2021,LAR,10.5,12,1.5,0,8.647,0,1.5,10,4.75,10.12,-0.12,8.235,4,203
2021,LV,7.5,10,2.5,0,9.088,0,0.5,8,-2.75,7.09,0.91,8.353,3,138
2021,MIA,9.0,9,0.0,0,8.471,0,4.0,10,4.125,9.67,0.33,7.529,2,79
2021,MIN,9.0,8,-1.0,0,8.588,1,-2.0,7,-2.812,7.06,-0.06,8.471,4,230
2021,NE,9.5,10,0.5,0,8.647,1,-2.0,7,-1.688,7.25,-0.25,7.824,1,33
2021,NO,9.0,9,0.0,0,8.853,0,1.5,12,9.062,11.2,0.8,7.706,3,132
2021,NYG,7.0,4,-3.0,0,8.794,1,-0.5,6,-4.812,5.76,0.24,7.529,2,82
2021,NYJ,6.0,4,-2.0,1,8.647,1,-4.5,2,-13.375,2.93,-0.93,7.765,1,7
2021,PHI,6.5,9,2.5,1,8.5,1,-5.5,4,-5.25,5.92,-1.92,6.882,3,117
2021,PIT,8.5,9,0.5,0,9.147,0,2.5,12,6.5,10.63,1.37,9.118,4,157
2021,SEA,9.5,7,-2.5,0,8.559,0,2.5,12,5.5,9.98,2.02,8.176,4,252
2021,SF,10.5,10,-0.5,0,8.118,1,-4.5,6,-0.875,7.65,-1.65,7.765,5,157
2021,TB,12.0,13,1.0,0,8.353,0,1.5,11,8.562,10.95,0.05,7.412,5,189
2021,TEN,9.5,12,2.5,0,8.471,0,2.5,11,3.25,9.06,1.94,8.118,4,270
2021,WAS,8.5,7,-1.5,0,8.882,0,2.0,7,0.375,8.17,-1.17,8.0,4,182
2022,ARI,8.5,4,-4.5,0,8.853,0,2.5,11,4.882,10.52,0.48,9.235,4,162
2022,ATL,4.5,7,2.5,0,8.618,1,-0.5,7,-8.588,4.89,2.11,8.882,1,55
2022,BAL,10.5,10,-0.5,0,8.206,1,-2.5,8,-0.294,8.37,-0.37,8.0,3,201
2022,BUF,12.0,13,1.0,0,8.406,1,-0.5,11,11.412,13.12,-2.12,8.562,4,201
2022,CAR,6.5,7,0.5,0,8.382,1,-2.5,5,-5.882,5.74,-0.74,8.647,2,126
2022,CHI,5.5,3,-2.5,1,8.382,1,-1.5,6,-5.647,5.88,0.12,7.941,3,98
2022,CIN,9.5,12,2.5,0,8.469,0,3.5,10,4.941,10.49,-0.49,8.938,4,306
2022,CLE,8.0,7,-1.0,0,8.441,1,-2.5,8,-1.294,7.89,0.11,8.353,3,84
2022,DAL,10.0,12,2.0,0,8.382,0,3.0,12,10.118,12.19,-0.19,7.824,5,245
2022,DEN,10.0,5,-5.0,1,8.588,1,-2.0,7,0.765,8.9,-1.9,8.647,4,209
2022,DET,6.5,9,2.5,0,8.235,1,-1.5,3,-8.353,5.06,-2.06,7.941,3,107
2022,GB,11.0,8,-3.0,0,8.412,0,2.5,13,4.647,10.41,2.59,8.059,3,178
2022,HOU,4.5,3,-1.5,1,8.676,0.5,0.0,4,-10.118,4.14,-0.14,8.294,2,33
2022,IND,10.0,4,-6.0,0,8.206,0.5,0.0,9,5.059,10.59,-1.59,7.941,3,206
2022,JAX,6.5,9,2.5,1,8.441,1,-3.5,3,-12.0,3.36,-0.36,7.941,2,97
2022,KC,10.5,14,3.5,0,9.118,1,-0.5,12,6.824,11.19,0.81,9.059,4,206
2022,LAC,10.5,10,-0.5,0,8.471,1,-0.5,9,0.882,8.82,0.18,8.824,4,296
2022,LAR,10.5,5,-5.5,0,8.912,0,1.5,12,5.176,10.59,1.41,9.647,4,237
2022,LV,8.5,6,-2.5,1,8.912,0,2.5,10,-3.824,6.91,3.09,8.941,5,221
2022,MIA,9.0,9,0.0,1,8.529,0.5,0.0,9,-1.882,7.6,1.4,8.118,4,157
2022,MIN,9.5,13,3.5,1,8.412,1,-1.0,8,-0.059,8.48,-0.48,8.176,4,263
2022,NE,8.5,8,-0.5,0,8.706,0,0.5,10,9.353,12.43,-2.43,8.412,3,20
2022,NO,9.0,7,-2.0,1,8.353,0.5,0.0,9,1.706,9.33,-0.33,8.941,3,147
2022,NYG,7.0,9,2.0,1,8.235,1,-3.0,4,-9.294,4.14,-0.14,7.882,2,86
2022,NYJ,5.5,7,1.5,0,8.765,1,-2.0,4,-11.412,4.08,-0.08,8.353,1,42
2022,PHI,10.0,14,4.0,0,8.029,0,2.5,9,3.471,9.92,-0.92,7.824,3,163
2022,PIT,7.5,9,1.5,0,8.853,0,0.5,9,-3.235,7.02,1.98,8.706,2,122
2022,SEA,5.5,9,3.5,0,8.676,1,-2.5,7,1.706,9.27,-2.27,8.765,2,60
2022,SF,10.0,13,3.0,0,8.324,1,-0.5,10,3.647,10.06,-0.06,9.059,4,220
2022,TB,11.0,8,-3.0,1,8.324,0,1.0,13,9.294,12.0,1.0,9.059,5,327
2022,TEN,9.0,7,-2.0,0,8.735,0,2.5,12,3.824,10.18,1.82,8.0,2,111
2022,WAS,7.5,8,0.5,0,8.176,1,-1.5,7,-5.824,5.97,1.03,7.824,2,64
2023,ARI,4.5,4,-0.5,1,8.824,1,-4.5,4,-6.412,5.8,-1.8,8.706,3,77
2023,ATL,8.5,7,-1.5,0,7.618,0,2.5,7,-1.235,7.94,-0.94,7.0,3,127
2023,BAL,10.0,13,3.0,0,8.676,1,-0.5,10,2.059,9.56,0.44,8.118,3,196
2023,BUF,10.5,11,0.5,0,8.882,0,1.0,13,10.562,12.01,0.99,9.118,3,198
2023,CAR,7.5,2,-5.5,1,8.206,0,0.5,7,-1.588,7.75,-0.75,7.647,1,42
2023,CHI,7.5,7,-0.5,0,8.147,1,-2.5,3,-8.059,5.16,-2.16,8.412,2,129
2023,CIN,11.0,9,-2.0,0,8.676,0,2.5,12,6.0,10.4,1.6,8.588,4,317
2023,CLE,9.0,11,2.0,0,8.618,1,-1.0,7,-1.176,7.96,-0.96,7.706,3,202
2023,DAL,10.0,12,2.0,0,8.559,0,2.0,12,7.353,11.5,0.5,9.176,4,233
2023,DEN,8.5,8,-0.5,1,8.647,1,-5.0,5,-4.235,6.3,-1.3,8.706,4,111
2023,DET,9.5,12,2.5,0,8.441,0,2.5,9,1.529,9.09,-0.09,8.412,4,199
2023,GB,7.5,9,1.5,0,8.324,1,-3.0,8,-0.059,8.47,-0.47,8.059,3,75
2023,HOU,6.5,10,3.5,1,8.235,1,-1.5,3,-7.706,4.96,-1.96,7.235,1,48
2023,IND,6.5,9,2.5,1,8.118,1,-6.0,4,-8.118,4.83,-0.83,7.294,2,74
2023,JAX,9.5,9,-0.5,0,8.5,0,2.5,9,3.176,9.93,-0.93,7.941,4,211
2023,KC,11.5,11,-0.5,0,8.882,0,3.5,14,7.471,11.36,2.64,8.647,3,211
2023,LAC,9.5,5,-4.5,0,8.853,1,-0.5,10,0.412,8.68,1.32,8.765,4,255
2023,LAR,6.5,10,3.5,0,8.647,1,-5.5,5,-4.529,6.3,-1.3,8.941,3,139
2023,LV,6.5,8,1.5,0,8.941,1,-2.5,6,-1.353,7.93,-1.93,8.824,2,149
2023,MIA,9.5,11,1.5,0,8.912,0.5,0.0,9,-0.118,8.45,0.55,9.294,3,227
2023,MIN,8.5,7,-1.5,0,8.824,0,3.5,13,-0.176,8.43,4.57,8.412,4,252
2023,NE,7.5,4,-3.5,0,9.147,1,-0.5,8,1.0,8.98,-0.98,9.176,1,62
2023,NO,9.5,9,-0.5,0,7.559,1,-2.0,7,-0.882,8.05,-1.05,7.176,4,137
2023,NYG,7.5,6,-1.5,0,8.676,0,2.0,9,-0.353,8.34,0.66,9.235,3,168
2023,NYJ,9.5,7,-2.5,0,8.853,0,1.5,7,-1.176,7.84,-0.84,9.118,4,221
2023,PHI,11.5,11,-0.5,0,8.353,0,4.0,14,7.824,11.64,2.36,9.471,6,287
2023,PIT,9.0,10,1.0,0,8.382,0,1.5,9,-2.235,7.34,1.66,7.882,3,106
2023,SEA,9.0,9,0.0,0,8.412,0,3.5,9,0.353,8.65,0.35,8.706,4,158
2023,SF,11.0,12,1.0,0,8.147,0,3.0,13,10.176,12.91,0.09,8.647,4,207
2023,TB,6.0,9,3.0,0,8.647,1,-3.0,8,-2.647,7.16,0.84,8.118,3,87
2023,TEN,7.5,6,-1.5,0,8.441,1,-2.0,7,-3.588,6.65,0.35,7.471,2,111
2023,WAS,6.5,4,-2.5,0,8.853,0,0.5,8,-1.294,7.83,0.17,9.0,3,34
2024,ARI,7.0,8,1.0,0,8.559,1,-0.5,4,-7.353,5.41,-1.41,8.294,4,193
2024,ATL,9.5,8,-1.5,1,7.588,1,-1.5,7,-3.059,7.0,0.0,7.706,4,226
2024,BAL,10.5,12,1.5,0,8.647,0,3.0,13,11.941,13.34,-0.34,9.118,4,224
2024,BUF,10.0,13,3.0,0,8.706,0,0.5,11,8.235,12.02,-1.02,8.765,3,168
2024,CAR,5.5,5,-0.5,1,8.294,1,-5.5,2,-10.588,3.52,-1.52,7.941,2,3
2024,CHI,8.5,5,-3.5,0,8.118,1,-0.5,7,-1.118,7.98,-0.98,7.941,4,170
2024,CIN,10.5,9,-1.5,0,8.029,1,-2.0,9,-1.059,8.02,0.98,8.529,3,187
2024,CLE,8.5,3,-5.5,0,8.824,0,2.0,11,2.0,9.4,1.6,9.294,3,143
2024,DAL,10.0,7,-3.0,0,8.588,0,2.0,12,11.412,12.87,-0.87,8.588,2,179
2024,DEN,5.5,10,4.5,0,8.647,1,-0.5,8,-3.294,7.05,0.95,8.412,0,0
2024,DET,10.5,15,4.5,0,8.529,0,2.5,12,3.882,10.04,1.96,8.647,4,237
2024,GB,10.0,11,1.0,0,8.618,0,1.5,9,1.941,9.4,-0.4,8.941,3,102
2024,HOU,9.5,10,0.5,0,8.735,0,3.5,10,1.412,9.16,0.84,8.941,4,249
2024,IND,8.5,8,-0.5,0,8.147,0,2.5,9,-1.118,8.03,0.97,8.353,3,211
2024,JAX,8.5,4,-4.5,0,8.471,1,-0.5,9,0.353,8.66,0.34,8.706,3,114
2024,KC,11.5,15,3.5,0,8.265,1,-0.5,11,4.529,10.79,0.21,8.529,6,245
2024,LAC,9.0,11,2.0,1,7.794,1,-4.5,5,-3.059,7.1,-2.1,8.118,2,88
2024,LAR,8.5,10,1.5,0,8.588,0,3.5,10,1.588,9.2,0.8,8.588,4,282
2024,LV,6.5,4,-2.5,1,8.618,0,1.5,8,0.059,8.53,-0.53,8.706,2,72
2024,MIA,10.0,8,-2.0,0,8.265,0,1.5,11,6.176,10.83,0.17,8.294,5,316
2024,MIN,6.5,14,7.5,0,8.882,1,-1.5,7,-1.059,7.99,-0.99,8.529,2,122
2024,NE,4.5,4,-0.5,1,9.088,1,-3.5,4,-7.647,4.44,-0.44,8.706,1,23
2024,NO,7.5,5,-2.5,0,8.118,1,-0.5,9,4.412,10.54,-1.54,7.706,3,106
2024,NYG,6.5,3,-3.5,0,8.471,1,-1.5,6,-8.294,4.55,1.45,8.765,2,50
2024,NYJ,9.5,5,-4.5,0,8.029,1,-2.5,7,-5.118,5.77,1.23,8.588,3,236
2024,PHI,10.5,14,3.5,0,8.265,1,-0.5,11,0.294,8.62,2.38,8.353,4,299
2024,PIT,8.0,10,2.0,0,8.971,0,1.0,10,-1.176,7.86,2.14,9.059,4,89
2024,SEA,7.5,10,2.5,1,8.529,0.5,0.0,9,-2.235,7.5,1.5,8.294,3,155
2024,SF,11.5,6,-5.5,0,8.5,0,1.0,12,11.353,13.01,-1.01,8.588,4,212
2024,TB,7.5,10,2.5,0,8.441,0,3.0,9,1.353,9.19,-0.19,8.118,4,186
2024,TEN,6.5,3,-3.5,1,8.735,1,-1.5,6,-3.647,6.67,-0.67,8.353,3,72
2024,WAS,6.5,12,5.5,1,8.441,1,-2.5,4,-11.118,4.32,-0.32,8.529,2,91
2025,ARI,8.5,3,-5.5,0,8.5,0,1.0,8,1.235,9.04,-1.04,7.765,4,208
2025,ATL,8.5,8,-0.5,0,8.206,1,-1.5,8,-2.0,7.66,0.34,8.118,3,176
2025,BAL,11.5,8,-3.5,0,8.794,0,1.5,12,9.235,11.93,0.07,9.059,4,224
2025,BUF,12.5,12,-0.5,0,8.265,0,3.0,13,9.235,11.88,1.12,7.941,2,164
2025,CAR,6.5,8,1.5,0,8.382,1,-0.5,5,-11.353,4.36,0.64,7.765,3,103
2025,CHI,8.5,11,2.5,1,8.853,1,-3.5,5,-3.529,6.74,-1.74,9.706,4,130
2025,CIN,9.5,6,-3.5,0,8.735,1,-1.5,9,2.235,9.34,-0.34,8.647,4,323
2025,CLE,4.5,5,0.5,0,9.206,1,-5.5,3,-10.412,3.82,-0.82,8.824,1,18
2025,DAL,7.5,7,-0.5,1,8.853,1,-3.0,7,-6.941,5.68,1.32,9.471,3,185
2025,DEN,9.5,14,4.5,0,8.618,0,4.5,10,6.706,11.51,-1.51,8.588,3,150
2025,DET,10.5,9,-1.5,0,9.147,0,4.5,15,13.059,13.02,1.98,9.706,6,317
2025,GB,10.5,9,-1.5,0,8.794,0,1.0,11,7.176,11.47,-0.47,9.471,3,147
2025,HOU,9.5,12,2.5,0,8.853,0,0.5,10,0.0,8.5,1.5,8.176,2,124
2025,IND,7.5,8,0.5,0,8.559,1,-0.5,8,-2.941,7.25,0.75,7.882,1,88
2025,JAX,7.5,13,5.5,1,8.441,1,-4.5,4,-6.765,5.54,-1.54,7.941,3,131
2025,KC,11.5,6,-5.5,0,8.853,0,3.5,15,3.471,10.15,4.85,8.882,4,162
2025,LAC,9.5,11,1.5,0,8.559,0,2.0,11,5.941,11.31,-0.31,8.882,3,178
2025,LAR,9.5,12,2.5,0,8.735,0,1.5,10,-1.118,7.99,2.01,8.353,4,230
2025,LV,6.5,3,-3.5,1,8.676,1,-2.5,4,-7.353,5.25,-1.25,8.529,3,154
2025,MIA,7.5,7,-0.5,0,8.5,1,-2.0,8,-1.118,7.96,0.04,8.059,4,173
2025,MIN,9.5,9,-0.5,0,9.029,0,7.5,14,5.882,11.07,2.93,9.471,5,181
2025,NE,8.5,14,5.5,1,7.912,1,-0.5,4,-7.529,5.02,-1.02,7.294,2,101
2025,NO,4.5,6,1.5,1,8.324,1,-2.5,5,-3.529,6.87,-1.87,7.118,2,54
2025,NYG,5.5,5,-0.5,0,9.206,1,-3.5,3,-8.353,4.6,-1.6,9.765,2,90
2025,NYJ,6.5,3,-3.5,1,8.5,1,-4.5,5,-3.882,6.73,-1.73,7.824,3,133
2025,PHI,11.5,11,-0.5,0,8.971,0,3.5,14,9.412,12.44,1.56,9.529,4,293
2025,PIT,8.5,10,1.5,0,8.853,0,2.0,10,1.941,9.41,0.59,8.941,3,70
2025,SEA,8.5,14,5.5,0,8.5,0,2.5,10,0.412,8.69,1.31,8.059,3,89
2025,SF,10.5,12,1.5,0,7.735,1,-5.5,6,-2.765,7.36,-1.36,7.059,4,216
2025,TB,9.5,8,-1.5,0,8.382,0,2.5,10,6.882,11.09,-1.09,8.176,3,223
2025,TEN,6.5,3,-3.5,0,8.265,1,-3.5,3,-8.765,4.82,-1.82,7.647,2,55
2025,WAS,9.5,5,-4.5,0,8.794,0,5.5,12,5.529,10.62,1.38,9.353,3,160
