year,team,win_total_line,over_odds,under_odds,actual_wins,result,games,points_for,points_against,point_diff,avg_point_diff,pyth_win_pct,pyth_wins,n_games,sos_actual_wins,sos_pyth_wins,sos_this_year_line,next_actual_wins,next_pyth_wins,next_win_total_line,sos_next_yr_line,win_change,pyth_win_change,schedule_delta_actual,schedule_delta_pyth,luck
2015,ARI,8.5,120,-140,13,Over,16,489,313,176,11.0,0.7422,11.88,16,7.625,7.63375,8.438,7,9.35,10.0,8.0,-6,-2.530000000000001,0.375,0.36624999999999996,1.1199999999999992
2016,ARI,10.0,-170,150,7,Under,16,418,362,56,3.5,0.5844,9.35,16,7.3125,7.40375,8.0,8,6.12,8.5,7.844,1,-3.2299999999999995,0.5315000000000003,0.4402500000000007,-2.3499999999999996
2017,ARI,8.5,-160,140,8,Under,16,295,361,-66,-4.125,0.3826,6.12,16,7.8125,8.1125,7.844,3,2.9,6.0,8.5,-5,-3.22,0.6875,0.3874999999999993,1.88
2018,ARI,6.0,-130,110,3,Under,16,225,425,-200,-12.5,0.1813,2.9,16,8.375,8.351875,8.5,5,6.12,5.0,8.375,2,3.22,0.0,0.023125000000000284,0.10000000000000009
2019,ARI,5.0,-120,100,5,Push,16,361,442,-81,-5.062,0.3823,6.12,16,8.4375,8.24375,8.375,8,9.04,7.5,8.188,3,2.919999999999999,-0.2494999999999994,-0.055749999999999744,-1.12
2020,ARI,7.5,-110,-110,8,Over,16,410,367,43,2.688,0.5653,9.04,16,7.5625,7.748125,8.188,11,10.52,8.5,8.735,3,1.4800000000000004,1.1724999999999994,0.9868749999999995,-1.0399999999999991
2021,ARI,8.5,-110,-110,11,Over,17,449,366,83,4.882,0.6188,10.52,17,8.294117647058824,8.456470588235293,8.735,4,5.8,8.5,8.853,-7,-4.72,0.5588823529411755,0.3965294117647069,0.4800000000000004
2022,ARI,8.5,110,-130,4,Under,17,340,449,-109,-6.412,0.341,5.8,17,9.0,8.82,8.853,4,5.41,4.5,8.824,0,-0.3899999999999997,-0.17600000000000016,0.0039999999999995595,-1.7999999999999998
2023,ARI,4.5,140,-160,4,Under,17,330,455,-125,-7.353,0.3184,5.41,17,9.529411764705882,8.972941176470588,8.824,8,9.04,7.0,8.559,4,3.629999999999999,-0.970411764705883,-0.4139411764705887,-1.4100000000000001
2024,ARI,7.0,-130,110,8,Over,17,400,379,21,1.235,0.5319,9.04,17,9.117647058823529,8.721176470588235,8.559,3,5.44,8.5,8.5,-5,-3.5999999999999988,-0.617647058823529,-0.22117647058823486,-1.0399999999999991
2015,ATL,8.5,-110,-110,8,Under,16,339,345,-6,-0.375,0.4896,7.83,16,7.6875,7.32,7.75,11,10.61,7.0,8.375,3,2.7799999999999994,0.6875,1.0549999999999997,0.16999999999999993
2016,ATL,7.0,-130,110,11,Over,16,540,406,134,8.375,0.6628,10.61,16,7.625,7.900625,8.375,10,9.07,9.5,8.281,-1,-1.5399999999999991,0.6560000000000006,0.3803750000000008,0.39000000000000057
2017,ATL,9.5,-110,-110,10,Over,16,353,315,38,2.375,0.5671,9.07,16,8.6875,8.29125,8.281,7,7.8,9.5,8.125,-3,-1.2700000000000005,-0.5625,-0.1662499999999998,0.9299999999999997
2018,ATL,9.5,-120,100,7,Under,16,414,423,-9,-0.562,0.4873,7.8,16,7.625,7.79,8.125,7,7.56,8.5,8.344,0,-0.2400000000000002,0.7189999999999994,0.5539999999999994,-0.7999999999999998
2019,ATL,8.5,-140,120,7,Under,16,381,399,-18,-1.125,0.4727,7.56,16,8.6875,8.31125,8.344,4,7.58,7.5,8.594,-3,0.020000000000000462,-0.09350000000000058,0.28275000000000006,-0.5599999999999996
2020,ATL,7.5,100,-120,4,Under,16,396,414,-18,-1.125,0.4737,7.58,16,8.8125,8.423125,8.594,7,4.89,7.5,8.559,3,-2.6900000000000004,-0.2535000000000007,0.13587499999999864,-3.58
2021,ATL,7.5,-120,100,7,Under,17,313,459,-146,-8.588,0.2875,4.89,17,8.0,8.357058823529412,8.559,7,7.94,4.5,8.618,0,3.0500000000000007,0.6180000000000003,0.26094117647058823,2.1100000000000003
2022,ATL,4.5,-140,120,7,Over,17,365,386,-21,-1.235,0.4669,7.94,17,7.882352941176471,8.03,8.618,7,7.0,8.5,7.618,0,-0.9400000000000004,-0.2643529411764707,-0.41199999999999903,-0.9400000000000004
2023,ATL,8.5,-155,135,7,Under,17,321,373,-52,-3.059,0.412,7.0,17,7.294117647058823,7.642941176470589,7.618,8,7.66,9.5,7.588,1,0.6600000000000001,0.2938823529411767,-0.054941176470588715,0.0
2024,ATL,9.5,-130,110,8,Under,17,389,423,-34,-2.0,0.4505,7.66,17,8.823529411764707,8.551176470588235,7.588,8,7.23,8.5,8.206,0,-0.4299999999999997,-0.617529411764707,-0.3451764705882354,0.33999999999999986
2015,BAL,9.0,-140,120,5,Under,16,328,401,-73,-4.562,0.3831,6.13,16,8.125,8.285625,7.938,8,8.63,8.5,8.094,3,2.500000000000001,-0.031000000000000583,-0.19162500000000016,-1.13
2016,BAL,8.5,-110,-110,8,Under,16,343,321,22,1.375,0.5392,8.63,16,7.875,8.01125,8.094,9,10.43,8.5,7.969,1,1.799999999999999,0.0940000000000003,-0.04225000000000012,-0.6300000000000008
2017,BAL,8.5,130,-150,9,Over,16,395,303,92,5.75,0.6521,10.43,16,7.0625,7.0893749999999995,7.969,10,10.76,8.5,7.938,1,0.33000000000000007,0.8754999999999997,0.8486250000000002,-1.4299999999999997
2018,BAL,8.5,-120,100,10,Over,16,389,287,102,6.375,0.6728,10.76,16,7.8125,7.79375,7.938,14,13.08,8.5,8.188,4,2.3200000000000003,0.3755000000000006,0.39425000000000043,-0.7599999999999998
2019,BAL,8.5,110,-130,14,Over,16,531,282,249,15.562,0.8176,13.08,16,7.875,7.703125,8.188,11,11.79,11.5,8.031,-3,-1.290000000000001,0.15600000000000058,0.3278750000000006,0.9199999999999999
2020,BAL,11.5,120,-140,11,Under,16,468,303,165,10.312,0.737,11.79,16,7.8125,7.516875,8.031,8,8.37,10.5,8.794,-3,-3.42,0.9815000000000005,1.2771250000000007,-0.7899999999999991
2021,BAL,10.5,-130,110,8,Under,17,387,392,-5,-0.294,0.4924,8.37,17,8.941176470588236,8.542941176470588,8.794,10,9.56,10.5,8.206,2,1.1900000000000013,-0.735176470588236,-0.33694117647058874,-0.3699999999999992
2022,BAL,10.5,110,-130,10,Under,17,350,315,35,2.059,0.5621,9.56,17,8.529411764705882,8.479411764705883,8.206,13,13.34,10.0,8.676,3,3.7799999999999994,0.1465882352941179,0.19658823529411684,0.4399999999999995
2023,BAL,10.0,-130,110,13,Over,17,483,280,203,11.941,0.7845,13.34,17,9.235294117647058,8.598235294117647,8.676,12,11.93,10.5,8.647,-1,-1.4100000000000001,-0.5882941176470577,0.04876470588235371,-0.33999999999999986
2024,BAL,10.5,100,-120,12,Over,17,518,361,157,9.235,0.7018,11.93,17,9.0,8.715882352941176,8.647,8,9.14,11.5,8.794,-4,-2.789999999999999,-0.20599999999999952,0.07811764705882496,0.07000000000000028
2015,BUF,8.5,130,-150,8,Under,16,379,359,20,1.25,0.5321,8.51,16,8.125,8.191875,8.406,7,8.51,8.0,8.344,-1,0.0,0.21899999999999942,0.15212499999999984,-0.5099999999999998
2016,BUF,8.0,130,-150,7,Under,16,399,378,21,1.312,0.532,8.51,16,7.625,7.56375,8.344,9,6.38,6.5,8.219,2,-2.13,0.5939999999999994,0.6552499999999997,-1.5099999999999998
2017,BUF,6.5,130,-150,9,Over,16,302,359,-57,-3.562,0.399,6.38,16,7.875,7.686875000000001,8.219,6,5.03,5.5,8.312,-3,-1.3499999999999996,0.4369999999999994,0.6251249999999988,2.62
2018,BUF,5.5,120,-140,6,Over,16,269,374,-105,-6.562,0.3141,5.03,16,8.3125,8.281875,8.312,10,9.79,7.0,7.875,4,4.759999999999999,-0.4375,-0.40687499999999943,0.9699999999999998
2019,BUF,7.0,-140,120,10,Over,16,314,259,55,3.438,0.6122,9.79,16,7.375,7.62875,7.875,13,10.64,9.0,8.219,3,0.8500000000000014,0.8439999999999994,0.5902499999999993,0.21000000000000085
2020,BUF,9.0,-120,100,13,Over,16,501,375,126,7.875,0.6652,10.64,16,8.1875,7.86375,8.219,11,13.12,11.5,8.441,-2,2.4799999999999986,0.2535000000000007,0.5772500000000012,2.3599999999999994
2021,BUF,11.5,-110,-110,11,Under,17,483,289,194,11.412,0.7716,13.12,17,8.0,7.801764705882353,8.441,13,12.01,12.0,8.406,2,-1.1099999999999994,0.4060000000000006,0.6042352941176476,-2.119999999999999
2022,BUF,12.0,-110,-110,13,Over,16,455,286,169,10.562,0.7503,12.01,16,8.3125,8.17875,8.406,11,12.02,10.5,8.882,-2,0.009999999999999787,0.5694999999999997,0.7032499999999988,0.9900000000000002
2023,BUF,10.5,-140,120,11,Over,17,451,311,140,8.235,0.707,12.02,17,8.0,7.751764705882353,8.882,13,11.88,10.0,8.706,2,-0.1399999999999988,0.7059999999999995,0.9542352941176464,-1.0199999999999996
2024,BUF,10.0,-110,-110,13,Over,17,525,368,157,9.235,0.6989,11.88,17,7.9411764705882355,7.86529411764706,8.706,12,11.18,12.5,8.265,-1,-0.7000000000000011,0.32382352941176507,0.3997058823529409,1.1199999999999992
2015,CAR,8.5,150,-170,15,Over,16,500,308,192,12.0,0.7592,12.15,16,7.0625,7.238125,8.219,6,7.19,10.5,7.875,-9,-4.96,0.8125,0.6368749999999999,2.8499999999999996
2016,CAR,10.5,120,-140,6,Under,16,369,402,-33,-2.062,0.4494,7.19,16,8.1875,8.261875,7.875,11,8.99,9.0,7.938,5,1.7999999999999998,-0.24950000000000028,-0.32387500000000014,-1.1900000000000004
2017,CAR,9.0,-120,100,11,Over,16,363,327,36,2.25,0.5616,8.99,16,8.625,8.358125,7.938,7,7.85,8.5,8.188,-4,-1.1400000000000006,-0.4369999999999994,-0.17012499999999875,2.01
2018,CAR,8.5,110,-130,7,Under,16,376,382,-6,-0.375,0.4906,7.85,16,8.0625,8.199375,8.188,5,5.07,8.0,8.156,-2,-2.7799999999999994,0.09350000000000058,-0.043374999999999275,-0.8499999999999996
2019,CAR,8.0,-130,110,5,Under,16,340,470,-130,-8.125,0.317,5.07,16,8.75,8.249375,8.156,5,6.7,5.5,8.406,0,1.63,-0.3439999999999994,0.15662500000000001,-0.07000000000000028
2020,CAR,5.5,-140,120,5,Under,16,350,402,-52,-3.25,0.4187,6.7,16,8.5,8.59,8.406,5,5.74,7.5,8.559,0,-0.96,0.058999999999999275,-0.031000000000000583,-1.7000000000000002
2021,CAR,7.5,100,-120,5,Under,17,304,404,-100,-5.882,0.3376,5.74,17,8.647058823529411,8.531176470588235,8.559,7,7.75,6.5,8.382,2,2.01,-0.26505882352941157,-0.1491764705882357,-0.7400000000000002
2022,CAR,6.5,-130,110,7,Over,17,347,374,-27,-1.588,0.4557,7.75,17,8.0,8.173529411764706,8.382,2,3.52,7.5,8.206,-5,-4.23,0.20599999999999952,0.03247058823529336,-0.75
2023,CAR,7.5,115,-135,2,Under,17,236,416,-180,-10.588,0.2069,3.52,17,8.882352941176471,8.975882352941177,8.206,5,4.36,5.5,8.294,3,0.8400000000000003,-0.5883529411764705,-0.6818823529411766,-1.52
2024,CAR,5.5,-130,110,5,Under,17,341,534,-193,-11.353,0.2567,4.36,17,8.470588235294118,8.701176470588235,8.294,8,6.52,6.5,8.382,3,2.1599999999999993,-0.08858823529411808,-0.3191764705882356,0.6399999999999997
2015,CHI,6.5,100,-120,6,Under,16,335,397,-62,-3.875,0.4007,6.41,16,8.75,8.37125,8.281,3,4.8,7.5,7.906,-3,-1.6100000000000003,-0.8440000000000003,-0.46525000000000016,-0.41000000000000014
2016,CHI,7.5,145,-165,3,Under,16,279,399,-120,-7.5,0.2999,4.8,16,8.3125,8.015625,7.906,5,6.21,5.5,8.344,2,1.4100000000000001,0.03149999999999942,0.3283749999999994,-1.7999999999999998
2017,CHI,5.5,105,-125,5,Under,16,264,320,-56,-3.5,0.388,6.21,16,8.9375,8.641875,8.344,12,11.51,7.5,8.094,7,5.3,-0.8435000000000006,-0.5478750000000012,-1.21
2018,CHI,7.5,115,-135,12,Over,16,421,283,138,8.625,0.7194,11.51,16,6.75,7.199999999999999,8.094,8,7.41,9.0,8.406,-4,-4.1,1.6560000000000006,1.2060000000000013,0.4900000000000002
2019,CHI,9.0,-140,120,8,Under,16,280,298,-18,-1.125,0.4632,7.41,16,8.0625,8.278125,8.406,8,8.05,8.0,7.938,0,0.6400000000000006,-0.12450000000000028,-0.34012499999999957,0.5899999999999999
2020,CHI,8.0,115,-135,8,Push,16,372,370,2,0.125,0.5032,8.05,16,7.8125,7.983125,7.938,6,5.88,7.5,8.794,-2,-2.170000000000001,0.9815000000000005,0.8108750000000002,-0.05000000000000071
2021,CHI,7.5,120,-140,6,Under,17,311,407,-96,-5.647,0.3458,5.88,17,8.823529411764707,8.538823529411765,8.794,3,5.16,5.5,8.382,-3,-0.7199999999999998,-0.44152941176470684,-0.15682352941176525,0.1200000000000001
2022,CHI,5.5,-130,100,3,Under,17,326,463,-137,-8.059,0.3033,5.16,17,9.588235294117647,9.081176470588234,8.382,7,7.98,7.5,8.147,4,2.8200000000000003,-1.4412352941176465,-0.934176470588234,-2.16
2023,CHI,7.5,-140,120,7,Under,17,360,379,-19,-1.118,0.4696,7.98,17,7.882352941176471,8.100588235294119,8.147,5,6.74,8.5,8.118,-2,-1.2400000000000002,0.23564705882352932,0.017411764705881794,-0.9800000000000004
2024,CHI,8.5,-165,145,5,Under,17,310,370,-60,-3.529,0.3967,6.74,17,9.411764705882353,8.841764705882353,8.118,11,9.11,8.5,8.853,6,2.369999999999999,-0.5587647058823535,0.011235294117646788,-1.7400000000000002
2015,CIN,8.5,100,-120,12,Over,16,419,279,140,8.75,0.7239,11.58,16,7.625,7.916875,8.156,6,8.3,9.5,8.094,-6,-3.2799999999999994,0.4689999999999994,0.1771249999999993,0.41999999999999993
2016,CIN,9.5,100,-120,6,Under,16,325,315,10,0.625,0.5185,8.3,16,8.3125,8.111875,8.094,7,6.27,8.5,7.844,1,-2.030000000000001,-0.4684999999999997,-0.2678749999999992,-2.3000000000000007
2017,CIN,8.5,120,-140,7,Under,16,290,349,-59,-3.688,0.392,6.27,16,7.4375,7.661875,7.844,6,6.03,7.0,8.156,-1,-0.23999999999999932,0.7185000000000006,0.49412500000000037,0.7300000000000004
2018,CIN,7.0,-135,115,6,Under,16,368,455,-87,-5.438,0.3768,6.03,16,8.4375,8.51625,8.156,2,4.4,6.0,8.188,-4,-1.63,-0.2494999999999994,-0.3282499999999988,-0.03000000000000025
2019,CIN,6.0,130,-150,2,Under,16,279,420,-141,-8.812,0.275,4.4,16,8.8125,8.260625,8.188,4,5.19,5.5,8.375,2,0.79,-0.4375,0.11437500000000078,-2.4000000000000004
2020,CIN,5.5,-150,130,4,Under,16,311,424,-113,-7.062,0.3242,5.19,16,8.4375,8.27875,8.375,10,10.49,6.5,8.941,6,5.3,0.5035000000000007,0.6622500000000002,-1.1900000000000004
2021,CIN,6.5,-110,-110,10,Over,17,460,376,84,4.941,0.6172,10.49,17,7.9411764705882355,7.630000000000001,8.941,12,10.4,9.5,8.469,2,-0.08999999999999986,0.5278235294117639,0.8389999999999986,-0.4900000000000002
2022,CIN,9.5,-130,110,12,Over,16,418,322,96,6.0,0.6499,10.4,16,8.625,8.4625,8.469,9,8.02,11.0,8.676,-3,-2.380000000000001,0.051000000000000156,0.2134999999999998,1.5999999999999996
2023,CIN,11.0,100,-120,9,Under,17,366,384,-18,-1.059,0.4716,8.02,17,9.764705882352942,9.390588235294118,8.676,9,9.34,10.5,8.029,0,1.3200000000000003,-1.735705882352942,-1.3615882352941178,0.9800000000000004
2024,CIN,10.5,100,-120,9,Under,17,472,434,38,2.235,0.5496,9.34,17,8.117647058823529,8.00470588235294,8.029,6,6.79,9.5,8.735,-3,-2.55,0.6173529411764704,0.730294117647059,-0.33999999999999986
2015,CLE,6.5,155,-175,3,Under,16,278,432,-154,-9.625,0.2602,4.16,16,8.5,8.691875,8.156,1,3.5,4.5,8.406,-2,-0.6600000000000001,-0.09399999999999942,-0.285874999999999,-1.1600000000000001
2016,CLE,4.5,-150,130,1,Under,16,264,452,-188,-11.75,0.2185,3.5,16,8.6875,8.725,8.406,0,3.35,4.5,8.125,-1,-0.1499999999999999,-0.5625,-0.5999999999999996,-2.5
2017,CLE,4.5,-180,150,0,Under,16,234,410,-176,-11.0,0.2093,3.35,16,8.3125,8.296875,8.125,7,7.17,6.0,8.312,7,3.82,-0.0005000000000006111,0.015124999999999389,-3.35
2018,CLE,6.0,100,-120,7,Over,16,359,392,-33,-2.062,0.4481,7.17,16,8.1875,8.3925,8.312,6,6.5,9.0,7.875,-1,-0.6699999999999999,-0.3125,-0.5175000000000001,-0.16999999999999993
2019,CLE,9.0,100,-120,6,Under,16,335,393,-58,-3.625,0.4065,6.5,16,8.5,8.370625,7.875,11,7.75,8.5,8.0,5,1.25,-0.5,-0.3706250000000004,-0.5
2020,CLE,8.5,-110,-110,11,Over,16,408,419,-11,-0.688,0.4842,7.75,16,7.125,7.541875,8.0,8,7.89,10.5,8.412,-3,0.13999999999999968,1.2870000000000008,0.8701250000000007,3.25
2021,CLE,10.5,-120,100,8,Under,17,349,371,-22,-1.294,0.4638,7.89,17,8.647058823529411,8.5,8.412,7,7.96,8.0,8.441,-1,0.07000000000000028,-0.20605882352941052,-0.058999999999999275,0.11000000000000032
2022,CLE,8.0,-120,100,7,Under,17,361,381,-20,-1.176,0.4681,7.96,17,8.764705882352942,8.485294117647058,8.441,11,9.4,9.0,8.618,4,1.4400000000000004,-0.14670588235294169,0.13270588235294234,-0.96
2023,CLE,9.0,-140,120,11,Over,17,396,362,34,2.0,0.553,9.4,17,9.117647058823529,8.64,8.618,3,3.82,8.5,8.824,-8,-5.58,-0.29364705882352915,0.18399999999999928,1.5999999999999996
2024,CLE,8.5,-145,125,3,Under,17,258,435,-177,-10.412,0.2248,3.82,17,9.117647058823529,9.01705882352941,8.824,5,5.54,4.5,9.206,2,1.7200000000000002,0.08835294117647052,0.18894117647058906,-0.8199999999999998
2015,DAL,9.5,110,-130,4,Under,16,275,374,-99,-6.188,0.3255,5.21,16,8.5,8.40125,8.562,13,10.89,8.5,7.75,9,5.680000000000001,-0.75,-0.6512499999999992,-1.21
2016,DAL,8.5,110,-130,13,Over,16,421,306,115,7.188,0.6805,10.89,16,7.4375,7.774375,7.75,9,8.61,9.5,8.375,-4,-2.280000000000001,0.9375,0.600625,2.1099999999999994
2017,DAL,9.5,120,-140,9,Under,16,354,332,22,1.375,0.5379,8.61,16,7.9375,7.844375,8.375,10,8.43,8.5,8.188,1,-0.17999999999999972,0.2505000000000006,0.3436250000000003,0.39000000000000057
2018,DAL,8.5,120,-140,10,Over,16,339,324,15,0.938,0.5268,8.43,16,7.8125,7.934375,8.188,8,10.74,9.0,8.062,-2,2.3100000000000005,0.2494999999999994,0.1276249999999992,1.5700000000000003
2019,DAL,9.0,-110,-110,8,Under,16,434,321,113,7.062,0.6715,10.74,16,7.625,7.600625,8.062,6,6.32,10.0,8.094,-2,-4.42,0.4689999999999994,0.49337499999999945,-2.74
2020,DAL,10.0,-110,-110,6,Under,16,395,473,-78,-4.875,0.3948,6.32,16,7.4375,7.905625,8.094,12,12.19,9.0,8.559,6,5.869999999999999,1.1214999999999993,0.6533749999999996,-0.3200000000000003
2021,DAL,9.0,-120,100,12,Over,17,530,358,172,10.118,0.717,12.19,17,8.294117647058824,8.192352941176472,8.559,12,11.5,10.0,8.382,0,-0.6899999999999995,0.08788235294117541,0.18964705882352817,-0.1899999999999995
2022,DAL,10.0,120,-140,12,Over,17,467,342,125,7.353,0.6766,11.5,17,8.411764705882353,8.058823529411764,8.382,12,12.87,10.0,8.559,0,1.3699999999999992,0.14723529411764602,0.5001764705882348,0.5
2023,DAL,10.0,-130,110,12,Over,17,509,315,194,11.412,0.7572,12.87,17,7.588235294117647,7.283529411764706,8.559,7,5.68,10.0,8.588,-5,-7.1899999999999995,0.9997647058823524,1.3044705882352936,-0.8699999999999992
2024,DAL,10.0,115,-135,7,Under,17,350,468,-118,-6.941,0.3344,5.68,17,8.882352941176471,8.745882352941177,8.588,7,7.68,7.5,8.853,0,2.0,-0.029352941176471248,0.1071176470588231,1.3200000000000003
2015,DEN,10.0,-140,120,12,Over,16,355,296,59,3.688,0.6061,9.7,16,8.0,8.158125,8.219,9,9.08,9.5,8.281,-3,-0.6199999999999992,0.2810000000000006,0.12287500000000051,2.3000000000000007
2016,DEN,9.5,130,-150,9,Under,16,333,297,36,2.25,0.5674,9.08,16,8.75,8.536875,8.281,5,5.45,8.0,8.281,-4,-3.63,-0.4689999999999994,-0.25587499999999963,-0.08000000000000007
2017,DEN,8.0,100,-120,5,Under,16,289,382,-93,-5.812,0.3405,5.45,16,7.875,7.70875,8.281,6,7.44,7.0,8.094,1,1.9900000000000002,0.21899999999999942,0.3852499999999992,-0.4500000000000002
2018,DEN,7.0,-180,150,6,Under,16,329,349,-20,-1.25,0.4651,7.44,16,8.3125,8.046875,8.094,7,6.93,7.0,8.406,1,-0.5100000000000007,0.09350000000000058,0.3591250000000006,-1.4400000000000004
2019,DEN,7.0,-130,110,7,Push,16,282,316,-34,-2.125,0.433,6.93,16,8.125,8.118125000000001,8.406,5,5.08,7.5,8.469,-2,-1.8499999999999996,0.3439999999999994,0.3508749999999985,0.07000000000000028
2020,DEN,7.5,-130,110,5,Under,16,323,446,-123,-7.688,0.3176,5.08,16,9.0625,8.483125,8.469,7,8.9,9.0,8.412,2,3.8200000000000003,-0.6504999999999992,-0.07112499999999855,-0.08000000000000007
2021,DEN,9.0,100,-120,7,Under,17,335,322,13,0.765,0.5234,8.9,17,8.176470588235293,7.7841176470588245,8.412,5,6.3,10.0,8.588,-2,-2.6000000000000005,0.4115294117647057,0.8038823529411747,-1.9000000000000004
2022,DEN,10.0,110,-130,5,Under,17,287,359,-72,-4.235,0.3704,6.3,17,8.117647058823529,8.301176470588235,8.588,8,7.05,8.5,8.647,3,0.75,0.5293529411764712,0.3458235294117653,-1.2999999999999998
2023,DEN,8.5,110,-130,8,Under,17,357,413,-56,-3.294,0.4145,7.05,17,8.294117647058824,8.481764705882354,8.647,10,11.51,5.5,8.647,2,4.46,0.352882352941176,0.1652352941176467,0.9500000000000002
2024,DEN,5.5,-170,150,10,Over,17,425,311,114,6.706,0.677,11.51,17,8.529411764705882,8.268823529411764,8.647,14,10.99,9.5,8.618,4,-0.5199999999999996,0.08858823529411808,0.34917647058823675,-1.5099999999999998
2015,DET,8.5,130,-150,7,Under,16,358,400,-42,-2.625,0.4346,6.95,16,8.5625,8.2375,8.438,9,7.68,7.0,8.094,2,0.7299999999999995,-0.4685000000000006,-0.1435000000000013,0.04999999999999982
2016,DET,7.0,-150,130,9,Over,16,346,358,-12,-0.75,0.4798,7.68,16,7.5625,7.64625,8.094,9,8.82,7.5,8.344,0,1.1400000000000006,0.7814999999999994,0.6977499999999992,1.3200000000000003
2017,DET,7.5,120,-140,9,Over,16,410,376,34,2.125,0.5511,8.82,16,7.9375,7.7993749999999995,8.344,6,7.01,7.5,8.312,-3,-1.8100000000000005,0.3744999999999994,0.5126249999999999,0.17999999999999972
2018,DET,7.5,-110,-110,6,Under,16,324,360,-36,-2.25,0.4379,7.01,16,7.9375,7.9375,8.312,3,6.0,6.5,8.125,-3,-1.0099999999999998,0.1875,0.1875,-1.0099999999999998
2019,DET,6.5,-150,130,3,Under,16,341,423,-82,-5.125,0.375,6.0,16,8.0625,8.13375,8.125,5,5.11,7.0,7.906,2,-0.8899999999999997,-0.1565000000000003,-0.22774999999999945,-3.0
2020,DET,7.0,-130,110,5,Under,16,377,519,-142,-8.875,0.3192,5.11,16,8.125,8.43375,7.906,3,5.06,4.5,8.941,-2,-0.05000000000000071,0.8160000000000007,0.5072500000000009,-0.11000000000000032
2021,DET,4.5,-130,110,3,Under,17,325,467,-142,-8.353,0.2975,5.06,17,8.941176470588236,8.674117647058823,8.941,9,9.09,6.5,8.235,6,4.03,-0.7061764705882361,-0.43911764705882383,-2.0599999999999996
2022,DET,6.5,-150,130,9,Over,17,453,427,26,1.529,0.535,9.09,17,9.0,8.649411764705881,8.235,12,10.04,9.5,8.441,3,0.9499999999999993,-0.5589999999999993,-0.20841176470588074,-0.08999999999999986
2023,DET,9.5,-120,100,12,Over,17,461,395,66,3.882,0.5905,10.04,17,8.176470588235293,8.715882352941176,8.441,15,13.02,10.5,8.529,3,2.9800000000000004,0.3525294117647064,-0.1868823529411756,1.9600000000000009
2024,DET,10.5,-130,110,15,Over,17,564,342,222,13.059,0.7659,13.02,17,8.764705882352942,8.611764705882353,8.529,9,10.02,10.5,9.147,-6,-3.0,0.38229411764705823,0.5352352941176477,1.9800000000000004
2015,GB,11.0,140,-160,10,Under,16,368,323,45,2.812,0.5767,9.23,16,8.5,8.205625,8.094,10,9.01,10.5,7.844,0,-0.22000000000000064,-0.6559999999999997,-0.3616249999999992,0.7699999999999996
2016,GB,10.5,-170,150,10,Under,16,432,388,44,2.75,0.5633,9.01,16,8.0625,8.028125,7.844,7,6.3,10.5,8.125,-3,-2.71,0.0625,0.09687500000000071,0.9900000000000002
2017,GB,10.5,120,-140,7,Under,16,320,384,-64,-4.0,0.3936,6.3,16,8.625,8.57375,8.125,6,7.41,10.0,7.969,-1,1.1100000000000003,-0.6559999999999997,-0.6047500000000001,0.7000000000000002
2018,GB,10.0,-120,100,6,Under,16,376,400,-24,-1.5,0.4634,7.41,16,7.75,7.71625,7.969,13,9.71,9.0,8.094,7,2.3000000000000007,0.3439999999999994,0.3777499999999998,-1.4100000000000001
2019,GB,9.0,-140,120,13,Over,16,376,313,63,3.938,0.607,9.71,16,7.1875,7.829375,8.094,13,10.91,8.5,8.188,0,1.1999999999999993,1.0005000000000006,0.35862500000000086,3.289999999999999
2020,GB,8.5,-120,100,13,Over,16,509,369,140,8.75,0.6819,10.91,16,6.8125,7.48125,8.188,13,10.41,10.5,8.647,0,-0.5,1.8345000000000002,1.16575,2.09
2021,GB,10.5,-130,110,13,Over,17,450,371,79,4.647,0.6124,10.41,17,8.058823529411764,8.208235294117646,8.647,8,8.47,11.0,8.412,-5,-1.9399999999999995,0.3531764705882363,0.20376470588235485,2.59
2022,GB,11.0,-130,110,8,Under,17,370,371,-1,-0.059,0.4984,8.47,17,8.823529411764707,8.356470588235295,8.412,9,9.4,7.5,8.324,1,0.9299999999999997,-0.49952941176470667,-0.03247058823529514,-0.47000000000000064
2023,GB,7.5,-145,125,9,Over,17,383,350,33,1.941,0.5532,9.4,17,8.058823529411764,8.079411764705881,8.324,11,11.47,10.0,8.618,2,2.0700000000000003,0.5591764705882358,0.5385882352941191,-0.40000000000000036
2024,GB,10.0,100,-120,11,Over,17,460,338,122,7.176,0.6749,11.47,17,9.058823529411764,8.712941176470588,8.618,9,9.33,10.5,8.794,-2,-2.1400000000000006,-0.264823529411764,0.0810588235294123,-0.47000000000000064
2015,HOU,8.5,100,-120,9,Over,16,339,313,26,1.625,0.5471,8.75,16,7.9375,7.86625,7.938,9,6.48,8.5,8.312,0,-2.2699999999999996,0.3744999999999994,0.4457499999999994,0.25
2016,HOU,8.5,-120,100,9,Over,16,279,328,-49,-3.062,0.4053,6.48,16,8.0,8.21625,8.312,4,5.66,8.5,8.156,-5,-0.8200000000000003,0.15600000000000058,-0.060249999999999915,2.5199999999999996
2017,HOU,8.5,100,-120,4,Under,16,338,436,-98,-6.125,0.3536,5.66,16,8.25,8.26625,8.156,11,10.22,8.5,7.75,7,4.5600000000000005,-0.5,-0.5162499999999994,-1.6600000000000001
2018,HOU,8.5,-140,120,11,Over,16,402,316,86,5.375,0.6389,10.22,16,7.5,7.41375,7.75,10,7.83,8.5,8.375,-1,-2.3900000000000006,0.875,0.9612499999999997,0.7799999999999994
2019,HOU,8.5,-115,-105,10,Over,16,378,385,-7,-0.438,0.4891,7.83,16,8.3125,8.43375,8.375,4,6.24,7.5,8.312,-6,-1.5899999999999999,-0.0005000000000006111,-0.12175000000000047,2.17
2020,HOU,7.5,105,-125,4,Under,16,384,464,-80,-5.0,0.3897,6.24,16,8.625,8.139375,8.312,4,4.14,4.0,8.971,0,-2.1000000000000005,0.3460000000000001,0.8316250000000007,-2.24
2021,HOU,4.0,110,-130,4,Push,17,280,452,-172,-10.118,0.2432,4.14,17,8.470588235294118,8.728235294117647,8.971,3,4.96,4.5,8.676,-1,0.8200000000000003,0.2054117647058824,-0.05223529411764716,-0.13999999999999968
2022,HOU,4.5,-120,100,3,Under,17,289,420,-131,-7.706,0.2919,4.96,17,8.058823529411764,8.115882352941176,8.676,10,9.16,6.5,8.235,7,4.2,0.17617647058823493,0.11911764705882355,-1.96
2023,HOU,6.5,130,-150,10,Over,17,377,353,24,1.412,0.5389,9.16,17,8.058823529411764,7.871764705882352,8.235,10,8.5,9.5,8.735,0,-0.6600000000000001,0.6761764705882349,0.8632352941176471,0.8399999999999999
2024,HOU,9.5,-140,120,10,Over,17,372,372,0,0.0,0.5,8.5,17,8.176470588235293,8.051176470588235,8.735,12,11.53,9.5,8.853,2,3.0299999999999994,0.6765294117647063,0.8018235294117648,1.5
2015,IND,10.5,-160,140,8,Under,16,333,408,-75,-4.688,0.3819,6.11,16,8.0,8.04625,7.781,8,8.45,9.0,8.156,0,2.339999999999999,0.15600000000000058,0.10975000000000001,1.8899999999999997
2016,IND,9.0,120,-140,8,Under,16,411,392,19,1.188,0.528,8.45,16,7.875,7.554375,8.156,4,4.25,8.0,7.781,-4,-4.199999999999999,-0.0940000000000003,0.2266249999999994,-0.4499999999999993
2017,IND,8.0,130,-150,4,Under,16,263,404,-141,-8.812,0.2655,4.25,16,7.6875,7.826875,7.781,10,10.13,7.5,7.969,6,5.880000000000001,0.2815000000000003,0.14212500000000006,-0.25
2018,IND,7.5,110,-130,10,Over,16,433,344,89,5.562,0.6331,10.13,16,7.4375,7.133125,7.969,7,7.69,7.5,8.125,-3,-2.4400000000000004,0.6875,0.9918750000000003,-0.13000000000000078
2019,IND,7.5,-110,-110,7,Under,16,361,373,-12,-0.75,0.4806,7.69,16,7.875,7.534375,8.125,11,10.04,9.5,7.656,4,2.3499999999999988,-0.2190000000000003,0.12162499999999987,-0.6900000000000004
2020,IND,9.5,-110,-110,11,Over,16,451,362,89,5.562,0.6274,10.04,16,7.0625,7.184375,7.656,9,10.59,9.0,8.529,-2,0.5500000000000007,1.4665,1.3446249999999997,0.9600000000000009
2021,IND,9.0,-120,100,9,Push,17,451,365,86,5.059,0.6228,10.59,17,8.411764705882353,8.253529411764706,8.529,4,4.83,10.0,8.206,-5,-5.76,-0.20576470588235374,-0.04752941176470671,-1.5899999999999999
2022,IND,10.0,-120,100,4,Under,17,289,427,-138,-8.118,0.2839,4.83,17,8.588235294117647,8.318235294117647,8.206,9,8.03,6.5,8.118,5,3.1999999999999993,-0.4702352941176464,-0.20023529411764684,-0.8300000000000001
2023,IND,6.5,-120,100,9,Over,17,396,415,-19,-1.118,0.4723,8.03,17,8.352941176470589,8.236470588235294,8.118,8,7.25,8.5,8.147,-1,-0.7799999999999994,-0.20594117647058852,-0.08947058823529375,0.9700000000000006
2024,IND,8.5,115,-135,8,Under,17,377,427,-50,-2.941,0.4267,7.25,17,7.764705882352941,8.066470588235294,8.147,8,9.73,7.5,8.559,0,2.4800000000000004,0.7942941176470582,0.4925294117647052,0.75
2015,JAX,5.5,-120,100,5,Under,16,376,448,-72,-4.5,0.3977,6.36,16,7.5625,7.504375,8.312,3,5.88,7.5,8.219,-2,-0.4800000000000004,0.6564999999999994,0.7146249999999998,-1.3600000000000003
2016,JAX,7.5,-125,105,3,Under,16,318,400,-82,-5.125,0.3673,5.88,16,8.4375,8.050625,8.219,10,11.85,6.5,7.75,7,5.97,-0.6875,-0.30062500000000014,-2.88
2017,JAX,6.5,-125,105,10,Over,16,417,268,149,9.312,0.7403,11.85,16,6.9375,7.146875,7.75,5,5.66,9.0,8.062,-5,-6.1899999999999995,1.1244999999999994,0.9151249999999997,-1.8499999999999996
2018,JAX,9.0,-130,110,5,Under,16,245,316,-71,-4.438,0.3536,5.66,16,8.75,8.339375,8.062,6,5.44,8.0,8.031,1,-0.21999999999999975,-0.7189999999999994,-0.30837499999999984,-0.6600000000000001
2019,JAX,8.0,-110,-110,6,Under,16,300,397,-97,-6.062,0.3398,5.44,16,7.75,7.7250000000000005,8.031,1,3.92,4.5,8.281,-5,-1.5200000000000005,0.5310000000000006,0.556,0.5599999999999996
2020,JAX,4.5,-110,-110,1,Under,16,306,492,-186,-11.625,0.245,3.92,16,8.75,8.36625,8.281,3,3.36,6.5,8.412,2,-0.56,-0.3379999999999992,0.04574999999999996,-2.92
2021,JAX,6.5,110,-130,3,Under,17,253,457,-204,-12.0,0.1976,3.36,17,8.705882352941176,8.92764705882353,8.412,9,9.93,6.5,8.441,6,6.57,-0.264882352941175,-0.48664705882352877,-0.3599999999999999
2022,JAX,6.5,-120,100,9,Over,17,404,350,54,3.176,0.5842,9.93,17,7.764705882352941,7.820588235294117,8.441,9,8.66,9.5,8.5,0,-1.2699999999999996,0.7352941176470589,0.6794117647058826,-0.9299999999999997
2023,JAX,9.5,-140,120,9,Under,17,377,371,6,0.353,0.5095,8.66,17,9.058823529411764,8.965294117647058,8.5,4,5.54,8.5,8.471,-5,-3.12,-0.5878235294117644,-0.49429411764705833,0.33999999999999986
2024,JAX,8.5,-110,-110,4,Under,17,320,435,-115,-6.765,0.3257,5.54,17,8.117647058823529,8.031764705882352,8.471,13,11.79,7.5,8.441,9,6.249999999999999,0.32335294117647173,0.40923529411764825,-1.54
2015,KC,8.5,-150,130,11,Over,16,405,287,118,7.375,0.6934,11.1,16,7.9375,7.9643749999999995,8.156,12,10.07,9.5,8.188,1,-1.0299999999999994,0.2505000000000006,0.22362500000000107,-0.09999999999999964
2016,KC,9.5,-140,120,12,Over,16,389,311,78,4.875,0.6296,10.07,16,8.125,7.9975000000000005,8.188,10,9.88,9.0,8.312,-2,-0.1899999999999995,0.1869999999999994,0.3144999999999989,1.9299999999999997
2017,KC,9.0,-120,100,10,Over,16,415,339,76,4.75,0.6176,9.88,16,7.625,7.5093749999999995,8.312,12,10.68,8.5,8.25,2,0.7999999999999989,0.625,0.7406250000000005,0.11999999999999922
2018,KC,8.5,115,-135,12,Over,16,565,421,144,9.0,0.6676,10.68,16,7.625,7.685,8.25,12,11.39,10.5,8.219,0,0.7100000000000009,0.5939999999999994,0.5339999999999998,1.3200000000000003
2019,KC,10.5,-130,110,12,Over,16,451,308,143,8.938,0.7117,11.39,16,8.125,8.174375,8.219,14,10.45,11.5,8.031,2,-0.9400000000000013,-0.09399999999999942,-0.14337499999999892,0.6099999999999994
2020,KC,11.5,-120,100,14,Over,16,473,362,111,6.938,0.6534,10.45,16,7.4375,7.708125,8.031,12,11.19,12.5,8.853,-2,0.7400000000000002,1.4154999999999998,1.1448749999999999,3.5500000000000007
2021,KC,12.5,105,-125,12,Under,17,480,364,116,6.824,0.6583,11.19,17,9.117647058823529,8.762352941176472,8.853,14,11.36,10.5,9.118,2,0.16999999999999993,0.00035294117647133305,0.35564705882352854,0.8100000000000005
2022,KC,10.5,-150,130,14,Over,17,496,369,127,7.471,0.6684,11.36,17,7.588235294117647,7.9658823529411755,9.118,11,10.79,11.5,8.882,-3,-0.5700000000000003,1.293764705882353,0.9161176470588241,2.6400000000000006
2023,KC,11.5,-120,100,11,Under,17,371,294,77,4.529,0.6344,10.79,17,8.176470588235293,8.184117647058823,8.882,15,10.15,11.5,8.265,4,-0.6399999999999988,0.08852941176470708,0.08088235294117752,0.21000000000000085
2024,KC,11.5,-110,-110,15,Over,17,385,326,59,3.471,0.5973,10.15,17,8.294117647058824,8.727058823529413,8.265,6,9.49,11.5,8.853,-9,-0.6600000000000001,0.5588823529411755,0.12594117647058667,4.85
2015,LAC,8.0,-160,140,4,Under,16,320,398,-78,-4.875,0.3736,5.98,16,8.4375,8.291875,8.062,5,7.7,7.0,8.062,1,1.7199999999999998,-0.3755000000000006,-0.22987499999999983,-1.9800000000000004
2016,LAC,7.0,-185,165,5,Under,16,410,423,-13,-0.812,0.4815,7.7,16,8.6875,8.089375,8.062,9,10.44,7.5,8.0,4,2.7399999999999993,-0.6875,-0.08937500000000043,-2.7
2017,LAC,7.5,-160,140,9,Over,16,355,272,83,5.188,0.6528,10.44,16,7.3125,7.3775,8.0,12,10.42,9.5,7.719,3,-0.019999999999999574,0.4065000000000003,0.3414999999999999,-1.4399999999999995
2018,LAC,9.5,-130,110,12,Over,16,428,329,99,6.188,0.651,10.42,16,7.5625,7.524375,7.719,5,7.78,10.0,7.906,-7,-2.6399999999999997,0.3434999999999997,0.38162499999999966,1.58
2019,LAC,10.0,120,-140,5,Under,16,337,345,-8,-0.5,0.4861,7.78,16,8.1875,7.70875,7.906,7,7.02,8.0,7.906,2,-0.7600000000000007,-0.2815000000000003,0.19724999999999948,-2.7800000000000002
2020,LAC,8.0,-105,-115,7,Under,16,384,426,-42,-2.625,0.4388,7.02,16,7.6875,7.579375,7.906,9,8.82,9.5,8.676,2,1.8000000000000007,0.9885000000000002,1.0966250000000004,-0.019999999999999574
2021,LAC,9.5,-110,-110,9,Under,17,474,459,15,0.882,0.519,8.82,17,8.647058823529411,8.531764705882352,8.676,10,8.68,10.5,8.471,1,-0.14000000000000057,-0.17605882352941116,-0.06076470588235239,0.17999999999999972
2022,LAC,10.5,100,-120,10,Under,17,391,384,7,0.412,0.5107,8.68,17,7.470588235294118,7.974117647058824,8.471,5,7.1,9.5,8.853,-5,-1.58,1.382411764705882,0.8788823529411758,1.3200000000000003
2023,LAC,9.5,-130,110,5,Under,17,346,398,-52,-3.059,0.4178,7.1,17,9.0,9.064117647058824,8.853,11,11.31,9.0,7.794,6,4.210000000000001,-1.2060000000000004,-1.2701176470588242,-2.0999999999999996
2024,LAC,9.0,115,-135,11,Over,17,402,301,101,5.941,0.665,11.31,17,7.9411764705882355,8.069411764705883,7.794,11,9.29,9.5,8.559,0,-2.0200000000000014,0.6178235294117638,0.4895882352941161,-0.3100000000000005
2015,LAR,7.5,-110,-110,7,Under,16,280,330,-50,-3.125,0.4039,6.46,16,8.4375,8.3775,8.156,4,3.32,7.5,8.281,-3,-3.14,-0.15649999999999942,-0.09649999999999892,0.54
2016,LAR,7.5,175,-200,4,Under,16,224,394,-170,-10.625,0.2078,3.32,16,7.9375,8.131874999999999,8.281,11,11.33,6.0,8.188,7,8.01,0.2505000000000006,0.056125000000001535,0.6800000000000002
2017,LAR,6.0,140,-160,11,Over,16,478,329,149,9.312,0.7079,11.33,16,8.0625,7.895,8.188,13,10.87,10.0,8.219,2,-0.46000000000000085,0.15649999999999942,0.32399999999999984,-0.33000000000000007
2018,LAR,10.0,-130,110,13,Over,16,527,384,143,8.938,0.6792,10.87,16,7.625,7.74,8.219,9,8.75,10.5,8.031,-4,-2.119999999999999,0.4060000000000006,0.29100000000000037,2.130000000000001
2019,LAR,10.5,125,-145,9,Under,16,394,364,30,1.875,0.5468,8.75,16,8.5,8.334375,8.031,10,10.12,8.5,8.375,1,1.3699999999999992,-0.125,0.040625000000000355,0.25
2020,LAR,8.5,110,-130,10,Over,16,372,296,76,4.75,0.6322,10.12,16,7.875,8.0625,8.375,12,10.59,10.5,8.647,2,0.47000000000000064,0.7720000000000002,0.5845000000000002,-0.11999999999999922
2021,LAR,10.5,100,-120,12,Over,17,460,372,88,5.176,0.6232,10.59,17,8.176470588235293,8.371176470588235,8.647,5,6.3,10.5,8.912,-7,-4.29,0.7355294117647073,0.5408235294117656,1.4100000000000001
2022,LAR,10.5,100,-120,5,Under,17,307,384,-77,-4.529,0.3704,6.3,17,8.764705882352942,8.933529411764706,8.912,10,9.2,6.5,8.647,5,2.8999999999999995,-0.11770588235294177,-0.2865294117647057,-1.2999999999999998
2023,LAR,6.5,110,-130,10,Over,17,404,377,27,1.588,0.5409,9.2,17,9.0,8.75235294117647,8.647,10,7.99,8.5,8.588,0,-1.209999999999999,-0.4120000000000008,-0.16435294117647103,0.8000000000000007
2024,LAR,8.5,-170,150,10,Over,17,367,386,-19,-1.118,0.4701,7.99,17,8.588235294117647,8.742941176470588,8.588,12,12.28,9.5,8.735,2,4.289999999999999,0.1467647058823527,-0.007941176470588118,2.01
2015,LV,5.5,-160,140,7,Over,16,359,399,-40,-2.5,0.4377,7.0,16,8.1875,8.324375,8.281,12,8.73,8.5,8.188,5,1.7300000000000004,0.0005000000000006111,-0.13637499999999925,0.0
2016,LV,8.5,-110,-110,12,Over,16,416,385,31,1.938,0.5458,8.73,16,8.0625,8.34,8.188,6,6.01,9.5,8.156,-6,-2.7200000000000006,0.09350000000000058,-0.18399999999999928,3.2699999999999996
2017,LV,9.5,100,-120,6,Under,16,301,373,-72,-4.5,0.3756,6.01,16,8.1875,8.095625,8.156,4,3.91,7.5,8.0,-2,-2.0999999999999996,-0.1875,-0.09562500000000007,-0.009999999999999787
2018,LV,7.5,120,-140,4,Under,16,290,467,-177,-11.062,0.2443,3.91,16,8.6875,8.469375,8.0,7,5.34,6.0,8.375,3,1.4299999999999997,-0.3125,-0.09437499999999943,0.08999999999999986
2019,LV,6.0,145,-170,7,Over,16,313,419,-106,-6.625,0.3338,5.34,16,7.6875,7.923125000000001,8.375,8,7.09,7.5,8.469,1,1.75,0.7814999999999994,0.5458749999999988,1.6600000000000001
2020,LV,7.5,115,-135,8,Over,16,434,478,-44,-2.75,0.443,7.09,16,8.625,8.113125,8.469,10,6.91,7.5,9.088,2,-0.17999999999999972,0.4629999999999992,0.974874999999999,0.9100000000000001
2021,LV,7.5,100,-120,10,Over,17,374,439,-65,-3.824,0.4062,6.91,17,8.647058823529411,8.698823529411765,9.088,6,7.93,8.5,8.912,-4,1.0199999999999996,0.26494117647058957,0.21317647058823574,3.09
2022,LV,8.5,-150,130,6,Under,17,395,418,-23,-1.353,0.4665,7.93,17,8.0,8.063529411764707,8.912,8,8.53,6.5,8.941,2,0.5999999999999996,0.9410000000000007,0.877470588235294,-1.9299999999999997
2023,LV,6.5,110,-130,8,Over,17,332,331,1,0.059,0.5018,8.53,17,8.294117647058824,8.164117647058823,8.941,4,5.25,6.5,8.618,-4,-3.2799999999999994,0.32388235294117607,0.45388235294117685,-0.5299999999999994
2024,LV,6.5,-125,105,4,Under,17,309,434,-125,-7.353,0.3089,5.25,17,9.176470588235293,8.935882352941176,8.618,3,3.41,6.5,8.676,-1,-1.8399999999999999,-0.5004705882352933,-0.259882352941176,-1.25
2015,MIA,9.0,-160,140,6,Under,16,310,389,-79,-4.938,0.3687,5.9,16,7.5,7.8575,8.344,10,7.57,7.0,8.281,4,1.67,0.7810000000000006,0.42350000000000065,0.09999999999999964
2016,MIA,7.0,120,-140,10,Over,16,363,380,-17,-1.062,0.4729,7.57,16,7.1875,7.75375,8.281,6,4.98,7.0,8.219,-4,-2.59,1.0314999999999994,0.4652499999999993,2.4299999999999997
2017,MIA,7.0,-130,110,6,Under,16,281,393,-112,-7.0,0.3111,4.98,16,8.6875,8.31875,8.219,7,5.22,6.5,7.969,1,0.23999999999999932,-0.7184999999999997,-0.34974999999999934,1.0199999999999996
2018,MIA,6.5,-140,120,7,Over,16,319,433,-114,-7.125,0.3265,5.22,16,7.4375,7.555625,7.969,5,3.89,4.5,8.344,-2,-1.3299999999999996,0.9064999999999994,0.7883749999999994,1.7800000000000002
2019,MIA,4.5,100,-120,5,Over,16,306,494,-188,-11.75,0.2432,3.89,16,7.75,8.286875,8.344,10,9.67,6.0,8.094,5,5.779999999999999,0.3439999999999994,-0.1928750000000008,1.1099999999999999
2020,MIA,6.0,-115,-105,10,Over,16,404,338,66,4.125,0.6041,9.67,16,7.4375,7.3237499999999995,8.094,9,7.6,9.0,8.471,-1,-2.0700000000000003,1.0335,1.1472500000000005,0.33000000000000007
2021,MIA,9.0,-140,120,9,Push,17,341,373,-32,-1.882,0.4471,7.6,17,7.882352941176471,8.171176470588236,8.471,9,8.45,9.0,8.529,0,0.8499999999999996,0.6466470588235289,0.357823529411764,1.4000000000000004
2022,MIA,9.0,-130,110,9,Push,17,397,399,-2,-0.118,0.497,8.45,17,9.0,8.86,8.529,11,10.83,9.5,8.912,2,2.380000000000001,-0.08799999999999919,0.05200000000000138,0.5500000000000007
2023,MIA,9.5,100,-120,11,Over,17,496,391,105,6.176,0.6373,10.83,17,7.647058823529412,7.754117647058823,8.912,8,7.96,10.0,8.265,-3,-2.87,0.6179411764705884,0.5108823529411772,0.16999999999999993
2024,MIA,10.0,100,-120,8,Under,17,345,364,-19,-1.118,0.4683,7.96,17,7.117647058823529,7.47,8.265,7,6.52,7.5,8.5,-1,-1.4400000000000004,1.382352941176471,1.0300000000000002,0.040000000000000036
2015,MIN,8.0,-150,130,11,Over,16,365,302,63,3.938,0.6104,9.77,16,8.0625,8.0125,8.375,8,8.6,8.5,8.281,-3,-1.17,0.21850000000000058,0.2685000000000013,1.2300000000000004
2016,MIN,8.5,115,-135,8,Under,16,327,307,20,1.25,0.5373,8.6,16,7.8125,7.838125,8.281,13,11.65,8.5,7.969,5,3.0500000000000007,0.1565000000000003,0.13087500000000052,-0.5999999999999996
2017,MIN,8.5,-130,110,13,Over,16,382,252,130,8.125,0.7283,11.65,16,7.875,7.943125,7.969,8,8.51,10.0,8.188,-5,-3.1400000000000006,0.3130000000000006,0.2448750000000004,1.3499999999999996
2018,MIN,10.0,-140,120,8,Under,16,360,341,19,1.188,0.5321,8.51,16,8.0,7.963125,8.188,10,10.69,9.0,8.188,2,2.1799999999999997,0.1880000000000006,0.22487500000000082,-0.5099999999999998
2019,MIN,9.0,-125,105,10,Over,16,407,303,104,6.5,0.668,10.69,16,7.5625,7.63625,8.188,7,7.06,9.0,8.094,-3,-3.63,0.5314999999999994,0.457749999999999,-0.6899999999999995
2020,MIN,9.0,110,-130,7,Under,16,430,475,-45,-2.812,0.4413,7.06,16,8.0625,8.133125,8.094,8,8.48,9.0,8.588,1,1.4200000000000008,0.5254999999999992,0.4548749999999995,-0.05999999999999961
2021,MIN,9.0,100,-120,8,Under,17,425,426,-1,-0.059,0.4986,8.48,17,8.529411764705882,8.450588235294118,8.588,13,8.43,9.5,8.412,5,-0.05000000000000071,-0.11741176470588144,-0.03858823529411737,-0.4800000000000004
2022,MIN,9.5,-110,-110,13,Over,17,424,427,-3,-0.176,0.4958,8.43,17,7.9411764705882355,8.277058823529412,8.412,7,7.99,8.5,8.824,-6,-0.4399999999999995,0.8828235294117643,0.5469411764705878,4.57
2023,MIN,8.5,-130,110,7,Under,17,344,362,-18,-1.059,0.4698,7.99,17,8.647058823529411,8.718235294117646,8.824,14,11.07,6.5,8.882,7,3.08,0.23494117647058843,0.16376470588235392,-0.9900000000000002
2024,MIN,6.5,-140,120,14,Over,17,432,332,100,5.882,0.6511,11.07,17,8.058823529411764,8.272941176470587,8.882,9,8.83,9.5,9.029,-5,-2.24,0.9701764705882354,0.756058823529413,2.9299999999999997
2015,NE,10.5,-130,110,12,Over,16,465,315,150,9.375,0.7157,11.45,16,7.5625,7.6743749999999995,8.25,14,12.69,10.5,8.156,2,1.2400000000000002,0.5935000000000006,0.4816250000000011,0.5500000000000007
2016,NE,10.5,-120,100,14,Over,16,441,250,191,11.938,0.7933,12.69,16,6.9375,7.100625,8.156,13,11.8,12.5,7.625,-1,-0.8899999999999988,0.6875,0.524375,1.3100000000000005
2017,NE,12.5,100,-120,13,Over,16,458,296,162,10.125,0.7378,11.8,16,7.75,7.36375,7.625,11,10.68,11.0,7.688,-2,-1.120000000000001,-0.06200000000000028,0.32425000000000015,1.1999999999999993
2018,NE,11.0,-120,100,11,Push,16,436,325,111,6.938,0.6674,10.68,16,7.625,7.520625,7.688,12,13.03,11.5,7.562,1,2.3499999999999996,-0.06299999999999972,0.041375000000000384,0.3200000000000003
2019,NE,11.5,-110,-110,12,Over,16,420,225,195,12.188,0.8145,13.03,16,7.5,7.37875,7.562,7,7.25,9.0,8.281,-5,-5.779999999999999,0.7810000000000006,0.9022500000000004,-1.0299999999999994
2020,NE,9.0,120,-140,7,Under,16,326,353,-27,-1.688,0.453,7.25,16,8.4375,8.18375,8.281,10,12.43,9.5,8.647,3,5.18,0.20950000000000024,0.4632500000000004,-0.25
2021,NE,9.5,-110,-110,10,Over,17,462,303,159,9.353,0.731,12.43,17,8.176470588235293,8.160588235294117,8.647,8,8.98,8.5,8.706,-2,-3.4499999999999993,0.529529411764706,0.5454117647058823,-2.4299999999999997
2022,NE,8.5,100,-120,8,Under,17,364,347,17,1.0,0.5283,8.98,17,8.411764705882353,8.32764705882353,8.706,4,4.44,7.5,9.147,-4,-4.54,0.735235294117647,0.8193529411764704,-0.9800000000000004
2023,NE,7.5,130,-150,4,Under,17,236,366,-130,-7.647,0.2612,4.44,17,8.882352941176471,8.676470588235293,9.147,4,5.02,4.5,9.088,0,0.5799999999999992,0.20564705882352818,0.4115294117647057,-0.4400000000000004
2024,NE,4.5,-110,-110,4,Under,17,289,417,-128,-7.529,0.2955,5.02,17,8.0,8.218823529411765,9.088,14,12.46,8.5,7.912,10,7.440000000000001,-0.08800000000000008,-0.3068235294117647,-1.0199999999999996
2015,NO,8.5,-130,110,7,Under,16,408,476,-68,-4.25,0.4097,6.55,16,8.0625,7.80625,7.906,7,8.31,7.0,8.281,0,1.7600000000000007,0.21850000000000058,0.4747500000000002,0.4500000000000002
2016,NO,7.0,-140,120,7,Push,16,469,454,15,0.938,0.5193,8.31,16,8.3125,8.09625,8.281,11,10.88,8.0,8.062,4,2.5700000000000003,-0.2505000000000006,-0.034250000000000114,-1.3100000000000005
2017,NO,8.0,100,-120,11,Over,16,448,326,122,7.625,0.6799,10.88,16,8.5625,8.103125,8.062,13,11.19,9.5,8.375,2,0.3099999999999987,-0.1875,0.27187499999999964,0.11999999999999922
2018,NO,9.5,-140,120,13,Over,16,504,353,151,9.438,0.6993,11.19,16,7.625,7.9331249999999995,8.375,13,10.69,10.5,8.031,0,-0.5,0.4060000000000006,0.09787500000000104,1.8100000000000005
2019,NO,10.5,130,-150,13,Over,16,458,341,117,7.312,0.668,10.69,16,7.75,7.836875,8.031,12,11.2,10.5,8.25,-1,0.5099999999999998,0.5,0.41312499999999996,2.3100000000000005
2020,NO,10.5,120,-140,12,Over,16,482,337,145,9.062,0.7002,11.2,16,7.3125,7.8,8.25,9,9.33,9.0,8.853,-3,-1.8699999999999992,1.5404999999999998,1.053,0.8000000000000007
2021,NO,9.0,130,-150,9,Push,17,364,335,29,1.706,0.549,9.33,17,8.705882352941176,8.504117647058823,8.853,7,8.05,9.0,8.353,-2,-1.2799999999999994,-0.352882352941176,-0.15111764705882358,-0.33000000000000007
2022,NO,9.0,100,-120,7,Under,17,330,345,-15,-0.882,0.4737,8.05,17,8.588235294117647,8.389411764705883,8.353,9,10.54,9.5,7.559,2,2.4899999999999984,-1.0292352941176466,-0.8304117647058833,-1.0500000000000007
2023,NO,9.5,-110,-110,9,Under,17,402,327,75,4.412,0.62,10.54,17,7.352941176470588,7.38470588235294,7.559,5,6.87,7.5,8.118,-4,-3.669999999999999,0.7650588235294125,0.73329411764706,-1.5399999999999991
2024,NO,7.5,-110,-110,5,Under,17,338,398,-60,-3.529,0.4044,6.87,17,8.588235294117647,8.297647058823529,8.118,6,6.29,4.5,8.324,1,-0.5800000000000001,-0.2642352941176469,0.026352941176471134,-1.87
2015,NYG,8.0,150,-170,6,Under,16,420,442,-22,-1.375,0.4698,7.52,16,8.0,7.654375,8.281,11,8.83,8.5,7.875,5,1.3100000000000005,-0.125,0.22062500000000007,-1.5199999999999996
2016,NYG,8.5,100,-120,11,Over,16,310,284,26,1.625,0.5517,8.83,16,7.6875,8.0225,7.875,3,4.06,9.0,8.188,-8,-4.7700000000000005,0.5005000000000006,0.16549999999999976,2.17
2017,NYG,9.0,-130,110,3,Under,16,246,388,-142,-8.875,0.2535,4.06,16,8.5,8.426875,8.188,5,6.96,7.0,8.438,2,2.9000000000000004,-0.06199999999999939,0.01112499999999983,-1.0599999999999996
2018,NYG,7.0,-140,120,5,Under,16,369,412,-43,-2.688,0.4351,6.96,16,8.4375,8.13875,8.438,4,5.44,6.0,7.844,-1,-1.5199999999999996,-0.5934999999999997,-0.2947499999999996,-1.96
2019,NYG,6.0,105,-125,4,Under,16,341,451,-110,-6.875,0.3402,5.44,16,7.5,7.9425,7.844,6,5.76,6.5,8.594,2,0.3199999999999994,1.0939999999999994,0.6514999999999995,-1.4400000000000004
2020,NYG,6.5,120,-140,6,Under,16,280,357,-77,-4.812,0.3599,5.76,16,7.9375,8.248125,8.594,4,4.14,7.0,8.794,-2,-1.62,0.8565000000000005,0.5458750000000006,0.2400000000000002
2021,NYG,7.0,100,-120,4,Under,17,258,416,-158,-9.294,0.2438,4.14,17,9.117647058823529,8.706470588235293,8.794,9,8.34,7.0,8.235,5,4.2,-0.8826470588235296,-0.4714705882352934,-0.13999999999999968
2022,NYG,7.0,120,-140,9,Over,17,365,371,-6,-0.353,0.4903,8.34,17,8.823529411764707,8.554117647058824,8.235,6,4.55,7.5,8.676,-3,-3.79,-0.14752941176470635,0.12188235294117611,0.6600000000000001
2023,NYG,7.5,-120,100,6,Under,17,266,407,-141,-8.294,0.2674,4.55,17,8.705882352941176,8.721764705882352,8.676,3,4.6,6.5,8.471,-3,0.04999999999999982,-0.23488235294117565,-0.2507647058823519,1.4500000000000002
2024,NYG,6.5,130,-150,3,Under,17,273,415,-142,-8.353,0.2704,4.6,17,9.411764705882353,8.762941176470589,8.471,5,7.09,5.5,9.206,2,2.49,-0.20576470588235374,0.4430588235294106,-1.5999999999999996
2015,NYJ,7.5,110,-130,10,Over,16,387,314,73,4.562,0.6214,9.94,16,7.0625,7.293125,8.219,5,4.49,8.0,8.5,-5,-5.449999999999999,1.4375,1.2068750000000001,0.0600000000000005
2016,NYJ,8.0,150,-170,5,Under,16,275,409,-134,-8.375,0.2807,4.49,16,8.1875,8.310625,8.5,5,5.71,3.5,8.25,0,1.2199999999999998,0.0625,-0.06062499999999993,0.5099999999999998
2017,NYJ,3.5,125,-145,5,Over,16,298,382,-84,-5.25,0.357,5.71,16,8.3125,8.063125,8.25,4,5.43,6.0,7.938,-1,-0.28000000000000025,-0.3745000000000003,-0.1251249999999997,-0.71
2018,NYJ,6.0,110,-130,4,Under,16,333,441,-108,-6.75,0.3395,5.43,16,8.0,7.82125,7.938,7,5.59,7.5,7.75,3,0.16000000000000014,-0.25,-0.07125000000000004,-1.4299999999999997
2019,NYJ,7.5,-110,-110,7,Under,16,276,359,-83,-5.188,0.3491,5.59,16,7.5625,7.78125,7.75,2,2.93,6.5,8.531,-5,-2.6599999999999997,0.9685000000000006,0.7497500000000006,1.4100000000000001
2020,NYJ,6.5,120,-140,2,Under,16,243,457,-214,-13.375,0.1829,2.93,16,9.5,8.70875,8.531,4,4.08,6.0,8.647,2,1.15,-0.8529999999999998,-0.06174999999999997,-0.9300000000000002
2021,NYJ,6.0,110,-130,4,Under,17,310,504,-194,-11.412,0.2402,4.08,17,8.705882352941176,9.167058823529413,8.647,7,7.84,5.5,8.765,3,3.76,0.05911764705882483,-0.402058823529412,-0.08000000000000007
2022,NYJ,5.5,-120,100,7,Over,17,296,316,-20,-1.176,0.4613,7.84,17,9.058823529411764,8.833529411764706,8.765,7,5.77,9.5,8.853,0,-2.0700000000000003,-0.20582352941176474,0.019470588235293462,-0.8399999999999999
2023,NYJ,9.5,-125,105,7,Under,17,268,355,-87,-5.118,0.3393,5.77,17,8.529411764705882,8.468823529411765,8.853,5,6.73,9.5,8.029,-2,0.9600000000000009,-0.5004117647058823,-0.4398235294117647,1.2300000000000004
2024,NYJ,9.5,-140,120,5,Under,17,338,404,-66,-3.882,0.3959,6.73,17,8.411764705882353,8.288235294117648,8.029,3,3.86,6.5,8.5,-2,-2.8700000000000006,0.08823529411764675,0.2117647058823522,-1.7300000000000004
2015,PHI,10.0,-130,110,7,Under,16,377,430,-53,-3.312,0.4227,6.76,16,8.125,8.075625,8.188,7,8.97,6.5,8.312,0,2.210000000000001,0.1869999999999994,0.2363749999999989,0.2400000000000002
2016,PHI,6.5,130,-150,7,Over,16,367,331,36,2.25,0.5609,8.97,16,8.8125,8.553125,8.312,13,11.81,8.5,8.156,6,2.84,-0.6564999999999994,-0.39712499999999906,-1.9700000000000006
2017,PHI,8.5,-120,100,13,Over,16,457,295,162,10.125,0.7383,11.81,16,7.375,7.43375,8.156,9,8.5,10.5,8.25,-4,-3.3100000000000005,0.875,0.8162500000000001,1.1899999999999995
2018,PHI,10.5,130,-150,9,Under,16,367,348,19,1.188,0.5315,8.5,16,8.25,8.076875,8.25,9,8.79,10.0,7.719,0,0.28999999999999915,-0.5309999999999997,-0.35787499999999905,0.5
2019,PHI,10.0,-150,130,9,Under,16,385,354,31,1.938,0.5496,8.79,16,7.25,7.6125,7.719,4,5.92,9.5,8.312,-5,-2.869999999999999,1.0619999999999994,0.6994999999999996,0.21000000000000085
2020,PHI,9.5,130,-150,4,Under,16,334,418,-84,-5.25,0.3701,5.92,16,8.5625,8.4225,8.312,9,9.92,6.5,8.5,5,4.0,-0.0625,0.07750000000000057,-1.92
2021,PHI,6.5,-150,130,9,Over,17,444,385,59,3.471,0.5837,9.92,17,7.9411764705882355,7.739999999999999,8.5,14,11.64,10.0,8.029,5,1.7200000000000006,0.08782352941176441,0.2890000000000006,-0.9199999999999999
2022,PHI,10.0,110,-130,14,Over,17,477,344,133,7.824,0.6845,11.64,17,7.882352941176471,7.885294117647059,8.029,11,8.62,11.5,8.353,-3,-3.0200000000000014,0.47064705882352875,0.4677058823529405,2.3599999999999994
2023,PHI,11.5,105,-125,11,Under,17,433,428,5,0.294,0.5069,8.62,17,8.176470588235293,8.213529411764705,8.353,14,12.44,10.5,8.265,3,3.8200000000000003,0.08852941176470708,0.05147058823529527,2.380000000000001
2024,PHI,10.5,-150,130,14,Over,17,463,303,160,9.412,0.732,12.44,17,7.705882352941177,7.722352941176471,8.265,11,10.03,11.5,8.971,-3,-2.41,1.2651176470588235,1.2486470588235292,1.5600000000000005
2015,PIT,8.5,-110,-110,10,Over,16,423,319,104,6.5,0.6612,10.58,16,8.0625,8.060625,8.406,11,9.85,10.5,8.0,1,-0.7300000000000004,-0.0625,-0.06062499999999993,-0.5800000000000001
2016,PIT,10.5,110,-130,11,Over,16,399,327,72,4.5,0.6158,9.85,16,7.8125,8.103125,8.0,13,10.53,10.5,8.031,2,0.6799999999999997,0.21850000000000058,-0.07212499999999977,1.1500000000000004
2017,PIT,10.5,-150,130,13,Over,16,406,308,98,6.125,0.6581,10.53,16,7.25,7.745,8.031,9,9.62,10.5,8.094,-4,-0.9100000000000001,0.8439999999999994,0.3489999999999993,2.4700000000000006
2018,PIT,10.5,125,-145,9,Under,16,428,360,68,4.25,0.6011,9.62,16,8.0,8.129375,8.094,8,7.55,9.5,7.969,-1,-2.0699999999999994,-0.030999999999999694,-0.16037499999999927,-0.6199999999999992
2019,PIT,9.5,-110,-110,8,Under,16,289,303,-14,-0.875,0.472,7.55,16,8.0,8.16,7.969,12,10.63,9.5,8.031,4,3.080000000000001,0.031000000000000583,-0.12899999999999956,0.4500000000000002
2020,PIT,9.5,100,-120,12,Over,16,416,312,104,6.5,0.6641,10.63,16,7.5,7.538125,8.031,9,7.02,8.5,9.147,-3,-3.610000000000001,1.6470000000000002,1.6088750000000003,1.3699999999999992
2021,PIT,8.5,110,-130,9,Over,17,343,398,-55,-3.235,0.4128,7.02,17,8.823529411764707,8.92470588235294,9.147,9,7.34,7.5,8.853,0,0.3200000000000003,0.02947058823529325,-0.07170588235294062,1.9800000000000004
2022,PIT,7.5,-125,105,9,Over,17,308,346,-38,-2.235,0.4315,7.34,17,8.705882352941176,8.73058823529412,8.853,10,7.86,9.0,8.382,1,0.5200000000000005,-0.32388235294117607,-0.34858823529411964,1.6600000000000001
2023,PIT,9.0,100,-120,10,Over,17,304,324,-20,-1.176,0.4623,7.86,17,9.176470588235293,8.913529411764706,8.382,10,9.41,8.0,8.971,0,1.5499999999999998,-0.2054705882352934,0.05747058823529372,2.1399999999999997
2024,PIT,8.0,-140,120,10,Over,17,380,347,33,1.941,0.5536,9.41,17,8.529411764705882,8.434117647058823,8.971,10,8.76,8.5,8.853,0,-0.6500000000000004,0.3235882352941175,0.4188823529411767,0.5899999999999999
2015,SEA,11.0,-120,100,10,Under,16,423,277,146,9.125,0.7317,11.71,16,8.3125,7.908125,8.094,10,9.79,10.5,8.0,0,-1.9200000000000017,-0.3125,0.09187499999999993,-1.7100000000000009
2016,SEA,10.5,-145,125,10,Under,16,354,292,62,3.875,0.6121,9.79,16,7.0,7.415,8.0,9,8.92,10.5,7.844,-1,-0.8699999999999992,0.8440000000000003,0.42900000000000027,0.21000000000000085
2017,SEA,10.5,-130,110,9,Under,16,366,332,34,2.125,0.5575,8.92,16,7.875,7.74875,7.844,10,9.95,7.5,8.344,1,1.0299999999999994,0.4689999999999994,0.5952499999999992,0.08000000000000007
2018,SEA,7.5,100,-120,10,Over,16,428,347,81,5.062,0.6218,9.95,16,7.6875,7.641875,8.344,11,8.17,9.0,8.281,1,-1.7799999999999994,0.5935000000000006,0.6391250000000008,0.05000000000000071
2019,SEA,9.0,100,-120,11,Over,16,405,398,7,0.438,0.5103,8.17,16,8.4375,8.49,8.281,12,9.98,9.5,8.188,1,1.8100000000000005,-0.2494999999999994,-0.3019999999999996,2.83
2020,SEA,9.5,100,-120,12,Over,16,459,371,88,5.5,0.6235,9.98,16,7.125,7.8075,8.188,7,9.27,9.5,8.559,-5,-0.7100000000000009,1.4339999999999993,0.7514999999999992,2.0199999999999996
2021,SEA,9.5,-150,130,7,Under,17,395,366,29,1.706,0.5451,9.27,17,8.764705882352942,8.397647058823528,8.559,9,8.65,5.5,8.676,2,-0.6199999999999992,-0.08870588235294186,0.2783529411764718,-2.2699999999999996
2022,SEA,5.5,-125,105,9,Over,17,407,401,6,0.353,0.5088,8.65,17,7.823529411764706,8.262352941176472,8.676,9,7.5,9.0,8.412,0,-1.1500000000000004,0.5884705882352952,0.14964705882352902,0.34999999999999964
2023,SEA,9.0,100,-120,9,Push,17,364,402,-38,-2.235,0.4414,7.5,17,8.705882352941176,8.49705882352941,8.412,10,8.69,7.5,8.529,1,1.1899999999999995,-0.17688235294117582,0.03194117647058903,1.5
2024,SEA,7.5,-160,140,10,Over,17,375,368,7,0.412,0.5112,8.69,17,8.470588235294118,8.614117647058823,8.529,14,13.04,8.5,8.5,4,4.35,0.02941176470588225,-0.11411764705882277,1.3100000000000005
2015,SF,6.5,155,-175,5,Under,16,238,387,-149,-9.312,0.2401,3.84,16,8.625,8.76625,8.562,2,4.17,5.5,8.562,-3,0.33000000000000007,-0.06300000000000061,-0.20425000000000004,1.1600000000000001
2016,SF,5.5,110,-130,2,Under,16,309,480,-171,-10.688,0.2604,4.17,16,7.9375,7.974375,8.562,6,6.63,5.0,8.188,4,2.46,0.2505000000000006,0.2136250000000004,-2.17
2017,SF,5.0,100,-120,6,Over,16,331,383,-52,-3.25,0.4144,6.63,16,8.1875,8.024375,8.188,4,5.78,8.5,8.0,-2,-0.8499999999999996,-0.1875,-0.024374999999999147,-0.6299999999999999
2018,SF,8.5,130,-150,4,Under,16,342,435,-93,-5.812,0.3612,5.78,16,8.0,7.988125,8.0,13,11.79,8.0,8.156,9,6.009999999999999,0.15600000000000058,0.16787500000000044,-1.7800000000000002
2019,SF,8.0,-140,120,13,Over,16,479,310,169,10.562,0.7372,11.79,16,8.0,7.664375,8.156,6,7.65,10.5,8.219,-7,-4.139999999999999,0.21899999999999942,0.5546249999999997,1.2100000000000009
2020,SF,10.5,120,-140,6,Under,16,376,390,-14,-0.875,0.4784,7.65,16,8.75,8.565625,8.219,10,10.06,10.5,8.118,4,2.41,-0.6319999999999997,-0.4476250000000004,-1.6500000000000004
2021,SF,10.5,100,-120,10,Under,17,427,365,62,3.647,0.5919,10.06,17,8.470588235294118,8.48,8.118,13,12.91,10.0,8.324,3,2.8499999999999996,-0.1465882352941179,-0.15600000000000058,-0.0600000000000005
2022,SF,10.0,-110,-110,13,Over,17,450,277,173,10.176,0.7595,12.91,17,7.0588235294117645,7.535882352941178,8.324,12,13.01,11.0,8.147,-1,0.09999999999999964,1.0881764705882357,0.6111176470588227,0.08999999999999986
2023,SF,11.0,120,-140,12,Over,17,491,298,193,11.353,0.7656,13.01,17,8.647058823529411,8.178823529411764,8.147,6,7.36,11.5,8.5,-6,-5.6499999999999995,-0.14705882352941124,0.3211764705882363,-1.0099999999999998
2024,SF,11.5,140,-160,6,Under,17,389,436,-47,-2.765,0.4328,7.36,17,9.588235294117647,8.955882352941176,8.5,12,10.13,10.5,7.735,6,2.7700000000000005,-1.8532352941176464,-1.2208823529411754,-1.3600000000000003
2015,TB,6.0,-150,130,6,Push,16,342,417,-75,-4.688,0.3846,6.15,16,7.75,7.48375,8.031,9,7.61,7.0,8.312,3,1.46,0.5619999999999994,0.8282499999999997,-0.15000000000000036
2016,TB,7.0,-140,120,9,Over,16,354,369,-15,-0.938,0.4754,7.61,16,7.8125,8.1325,8.312,5,6.77,8.5,8.25,-4,-0.8400000000000007,0.4375,0.11749999999999972,1.3899999999999997
2017,TB,8.5,-120,100,5,Under,16,335,382,-47,-2.938,0.4228,6.77,16,8.875,8.119375,8.25,5,6.52,6.5,8.5,0,-0.25,-0.375,0.3806250000000002,-1.7699999999999996
2018,TB,6.5,130,-150,5,Under,16,396,464,-68,-4.25,0.4072,6.52,16,8.3125,8.38625,8.5,7,8.19,6.5,8.188,2,1.67,-0.12449999999999939,-0.19824999999999982,-1.5199999999999996
2019,TB,6.5,-110,-110,7,Over,16,458,449,9,0.562,0.5118,8.19,16,7.9375,7.73,8.188,11,10.95,9.5,8.062,4,2.76,0.12449999999999939,0.33199999999999896,-1.1899999999999995
2020,TB,9.5,-125,105,11,Over,16,492,355,137,8.562,0.6843,10.95,16,7.8125,7.975625,8.062,13,12.0,12.0,8.353,2,1.0500000000000007,0.5404999999999998,0.3773749999999998,0.05000000000000071
2021,TB,12.0,-120,100,13,Over,17,511,353,158,9.294,0.7061,12.0,17,7.9411764705882355,8.025294117647059,8.353,8,7.16,11.0,8.324,-5,-4.84,0.38282352941176434,0.29870588235294093,1.0
2022,TB,11.0,120,-140,8,Under,17,313,358,-45,-2.647,0.4211,7.16,17,8.529411764705882,8.69,8.324,9,9.19,6.0,8.647,1,2.0299999999999994,0.117588235294118,-0.04299999999999926,0.8399999999999999
2023,TB,6.0,-150,130,9,Over,17,348,325,23,1.353,0.5404,9.19,17,8.176470588235293,8.452941176470588,8.647,10,11.09,7.5,8.441,1,1.9000000000000004,0.26452941176470723,-0.011941176470587678,-0.1899999999999995
2024,TB,7.5,-140,120,10,Over,17,502,385,117,6.882,0.6522,11.09,17,8.529411764705882,8.33235294117647,8.441,8,7.71,9.5,8.382,-2,-3.38,-0.14741176470588258,0.04964705882352938,-1.0899999999999999
2015,TEN,5.5,-200,180,3,Under,16,299,423,-124,-7.75,0.3053,4.88,16,7.875,7.63,8.0,9,8.07,6.0,8.094,6,3.1900000000000004,0.21899999999999942,0.4639999999999995,-1.88
2016,TEN,6.0,-150,130,9,Over,16,381,378,3,0.188,0.5047,8.07,16,7.4375,7.3975,8.094,9,7.4,9.0,7.781,0,-0.6699999999999999,0.3434999999999997,0.38349999999999973,0.9299999999999997
2017,TEN,9.0,-110,-110,9,Push,16,334,356,-22,-1.375,0.4623,7.4,16,6.9375,7.380625,7.781,9,8.22,8.0,8.125,0,0.8200000000000003,1.1875,0.7443749999999998,1.5999999999999996
2018,TEN,8.0,-110,-110,9,Over,16,310,303,7,0.438,0.5135,8.22,16,8.3125,8.074375,8.125,9,9.81,8.0,8.188,0,1.5899999999999999,-0.12449999999999939,0.11362500000000075,0.7799999999999994
2019,TEN,8.0,120,-140,9,Over,16,402,331,71,4.438,0.6131,9.81,16,7.8125,7.5725,8.188,11,9.06,8.5,7.938,2,-0.75,0.12549999999999972,0.36549999999999994,-0.8100000000000005
2020,TEN,8.5,-130,110,11,Over,16,491,439,52,3.25,0.5659,9.06,16,7.5625,7.663125,7.938,12,10.18,9.5,8.471,1,1.1199999999999992,0.9085000000000001,0.8078750000000001,1.9399999999999995
2021,TEN,9.5,-130,110,12,Over,17,419,354,65,3.824,0.5986,10.18,17,8.0,8.317058823529411,8.471,7,6.65,9.0,8.735,-5,-3.5299999999999994,0.7349999999999994,0.41794117647058826,1.8200000000000003
2022,TEN,9.0,120,-140,7,Under,17,298,359,-61,-3.588,0.3914,6.65,17,8.411764705882353,8.464705882352941,8.735,6,6.67,7.5,8.441,-1,0.019999999999999574,0.02923529411764747,-0.023705882352940577,0.34999999999999964
2023,TEN,7.5,-120,100,6,Under,17,305,367,-62,-3.647,0.3921,6.67,17,8.882352941176471,8.588235294117647,8.441,3,4.82,6.5,8.735,-3,-1.8499999999999996,-0.14735294117647157,0.1467647058823527,-0.6699999999999999
2024,TEN,6.5,120,-140,3,Under,17,311,460,-149,-8.765,0.2834,4.82,17,8.882352941176471,8.690588235294118,8.735,3,3.83,6.5,8.265,0,-0.9900000000000002,-0.6173529411764704,-0.4255882352941178,-1.8200000000000003
2015,WAS,6.0,-130,110,9,Over,16,388,379,9,0.562,0.5139,8.22,16,7.4375,7.520625,8.5,8,8.32,7.5,8.375,-1,0.09999999999999964,0.9375,0.8543750000000001,0.7799999999999994
2016,WAS,7.5,-120,100,8,Over,16,396,383,13,0.812,0.5198,8.32,16,8.1875,8.393125,8.375,7,6.81,7.5,8.406,-1,-1.5100000000000007,0.21850000000000058,0.01287500000000108,-0.3200000000000003
2017,WAS,7.5,120,-140,7,Under,16,342,388,-46,-2.875,0.4258,6.81,16,8.625,8.516875,8.406,7,5.74,7.0,8.438,0,-1.0699999999999994,-0.1869999999999994,-0.07887500000000003,0.1900000000000004
2018,WAS,7.0,-130,110,7,Push,16,281,359,-78,-4.875,0.3588,5.74,16,7.75,7.855,8.438,3,3.8,6.0,8.125,-4,-1.9400000000000004,0.375,0.2699999999999996,1.2599999999999998
2019,WAS,6.0,130,-150,3,Under,16,266,435,-169,-10.562,0.2376,3.8,16,8.0,8.306875,8.125,7,8.17,5.0,8.469,4,4.37,0.4689999999999994,0.16212499999999963,-0.7999999999999998
2020,WAS,5.0,-130,110,7,Over,16,335,329,6,0.375,0.5107,8.17,16,7.25,7.4975,8.469,7,5.97,8.5,8.882,0,-2.2,1.6319999999999997,1.3845,-1.17
2021,WAS,8.5,-130,110,7,Under,17,335,434,-99,-5.824,0.3512,5.97,17,9.0,9.00470588235294,8.882,8,7.83,7.5,8.176,1,1.8600000000000003,-0.8239999999999998,-0.8287058823529403,1.0300000000000002
2022,WAS,7.5,-130,110,8,Over,17,321,343,-22,-1.294,0.4608,7.83,17,9.0,8.781764705882352,8.176,4,4.32,6.5,8.853,-4,-3.51,-0.14700000000000024,0.07123529411764729,0.16999999999999993
2023,WAS,6.5,105,-125,4,Under,17,329,518,-189,-11.118,0.2543,4.32,17,8.705882352941176,8.37,8.853,12,10.62,6.5,8.441,8,6.299999999999999,-0.264882352941175,0.0710000000000015,-0.3200000000000003
2024,WAS,6.5,-110,-110,12,Over,17,485,391,94,5.529,0.6249,10.62,17,7.411764705882353,7.67764705882353,8.441,5,6.18,9.5,8.794,-7,-4.4399999999999995,1.3822352941176472,1.11635294117647,1.3800000000000008
