year,team,win_total_line,actual_wins,target_pyth_wins,beat_margin,qb_tier,new_coach,coach_tenure,coach_tenure_bucket,schedule_delta_pyth,prior_pyth_wins,prior_actual_wins,prior_beat_margin,trailing_beat_margin_2yr,prior_turnover_diff_per_game,prior_fumble_recovery_rate,prior_agl
2016,ARI,10.0,7,9.35,-3.0,2,0,3,Yr2-3,0.36624999999999996,11.88,13,4.5,,0.5625,0.56,62.5
2016,ATL,7.0,11,10.61,4.0,2,0,2,Yr2-3,1.0549999999999997,7.83,8,-0.5,,-0.4375,0.381,28.8
2016,BAL,8.5,8,8.63,-0.5,2,0,3,Yr2-3,-0.19162500000000016,6.13,5,-4.0,,-0.875,0.5333,96.1
2016,BUF,8.0,7,8.51,-1.0,3,0,2,Yr2-3,0.15212499999999984,8.51,8,-0.5,,0.375,0.4444,80.5
2016,CAR,10.5,6,7.19,-4.5,2,0,3,Yr2-3,0.6368749999999999,12.15,15,6.5,,1.25,0.625,50.9
2016,CHI,7.5,3,4.8,-4.5,,0,2,Yr2-3,-0.46525000000000016,6.41,6,-0.5,,-0.25,0.5,92.8
2016,CIN,9.5,6,8.3,-3.5,2,0,3,Yr2-3,0.1771249999999993,11.58,12,3.5,,0.6875,0.4667,28.2
2016,CLE,4.5,1,3.5,-3.5,,1,1,Yr1,-0.285874999999999,4.16,3,-3.5,,-0.5625,0.3571,70.7
2016,DAL,8.5,13,10.89,4.5,,0,3,Yr2-3,-0.6512499999999992,5.21,4,-5.5,,-1.375,0.2143,51.7
2016,DEN,9.5,9,9.08,-0.5,,0,2,Yr2-3,0.12287500000000051,9.7,12,2.0,,-0.25,0.619,56.7
2016,DET,7.0,9,7.68,2.0,2,0,3,Yr2-3,-0.1435000000000013,6.95,7,-1.5,,-0.375,0.4737,76.7
2016,GB,10.5,10,9.01,-0.5,1,0,3,Yr2-3,-0.3616249999999992,9.23,10,-1.0,,0.3125,0.4,56.2
2016,HOU,8.5,9,6.48,0.5,3,0,3,Yr2-3,0.4457499999999994,8.75,9,0.5,,0.3125,0.5789,64.8
2016,IND,9.0,8,8.45,-1.0,2,0,3,Yr2-3,0.10975000000000001,6.11,8,-2.5,,-0.3125,0.4211,65.1
2016,JAX,7.5,3,5.88,-4.5,3,0,3,Yr2-3,0.7146249999999998,6.36,5,-0.5,,-0.625,0.4737,68.9
2016,KC,9.5,12,10.07,2.5,3,0,3,Yr2-3,0.22362500000000107,11.1,11,2.5,,0.875,0.4667,54.9
2016,LAC,7.0,5,7.7,-2.0,2,0,3,Yr2-3,-0.22987499999999983,5.98,4,-4.0,,-0.25,0.45,81.5
2016,LAR,7.5,4,3.32,-3.5,4,0,3,Yr2-3,-0.09649999999999892,6.46,7,-0.5,,0.3125,0.5652,80.3
2016,LV,8.5,12,8.73,3.5,2,0,2,Yr2-3,-0.13637499999999925,7.0,7,1.5,,0.0625,0.5238,57.6
2016,MIA,7.0,10,7.57,3.0,3,1,1,Yr1,0.42350000000000065,5.9,6,-3.0,,-0.1875,0.3,63.4
2016,MIN,8.5,8,8.6,-0.5,3,0,3,Yr2-3,0.2685000000000013,9.77,11,3.0,,0.3125,0.5294,59.0
2016,NE,10.5,14,12.69,3.5,1,0,3,Yr2-3,0.4816250000000011,11.45,12,1.5,,0.4375,0.5625,93.3
2016,NO,7.0,7,8.31,0.0,2,0,3,Yr2-3,0.4747500000000002,6.55,7,-1.5,,0.125,0.619,56.1
2016,NYG,8.5,11,8.83,2.5,2,1,1,Yr1,0.22062500000000007,7.52,6,-2.0,,0.4375,0.65,138.7
2016,NYJ,8.0,5,4.49,-3.0,3,0,2,Yr2-3,1.2068750000000001,9.94,10,2.5,,0.375,0.6,61.8
2016,PHI,6.5,7,8.97,0.5,,1,1,Yr1,0.2363749999999989,6.76,7,-3.0,,-0.3125,0.4583,52.0
2016,PIT,10.5,11,9.85,0.5,1,0,3,Yr2-3,-0.06062499999999993,10.58,10,1.5,,0.125,0.65,67.1
2016,SEA,10.5,10,9.79,-0.5,2,0,3,Yr2-3,0.09187499999999993,11.71,10,-1.0,,0.4375,0.5294,40.1
2016,SF,5.5,2,4.17,-3.5,4,1,1,Yr1,-0.20425000000000004,3.84,5,-1.5,,-0.3125,0.375,83.9
2016,TB,7.0,9,7.61,2.0,3,1,1,Yr1,0.8282499999999997,6.15,6,0.0,,-0.3125,0.48,75.0
2016,TEN,6.0,9,8.07,3.0,3,1,1,Yr1,0.4639999999999995,4.88,3,-2.5,,-0.875,0.3333,65.2
2016,WAS,7.5,8,8.32,0.5,3,0,3,Yr2-3,0.8543750000000001,8.22,9,3.0,,0.3125,0.5926,119.1
2017,ARI,8.5,8,6.12,-0.5,3,0,4,Yr4+,0.4402500000000007,9.35,7,-3.0,0.75,0.0,0.56,77.8
2017,ATL,9.5,10,9.07,0.5,1,0,3,Yr2-3,0.3803750000000008,10.61,11,4.0,1.75,0.6875,0.7143,52.2
2017,BAL,8.5,9,10.43,0.5,3,0,4,Yr4+,-0.04225000000000012,8.63,8,-0.5,-2.25,0.3125,0.5882,60.3
2017,BUF,6.5,9,6.38,2.5,3,1,1,Yr1,0.6552499999999997,8.51,7,-1.0,-0.75,0.375,0.5455,97.8
2017,CAR,9.0,11,8.99,2.0,2,0,4,Yr4+,-0.32387500000000014,7.19,6,-4.5,1.0,-0.125,0.5,56.5
2017,CHI,5.5,5,6.21,-0.5,,0,3,Yr2-3,0.3283749999999994,4.8,3,-4.5,-2.5,-1.25,0.2,155.1
2017,CIN,8.5,7,6.27,-1.5,3,0,4,Yr4+,-0.2678749999999992,8.3,6,-3.5,0.0,0.1875,0.25,35.1
2017,CLE,4.5,0,3.35,-4.5,,0,2,Yr2-3,-0.5999999999999996,3.5,1,-3.5,-3.5,-0.75,0.2143,96.4
2017,DAL,9.5,9,8.61,-0.5,3,0,4,Yr4+,0.600625,10.89,13,4.5,-0.5,0.3125,0.55,70.6
2017,DEN,8.0,5,5.45,-3.0,,1,1,Yr1,-0.25587499999999963,9.08,9,-0.5,0.75,0.125,0.4815,60.2
2017,DET,7.5,9,8.82,1.5,2,0,4,Yr4+,0.6977499999999992,7.68,9,2.0,0.25,-0.0625,0.4444,69.5
2017,GB,10.5,7,6.3,-3.5,,0,4,Yr4+,0.09687500000000071,9.01,10,-0.5,-0.75,0.5,0.4706,70.5
2017,HOU,8.5,4,5.66,-4.5,,0,4,Yr4+,-0.060249999999999915,6.48,9,0.5,0.5,-0.4375,0.4286,91.7
2017,IND,8.0,4,4.25,-4.0,,0,4,Yr4+,0.2266249999999994,8.45,8,-1.0,-1.75,-0.3125,0.5625,78.4
2017,JAX,6.5,10,11.85,3.5,,1,1,Yr1,-0.30062500000000014,5.88,3,-4.5,-2.5,-1.0,0.3158,72.5
2017,KC,9.0,10,9.88,1.0,3,0,4,Yr4+,0.3144999999999989,10.07,12,2.5,2.5,1.0,0.625,99.3
2017,LAC,7.5,9,10.44,1.5,2,1,1,Yr1,-0.08937500000000043,7.7,5,-2.0,-3.0,-0.4375,0.4167,127.8
2017,LAR,6.0,11,11.33,5.0,4,1,1,Yr1,0.056125000000001535,3.32,4,-3.5,-2.0,-0.6875,0.4706,29.0
2017,LV,9.5,6,6.01,-3.5,2,0,3,Yr2-3,-0.18399999999999928,8.73,12,3.5,2.5,1.0,0.6667,65.0
2017,MIA,7.0,6,4.98,-1.0,3,0,2,Yr2-3,0.4652499999999993,7.57,10,3.0,0.0,0.125,0.5294,99.1
2017,MIN,8.5,13,11.65,4.5,,0,4,Yr4+,0.13087500000000052,8.6,8,-0.5,1.25,0.6875,0.5417,120.6
2017,NE,12.5,13,11.8,0.5,1,0,4,Yr4+,0.524375,12.69,14,3.5,2.5,0.75,0.5263,54.5
2017,NO,8.0,11,10.88,3.0,1,0,4,Yr4+,-0.034250000000000114,8.31,7,0.0,-0.75,-0.1875,0.5714,81.3
2017,NYG,9.0,3,4.06,-6.0,2,0,2,Yr2-3,0.16549999999999976,8.83,11,2.5,0.25,-0.125,0.4211,52.4
2017,NYJ,3.5,5,5.71,1.5,4,0,3,Yr2-3,-0.06062499999999993,4.49,5,-3.0,-0.25,-1.25,0.4,110.5
2017,PHI,8.5,13,11.81,4.5,,0,2,Yr2-3,-0.39712499999999906,8.97,7,0.5,-1.25,0.375,0.625,38.4
2017,PIT,10.5,13,10.53,2.5,1,0,4,Yr4+,-0.07212499999999977,9.85,11,0.5,1.0,0.3125,0.7692,61.8
2017,SEA,10.5,9,8.92,-1.5,2,0,4,Yr4+,0.42900000000000027,9.79,10,-0.5,-0.75,0.0625,0.5714,41.1
2017,SF,5.0,6,6.63,1.0,,1,1,Yr1,0.2136250000000004,4.17,2,-3.5,-2.5,-0.3125,0.4,97.5
2017,TB,8.5,5,6.77,-3.5,,0,2,Yr2-3,0.11749999999999972,7.61,9,2.0,1.0,0.125,0.5714,77.5
2017,TEN,9.0,9,7.4,0.0,,0,2,Yr2-3,0.38349999999999973,8.07,9,3.0,0.25,0.0,0.4615,32.0
2017,WAS,7.5,7,6.81,-0.5,2,0,4,Yr4+,0.01287500000000108,8.32,8,0.5,1.75,0.0,0.4706,101.5
2018,ARI,6.0,3,2.9,-3.0,,1,1,Yr1,0.3874999999999993,6.12,8,-0.5,-1.75,-0.25,0.4615,105.6
2018,ATL,9.5,7,7.8,-2.5,2,0,4,Yr4+,-0.1662499999999998,9.07,10,0.5,2.25,-0.125,0.5714,16.3
2018,BAL,8.5,10,10.76,1.5,3,0,5,Yr4+,0.8486250000000002,10.43,9,0.5,0.0,1.0625,0.75,101.6
2018,BUF,5.5,6,5.03,0.5,,0,2,Yr2-3,0.6251249999999988,6.38,9,2.5,0.75,0.5625,0.5385,44.5
2018,CAR,8.5,7,7.85,-1.5,2,0,5,Yr4+,-0.17012499999999875,8.99,11,2.0,-1.25,-0.0625,0.6471,42.9
2018,CHI,7.5,12,11.51,4.5,4,1,1,Yr1,-0.5478750000000012,6.21,5,-0.5,-2.5,0.0,0.5833,118.1
2018,CIN,7.0,6,6.03,-1.0,3,0,5,Yr4+,0.49412500000000037,6.27,7,-1.5,-2.5,-0.5625,0.2143,80.8
2018,CLE,6.0,7,7.17,1.0,,0,3,Yr2-3,0.015124999999999389,3.35,0,-4.5,-4.0,-1.75,0.3158,52.7
2018,DAL,8.5,10,8.43,1.5,3,0,5,Yr4+,0.3436250000000003,8.61,9,-0.5,2.0,-0.0625,0.55,37.2
2018,DEN,7.0,6,7.44,-1.0,3,0,2,Yr2-3,0.3852499999999992,5.45,5,-3.0,-1.75,-1.0625,0.3684,65.9
2018,DET,7.5,6,7.01,-1.5,2,1,1,Yr1,0.5126249999999999,8.82,9,1.5,1.75,0.625,0.5417,72.7
2018,GB,10.0,6,7.41,-4.0,1,0,5,Yr4+,-0.6047500000000001,6.3,7,-3.5,-2.0,-0.1875,0.6111,84.8
2018,HOU,8.5,11,10.22,2.5,2,0,5,Yr4+,-0.5162499999999994,5.66,4,-4.5,-2.0,-0.75,0.3125,107.3
2018,IND,7.5,10,10.13,2.5,2,1,1,Yr1,0.14212500000000006,4.25,4,-4.0,-2.5,0.3125,0.5385,101.2
2018,JAX,9.0,5,5.66,-4.0,3,0,2,Yr2-3,0.9151249999999997,11.85,10,3.5,-0.5,0.625,0.5455,38.3
2018,KC,8.5,12,10.68,3.5,4,0,5,Yr4+,0.7406250000000005,9.88,10,1.0,1.75,0.9375,0.7692,80.0
2018,LAC,9.5,12,10.42,2.5,2,0,2,Yr2-3,0.3414999999999999,10.44,9,1.5,-0.25,0.75,0.6923,67.6
2018,LAR,10.0,13,10.87,3.0,3,0,2,Yr2-3,0.32399999999999984,11.33,11,5.0,0.75,0.4375,0.4167,15.6
2018,LV,7.5,4,3.91,-3.5,2,1,1,Yr1,-0.09562500000000007,6.01,6,-3.5,0.0,-0.875,0.3913,44.2
2018,MIA,6.5,7,5.22,0.5,3,0,3,Yr2-3,-0.34974999999999934,4.98,6,-1.0,1.0,-0.875,0.4286,115.5
2018,MIN,10.0,8,8.51,-2.0,3,0,5,Yr4+,0.2448750000000004,11.65,13,4.5,2.0,0.3125,0.4545,47.7
2018,NE,11.0,11,10.68,0.0,1,0,5,Yr4+,0.32425000000000015,11.8,13,0.5,2.0,0.375,0.6,61.3
2018,NO,9.5,13,11.19,3.5,1,0,5,Yr4+,0.27187499999999964,10.88,11,3.0,1.5,0.4375,0.3333,95.9
2018,NYG,7.0,5,6.96,-2.0,3,1,1,Yr1,0.01112499999999983,4.06,3,-6.0,-1.75,-0.1875,0.4286,96.3
2018,NYJ,6.0,4,5.43,-2.0,,0,4,Yr4+,-0.1251249999999997,5.71,5,1.5,-0.75,-0.25,0.4286,47.4
2018,PHI,10.5,9,8.5,-1.5,2,0,3,Yr2-3,0.8162500000000001,11.81,13,4.5,2.5,0.6875,0.5217,53.5
2018,PIT,10.5,9,9.62,-1.5,1,0,5,Yr4+,0.3489999999999993,10.53,13,2.5,1.5,0.125,0.5455,30.5
2018,SEA,7.5,10,9.95,2.5,2,0,5,Yr4+,0.5952499999999992,8.92,9,-1.5,-1.0,0.5,0.6875,88.2
2018,SF,8.5,4,5.78,-4.5,,0,2,Yr2-3,-0.024374999999999147,6.63,6,1.0,-1.25,-0.1875,0.5556,91.6
2018,TB,6.5,5,6.52,-1.5,3,0,3,Yr2-3,0.3806250000000002,6.77,5,-3.5,-0.75,-0.0625,0.5,78.6
2018,TEN,8.0,9,8.22,1.0,3,1,1,Yr1,0.7443749999999998,7.4,9,0.0,1.5,-0.25,0.5294,27.6
2018,WAS,7.0,7,5.74,0.0,3,0,5,Yr4+,-0.07887500000000003,6.81,7,-0.5,0.0,-0.25,0.3333,121.0
2019,ARI,5.0,5,6.12,0.0,,1,1,Yr1,0.023125000000000284,2.9,3,-3.0,-1.75,-0.75,0.4737,92.3
2019,ATL,8.5,7,7.56,-1.5,2,0,5,Yr4+,0.5539999999999994,7.8,7,-2.5,-1.0,0.0625,0.2667,75.9
2019,BAL,8.5,14,13.08,5.5,4,0,6,Yr4+,0.39425000000000043,10.76,10,1.5,1.0,-0.1875,0.3125,28.5
2019,BUF,7.0,10,9.79,3.0,4,0,3,Yr2-3,-0.40687499999999943,5.03,6,0.5,1.5,-0.3125,0.55,31.0
2019,CAR,8.0,5,5.07,-3.0,,0,6,Yr4+,-0.043374999999999275,7.85,7,-1.5,0.25,0.0625,0.625,102.6
2019,CHI,9.0,8,7.41,-1.0,3,0,2,Yr2-3,1.2060000000000013,11.51,12,4.5,2.0,0.75,0.4737,34.5
2019,CIN,6.0,2,4.4,-4.0,3,1,1,Yr1,-0.3282499999999988,6.03,6,-1.0,-1.25,0.0625,0.6,97.9
2019,CLE,9.0,6,6.5,-3.0,2,1,1,Yr1,-0.5175000000000001,7.17,7,1.0,-1.75,0.4375,0.6667,47.9
2019,DAL,9.0,8,10.74,-1.0,3,0,6,Yr4+,0.1276249999999992,8.43,10,1.5,0.5,0.1875,0.55,75.2
2019,DEN,7.0,7,6.93,0.0,3,1,1,Yr1,0.3591250000000006,7.44,6,-1.0,-2.0,0.4375,0.6471,73.6
2019,DET,6.5,3,6.0,-3.5,2,0,2,Yr2-3,0.1875,7.01,6,-1.5,0.0,-0.3125,0.5,74.7
2019,GB,9.0,13,9.71,4.0,1,1,1,Yr1,0.3777499999999998,7.41,6,-4.0,-3.75,0.0,0.4211,89.7
2019,HOU,8.5,10,7.83,1.5,2,0,6,Yr4+,0.9612499999999997,10.22,11,2.5,-1.0,0.8125,0.6667,85.3
2019,IND,7.5,7,7.69,-0.5,,0,2,Yr2-3,0.9918750000000003,10.13,10,2.5,-0.75,0.125,0.55,108.6
2019,JAX,8.0,6,5.44,-2.0,,0,3,Yr2-3,-0.30837499999999984,5.66,5,-4.0,-0.25,-0.75,0.2727,102.5
2019,KC,10.5,12,11.39,1.5,1,0,6,Yr4+,0.5339999999999998,10.68,12,3.5,2.25,0.5625,0.6667,60.1
2019,LAC,10.0,5,7.78,-5.0,1,0,3,Yr2-3,0.38162499999999966,10.42,12,2.5,2.0,0.0625,0.5,83.0
2019,LAR,10.5,9,8.75,-1.5,2,0,3,Yr2-3,0.29100000000000037,10.87,13,3.0,4.0,0.6875,0.6316,37.9
2019,LV,6.0,7,5.34,1.0,3,0,2,Yr2-3,-0.09437499999999943,3.91,4,-3.5,-3.5,-0.4375,0.1765,77.3
2019,MIA,4.5,5,3.89,0.5,4,1,1,Yr1,0.7883749999999994,5.22,7,0.5,-0.25,0.3125,0.4118,93.1
2019,MIN,9.0,10,10.69,1.0,3,0,6,Yr4+,0.22487500000000082,8.51,8,-2.0,1.25,0.0,0.4444,70.2
2019,NE,11.5,12,13.03,0.5,1,0,6,Yr4+,0.041375000000000384,10.68,11,0.0,0.25,0.625,0.5882,75.2
2019,NO,10.5,13,10.69,2.5,1,0,6,Yr4+,0.09787500000000104,11.19,13,3.5,3.25,0.5,0.5714,50.0
2019,NYG,6.0,4,5.44,-2.0,,0,2,Yr2-3,-0.2947499999999996,6.96,5,-2.0,-4.0,0.125,0.4167,51.2
2019,NYJ,7.5,7,5.59,-0.5,3,1,1,Yr1,-0.07125000000000004,5.43,4,-2.0,-0.25,-0.625,0.3889,70.4
2019,PHI,10.0,9,8.79,-1.0,2,0,4,Yr4+,-0.35787499999999905,8.5,9,-1.5,1.5,-0.375,0.3684,117.0
2019,PIT,9.5,8,7.55,-1.5,,0,6,Yr4+,-0.16037499999999927,9.62,9,-1.5,0.5,-0.6875,0.4375,38.5
2019,SEA,9.0,11,8.17,2.0,1,0,6,Yr4+,0.6391250000000008,9.95,10,2.5,0.5,0.9375,0.7778,62.7
2019,SF,8.0,13,11.79,5.0,3,0,3,Yr2-3,0.16787500000000044,5.78,4,-4.5,-1.75,-1.5625,0.2941,97.2
2019,TB,6.5,7,8.19,0.5,3,1,1,Yr1,-0.19824999999999982,6.52,5,-1.5,-2.5,-1.125,0.4706,105.6
2019,TEN,8.0,9,9.81,1.0,,0,2,Yr2-3,0.11362500000000075,8.22,9,1.0,0.5,-0.0625,0.5,64.7
2019,WAS,6.0,3,3.8,-3.0,4,0,6,Yr4+,0.2699999999999996,5.74,7,0.0,-0.25,0.4375,0.7333,95.6
2020,ARI,7.5,8,9.04,0.5,3,0,2,Yr2-3,-0.055749999999999744,6.12,5,0.0,-1.5,-0.0625,0.625,85.0
2020,ATL,7.5,4,7.58,-3.5,2,0,6,Yr4+,0.28275000000000006,7.56,7,-1.5,-2.0,-0.3125,0.4444,53.2
2020,BAL,11.5,11,11.79,-0.5,2,0,7,Yr4+,0.3278750000000006,13.08,14,5.5,3.5,0.625,0.6316,68.7
2020,BUF,9.0,13,10.64,4.0,3,0,4,Yr4+,0.5902499999999993,9.79,10,3.0,1.75,0.25,0.5625,64.6
2020,CAR,5.5,5,6.7,-0.5,3,1,1,Yr1,0.15662500000000001,5.07,5,-3.0,-2.25,-0.875,0.3333,66.2
2020,CHI,8.0,8,8.05,0.0,4,0,3,Yr2-3,-0.34012499999999957,7.41,8,-1.0,1.75,0.0,0.5625,65.4
2020,CIN,5.5,4,5.19,-1.5,,0,2,Yr2-3,0.11437500000000078,4.4,2,-4.0,-2.5,-0.875,0.2632,83.2
2020,CLE,8.5,11,7.75,2.5,3,1,1,Yr1,-0.3706250000000004,6.5,6,-3.0,-1.0,-0.5,0.4615,56.8
2020,DAL,10.0,6,6.32,-4.0,,1,1,Yr1,0.49337499999999945,10.74,8,-1.0,0.25,-0.0625,0.5882,51.8
2020,DEN,7.5,5,5.08,-2.5,4,0,2,Yr2-3,0.3508749999999985,6.93,7,0.0,-0.5,0.0625,0.5385,89.2
2020,DET,7.0,5,5.11,-2.0,2,0,3,Yr2-3,-0.22774999999999945,6.0,3,-3.5,-2.5,-0.3125,0.5789,87.8
2020,GB,8.5,13,10.91,4.5,1,0,2,Yr2-3,0.35862500000000086,9.71,13,4.0,0.0,0.75,0.4706,65.6
2020,HOU,7.5,4,6.24,-3.5,1,0,7,Yr4+,-0.12175000000000047,7.83,10,1.5,2.0,0.0,0.5556,78.2
2020,IND,9.5,11,10.04,1.5,2,0,3,Yr2-3,0.12162499999999987,7.69,7,-0.5,1.0,0.125,0.4211,65.3
2020,JAX,4.5,1,3.92,-3.5,4,0,4,Yr4+,0.556,5.44,6,-2.0,-3.0,-0.0625,0.4286,100.2
2020,KC,11.5,14,10.45,2.5,1,0,7,Yr4+,-0.14337499999999892,11.39,12,1.5,2.5,0.5,0.4118,75.8
2020,LAC,8.0,7,7.02,-1.0,,0,4,Yr4+,0.19724999999999948,7.78,5,-5.0,-1.25,-1.0625,0.2143,103.0
2020,LAR,8.5,10,10.12,1.5,3,0,4,Yr4+,0.040625000000000355,8.75,9,-1.5,0.75,0.0,0.6111,60.6
2020,LV,7.5,8,7.09,0.5,3,0,3,Yr2-3,0.5458749999999988,5.34,7,1.0,-1.25,-0.125,0.4,93.4
2020,MIA,6.0,10,9.67,4.0,,0,2,Yr2-3,-0.1928750000000008,3.89,5,0.5,0.5,-0.625,0.2727,100.0
2020,MIN,9.0,7,7.06,-2.0,3,0,7,Yr4+,0.457749999999999,10.69,10,1.0,-0.5,0.6875,0.5385,25.6
2020,NE,9.0,7,7.25,-2.0,3,0,7,Yr4+,0.9022500000000004,13.03,12,0.5,0.25,1.3125,0.6471,85.0
2020,NO,10.5,12,11.2,1.5,1,0,7,Yr4+,0.41312499999999996,10.69,13,2.5,3.0,0.9375,0.8333,58.3
2020,NYG,6.5,6,5.76,-0.5,3,1,1,Yr1,0.6514999999999995,5.44,4,-2.0,-2.0,-1.0625,0.2727,72.6
2020,NYJ,6.5,2,2.93,-4.5,3,0,2,Yr2-3,0.7497500000000006,5.59,7,-0.5,-1.25,-0.25,0.5,160.1
2020,PHI,9.5,4,5.92,-5.5,2,0,5,Yr4+,0.6994999999999996,8.79,9,-1.0,-1.25,-0.1875,0.375,84.4
2020,PIT,9.5,12,10.63,2.5,2,0,7,Yr4+,-0.12899999999999956,7.55,8,-1.5,-1.5,0.5,0.6207,60.5
2020,SEA,9.5,12,9.98,2.5,1,0,7,Yr4+,-0.3019999999999996,8.17,11,2.0,2.25,0.75,0.5333,56.5
2020,SF,10.5,6,7.65,-4.5,,0,4,Yr4+,0.5546249999999997,11.79,13,5.0,0.25,0.25,0.6,95.8
2020,TB,9.5,11,10.95,1.5,2,0,2,Yr2-3,0.33199999999999896,8.19,7,0.5,-0.5,-0.8125,0.5926,39.5
2020,TEN,8.5,11,9.06,2.5,3,0,3,Yr2-3,0.36549999999999994,9.81,9,1.0,1.0,0.375,0.5,43.6
2020,WAS,5.0,7,8.17,2.0,,1,1,Yr1,0.16212499999999963,3.8,3,-3.0,-1.5,0.0625,0.5294,131.0
2021,ARI,8.5,11,10.52,2.5,2,0,3,Yr2-3,0.9868749999999995,9.04,8,0.5,0.25,0.0,0.5556,95.7
2021,ATL,7.5,7,4.89,-0.5,2,1,1,Yr1,0.13587499999999864,7.58,4,-3.5,-2.5,0.1875,0.5625,48.0
2021,BAL,10.5,8,8.37,-2.5,2,0,8,Yr4+,1.2771250000000007,11.79,11,-0.5,2.5,0.25,0.6316,59.6
2021,BUF,11.5,11,13.12,-0.5,2,0,5,Yr4+,0.5772500000000012,10.64,13,4.0,3.5,0.25,0.5,63.1
2021,CAR,7.5,5,5.74,-2.5,4,0,2,Yr2-3,-0.031000000000000583,6.7,5,-0.5,-1.75,0.0625,0.75,73.1
2021,CHI,7.5,6,5.88,-1.5,,0,4,Yr4+,0.8108750000000002,8.05,8,0.0,-0.5,-0.25,0.5714,87.1
2021,CIN,6.5,10,10.49,3.5,2,0,3,Yr2-3,0.6622500000000002,5.19,4,-1.5,-2.75,-0.4375,0.3158,88.8
2021,CLE,10.5,8,7.89,-2.5,3,0,2,Yr2-3,0.8701250000000007,7.75,11,2.5,-0.25,0.3125,0.5556,89.7
2021,DAL,9.0,12,12.19,3.0,2,0,2,Yr2-3,0.6533749999999996,6.32,6,-4.0,-2.5,-0.1875,0.5,118.5
2021,DEN,9.0,7,8.9,-2.0,4,0,3,Yr2-3,-0.07112499999999855,5.08,5,-2.5,-1.25,-1.0,0.4,108.4
2021,DET,4.5,3,5.06,-1.5,3,1,1,Yr1,0.5072500000000009,5.11,5,-2.0,-2.75,-0.5625,0.3846,83.7
2021,GB,10.5,13,10.41,2.5,1,0,3,Yr2-3,1.16575,10.91,13,4.5,4.25,0.4375,0.5385,73.1
2021,HOU,4.0,4,4.14,0.0,,1,1,Yr1,0.8316250000000007,6.24,4,-3.5,-1.0,-0.5625,0.3529,58.2
2021,IND,9.0,9,10.59,0.0,3,0,4,Yr4+,1.3446249999999997,10.04,11,1.5,0.5,0.625,0.7143,72.9
2021,JAX,6.5,3,3.36,-3.5,,1,1,Yr1,0.04574999999999996,3.92,1,-3.5,-2.75,-0.5,0.3571,63.4
2021,KC,12.5,12,11.19,-0.5,1,0,8,Yr4+,1.1448749999999999,10.45,14,2.5,2.0,0.375,0.4,65.2
2021,LAC,9.5,9,8.82,-0.5,2,1,1,Yr1,1.0966250000000004,7.02,7,-1.0,-3.0,0.1875,0.5385,109.1
2021,LAR,10.5,12,10.59,1.5,2,0,5,Yr4+,0.5845000000000002,10.12,10,1.5,0.0,-0.1875,0.4211,45.6
2021,LV,7.5,10,6.91,2.5,3,0,4,Yr4+,0.974874999999999,7.09,8,0.5,0.75,-0.6875,0.2381,86.9
2021,MIA,9.0,9,7.6,0.0,4,0,3,Yr2-3,1.1472500000000005,9.67,10,4.0,2.25,0.5625,0.6111,65.7
2021,MIN,9.0,8,8.48,-1.0,3,0,8,Yr4+,0.4548749999999995,7.06,7,-2.0,-0.5,-0.0625,0.4118,83.5
2021,NE,9.5,10,12.43,0.5,,0,8,Yr4+,0.4632500000000004,7.25,7,-2.0,-0.75,0.1875,0.4444,134.8
2021,NO,9.0,9,9.33,0.0,,0,8,Yr4+,1.053,11.2,12,1.5,2.0,0.5625,0.4706,49.2
2021,NYG,7.0,4,4.14,-3.0,3,0,2,Yr2-3,0.5458750000000006,5.76,6,-0.5,-1.25,0.0,0.5,104.4
2021,NYJ,6.0,4,4.08,-2.0,,1,1,Yr1,-0.06174999999999997,2.93,2,-4.5,-2.5,0.0,0.6429,123.9
2021,PHI,6.5,9,9.92,2.5,4,1,1,Yr1,0.07750000000000057,5.92,4,-5.5,-3.25,-0.625,0.55,128.1
2021,PIT,8.5,9,7.02,0.5,3,0,8,Yr4+,1.6088750000000003,10.63,12,2.5,0.5,0.5625,0.5625,55.2
2021,SEA,9.5,7,9.27,-2.5,1,0,8,Yr4+,0.7514999999999992,9.98,12,2.5,2.25,0.25,0.6154,88.3
2021,SF,10.5,10,10.06,-0.5,3,0,5,Yr4+,-0.4476250000000004,7.65,6,-4.5,0.25,-0.6875,0.3636,166.6
2021,TB,12.0,13,12.0,1.0,1,0,3,Yr2-3,0.3773749999999998,10.95,11,1.5,1.0,0.5,0.6667,30.6
2021,TEN,9.5,12,10.18,2.5,2,0,4,Yr4+,0.8078750000000001,9.06,11,2.5,1.75,0.6875,0.6154,57.5
2021,WAS,8.5,7,5.97,-1.5,,0,2,Yr2-3,1.3845,8.17,7,2.0,-0.5,-0.25,0.3889,97.0
2022,ARI,8.5,4,5.8,-4.5,2,0,4,Yr4+,0.3965294117647069,10.52,11,2.5,1.5,0.7059,0.7778,87.3
2022,ATL,4.5,7,7.94,2.5,4,0,2,Yr2-3,0.26094117647058823,4.89,7,-0.5,-2.0,-0.3529,0.4211,45.1
2022,BAL,10.5,10,9.56,-0.5,2,0,9,Yr4+,-0.33694117647058874,8.37,8,-2.5,-1.5,-0.6471,0.4286,180.2
2022,BUF,12.0,13,12.01,1.0,1,0,6,Yr4+,0.6042352941176476,13.12,11,-0.5,1.75,0.4706,0.6471,34.8
2022,CAR,6.5,7,7.75,0.5,3,0,3,Yr2-3,-0.1491764705882357,5.74,5,-2.5,-1.5,-0.7647,0.4667,76.7
2022,CHI,5.5,3,5.16,-2.5,4,1,1,Yr1,-0.15682352941176525,5.88,6,-1.5,-0.75,-0.7647,0.4706,71.6
2022,CIN,9.5,12,10.4,2.5,1,0,4,Yr4+,0.8389999999999986,10.49,10,3.5,1.0,0.0,0.5333,60.2
2022,CLE,8.0,7,7.96,-1.0,,0,3,Yr2-3,-0.058999999999999275,7.89,8,-2.5,0.0,-0.1765,0.4286,66.9
2022,DAL,10.0,12,11.5,2.0,2,0,3,Yr2-3,0.18964705882352817,12.19,12,3.0,-0.5,0.8235,0.4706,62.7
2022,DEN,10.0,5,6.3,-5.0,2,1,1,Yr1,0.8038823529411747,8.9,7,-2.0,-2.25,0.0588,0.4,108.1
2022,DET,6.5,9,9.09,2.5,3,0,2,Yr2-3,-0.43911764705882383,5.06,3,-1.5,-1.75,-0.2353,0.4706,120.4
2022,GB,11.0,8,8.47,-3.0,1,0,4,Yr4+,0.20376470588235485,10.41,13,2.5,3.5,0.7647,0.5714,75.1
2022,HOU,4.5,3,4.96,-1.5,4,1,1,Yr1,-0.05223529411764716,4.14,4,0.0,-1.75,0.1765,0.5333,61.3
2022,IND,10.0,4,4.83,-6.0,2,0,5,Yr4+,-0.04752941176470671,10.59,9,0.0,0.75,0.8235,0.56,89.5
2022,JAX,6.5,9,9.93,2.5,3,1,1,Yr1,-0.48664705882352877,3.36,3,-3.5,-3.5,-1.1765,0.1429,73.2
2022,KC,10.5,14,11.36,3.5,1,0,9,Yr4+,0.35564705882352854,11.19,12,-0.5,1.0,0.2353,0.5385,35.6
2022,LAC,10.5,10,8.68,-0.5,1,0,2,Yr2-3,-0.06076470588235239,8.82,9,-0.5,-0.75,-0.0588,0.5882,60.2
2022,LAR,10.5,5,6.3,-5.5,2,0,6,Yr4+,0.5408235294117656,10.59,12,1.5,1.5,0.1176,0.5455,51.3
2022,LV,8.5,6,7.93,-2.5,2,1,1,Yr1,0.21317647058823574,6.91,10,2.5,1.5,-0.5294,0.4737,99.6
2022,MIA,9.0,9,8.45,0.0,4,1,1,Yr1,0.357823529411764,7.6,9,0.0,2.0,0.0,0.5,48.9
2022,MIN,9.5,13,8.43,3.5,3,1,1,Yr1,-0.03858823529411737,8.48,8,-1.0,-1.5,0.6471,0.5714,83.8
2022,NE,8.5,8,8.98,-0.5,3,0,9,Yr4+,0.5454117647058823,12.43,10,0.5,-0.75,0.4118,0.4118,71.6
2022,NO,9.0,7,8.05,-2.0,,1,1,Yr1,-0.15111764705882358,9.33,9,0.0,0.75,0.4118,0.5833,99.0
2022,NYG,7.0,9,8.34,2.0,4,1,1,Yr1,-0.4714705882352934,4.14,4,-3.0,-1.75,-0.4706,0.4118,102.2
2022,NYJ,5.5,7,7.84,1.5,4,0,2,Yr2-3,-0.402058823529412,4.08,4,-2.0,-3.25,-0.7647,0.5,147.5
2022,PHI,10.0,14,11.64,4.0,3,0,2,Yr2-3,0.2890000000000006,9.92,9,2.5,-1.5,0.0,0.4,67.0
2022,PIT,7.5,9,7.34,1.5,,0,9,Yr4+,-0.07170588235294062,7.02,9,0.5,1.5,0.1176,0.5,82.8
2022,SEA,5.5,9,8.65,3.5,5,0,9,Yr4+,0.2783529411764718,9.27,7,-2.5,0.0,0.2941,0.5385,52.2
2022,SF,10.0,13,12.91,3.0,3,0,6,Yr4+,-0.15600000000000058,10.06,10,-0.5,-2.5,-0.2353,0.5238,119.5
2022,TB,11.0,8,7.16,-3.0,1,1,1,Yr1,0.29870588235294093,12.0,13,1.0,1.25,0.5882,0.6316,78.3
2022,TEN,9.0,7,6.65,-2.0,3,0,5,Yr4+,0.41794117647058826,10.18,12,2.5,2.5,-0.1765,0.3529,73.4
2022,WAS,7.5,8,7.83,0.5,,0,3,Yr2-3,-0.8287058823529403,5.97,7,-1.5,0.25,-0.2941,0.4706,101.4
2023,ARI,4.5,4,5.41,-0.5,3,1,1,Yr1,0.0039999999999995595,5.8,4,-4.5,-1.0,-0.2941,0.5294,113.9
2023,ATL,8.5,7,7.0,-1.5,4,0,3,Yr2-3,-0.41199999999999903,7.94,7,2.5,1.0,-0.2353,0.3684,59.1
2023,BAL,10.0,13,13.34,3.0,2,0,10,Yr4+,0.19658823529411684,9.56,10,-0.5,-1.5,0.2353,0.5789,102.6
2023,BUF,10.5,11,12.02,0.5,1,0,7,Yr4+,0.7032499999999988,12.01,13,1.0,0.25,0.0,0.4348,68.0
2023,CAR,7.5,2,3.52,-5.5,,1,1,Yr1,0.03247058823529336,7.75,7,0.5,-1.0,-0.2353,0.4667,54.0
2023,CHI,7.5,7,7.98,-0.5,3,0,2,Yr2-3,-0.934176470588234,5.16,3,-2.5,-2.0,-0.1176,0.4737,75.1
2023,CIN,11.0,9,8.02,-2.0,1,0,5,Yr4+,0.2134999999999998,10.4,12,2.5,3.0,0.375,0.6471,56.4
2023,CLE,9.0,11,9.4,2.0,,0,4,Yr4+,0.13270588235294234,7.96,7,-1.0,-1.75,-0.0588,0.5,77.9
2023,DAL,10.0,12,12.87,2.0,2,0,4,Yr4+,0.5001764705882348,11.5,12,2.0,2.5,0.5882,0.7727,79.8
2023,DEN,8.5,8,7.05,-0.5,3,1,1,Yr1,0.3458235294117653,6.3,5,-5.0,-3.5,-0.0588,0.4706,148.6
2023,DET,9.5,12,10.04,2.5,3,0,3,Yr2-3,-0.20841176470588074,9.09,9,2.5,0.5,0.4118,0.5556,108.7
2023,GB,7.5,9,9.4,1.5,4,0,5,Yr4+,-0.03247058823529514,8.47,8,-3.0,-0.25,0.1176,0.4118,51.9
2023,HOU,6.5,10,9.16,3.5,,1,1,Yr1,0.11911764705882355,4.96,3,-1.5,-0.75,-0.0588,0.55,70.2
2023,IND,6.5,9,8.03,2.5,4,1,1,Yr1,-0.20023529411764684,4.83,4,-6.0,-3.0,-0.7647,0.44,53.0
2023,JAX,9.5,9,8.66,-0.5,2,0,2,Yr2-3,0.6794117647058826,9.93,9,2.5,-0.5,0.2941,0.5,39.8
2023,KC,11.5,11,10.79,-0.5,1,0,10,Yr4+,0.9161176470588241,11.36,14,3.5,1.5,-0.1765,0.45,48.1
2023,LAC,9.5,5,7.1,-4.5,1,0,3,Yr2-3,0.8788823529411758,8.68,10,-0.5,-0.5,0.2941,0.5263,74.9
2023,LAR,6.5,10,9.2,3.5,2,0,7,Yr4+,-0.2865294117647057,6.3,5,-5.5,-2.0,-0.0588,0.4286,146.6
2023,LV,6.5,8,8.53,1.5,,0,2,Yr2-3,0.877470588235294,7.93,6,-2.5,0.0,-0.4706,0.6364,88.0
2023,MIA,9.5,11,10.83,1.5,3,0,2,Yr2-3,0.05200000000000138,8.45,9,0.0,0.0,-0.4118,0.5,89.7
2023,MIN,8.5,7,7.99,-1.5,2,0,2,Yr2-3,0.5469411764705878,8.43,13,3.5,1.25,0.1176,0.5556,50.5
2023,NE,7.5,4,4.44,-3.5,3,0,10,Yr4+,0.8193529411764704,8.98,8,-0.5,0.0,0.4118,0.55,56.5
2023,NO,9.5,9,10.54,-0.5,3,0,2,Yr2-3,-0.8304117647058833,8.05,7,-2.0,-1.0,-0.6471,0.3889,89.8
2023,NYG,7.5,6,4.55,-1.5,,0,2,Yr2-3,0.12188235294117611,8.34,9,2.0,-0.5,0.1765,0.5652,102.8
2023,NYJ,9.5,7,5.77,-2.5,,0,3,Yr2-3,0.019470588235293462,7.84,7,1.5,-0.25,-0.4118,0.3077,86.0
2023,PHI,11.5,11,8.62,-0.5,2,0,3,Yr2-3,0.4677058823529405,11.64,14,4.0,3.25,0.4706,0.5,42.4
2023,PIT,9.0,10,7.86,1.0,4,0,10,Yr4+,-0.34858823529411964,7.34,9,1.5,1.0,0.2353,0.375,32.0
2023,SEA,9.0,9,7.5,0.0,3,0,10,Yr4+,0.14964705882352902,8.65,9,3.5,0.5,0.1176,0.5,53.0
2023,SF,11.0,12,13.01,1.0,4,0,7,Yr4+,0.6111176470588227,12.91,13,3.0,1.25,0.7647,0.5556,93.9
2023,TB,6.0,9,9.19,3.0,4,0,2,Yr2-3,-0.04299999999999926,7.16,8,-3.0,-1.0,-0.1176,0.4545,113.9
2023,TEN,7.5,6,6.67,-1.5,,0,6,Yr4+,-0.023705882352940577,6.65,7,-2.0,0.25,-0.1765,0.3333,122.9
2023,WAS,6.5,4,4.32,-2.5,4,0,4,Yr4+,0.07123529411764729,7.83,8,0.5,-0.5,-0.2941,0.5625,88.8
2024,ARI,7.0,8,9.04,1.0,3,0,2,Yr2-3,-0.4139411764705887,5.41,4,-0.5,-2.5,-0.0588,0.5,100.1
2024,ATL,9.5,8,7.66,-1.5,2,1,1,Yr1,-0.054941176470588715,7.0,7,-1.5,0.5,-0.7059,0.4211,36.3
2024,BAL,10.5,12,11.93,1.5,2,0,11,Yr4+,0.04876470588235371,13.34,13,3.0,1.25,0.7059,0.52,71.3
2024,BUF,10.0,13,11.88,3.0,1,0,8,Yr4+,0.9542352941176464,12.02,11,0.5,0.75,0.1176,0.5455,57.1
2024,CAR,5.5,5,4.36,-0.5,4,1,1,Yr1,-0.6818823529411766,3.52,2,-5.5,-2.5,-0.5294,0.2308,120.6
2024,CHI,8.5,5,6.74,-3.5,,0,3,Yr2-3,0.017411764705881794,7.98,7,-0.5,-1.5,0.1765,0.375,50.5
2024,CIN,10.5,9,9.34,-1.5,1,0,6,Yr4+,-1.3615882352941178,8.02,9,-2.0,0.25,0.5882,0.8182,28.9
2024,CLE,8.5,3,3.82,-5.5,,0,5,Yr4+,0.18399999999999928,9.4,11,2.0,0.5,-0.5294,0.4167,108.0
2024,DAL,10.0,7,5.68,-3.0,,0,5,Yr4+,1.3044705882352936,12.87,12,2.0,2.0,0.5882,0.6,51.8
2024,DEN,5.5,10,11.51,4.5,,0,2,Yr2-3,0.1652352941176467,7.05,8,-0.5,-2.75,0.2353,0.5357,57.7
2024,DET,10.5,15,13.02,4.5,2,0,4,Yr4+,-0.1868823529411756,10.04,12,2.5,2.5,0.0,0.3889,66.7
2024,GB,10.0,11,11.47,1.0,2,0,6,Yr4+,0.5385882352941191,9.4,9,1.5,-0.75,0.0,0.6111,81.1
2024,HOU,9.5,10,8.5,0.5,2,0,2,Yr2-3,0.8632352941176471,9.16,10,3.5,1.0,0.5882,0.625,159.1
2024,IND,8.5,8,7.25,-0.5,4,0,2,Yr2-3,-0.08947058823529375,8.03,9,2.5,-1.75,0.1176,0.4286,84.6
2024,JAX,8.5,4,5.54,-4.5,3,0,3,Yr2-3,-0.49429411764705833,8.66,9,-0.5,1.0,-0.1765,0.4074,49.8
2024,KC,11.5,15,10.15,3.5,1,0,11,Yr4+,0.08088235294117752,10.79,11,-0.5,1.5,-0.6471,0.45,38.1
2024,LAC,9.0,11,11.31,2.0,2,1,1,Yr1,-1.2701176470588242,7.1,5,-4.5,-2.5,0.0,0.48,76.3
2024,LAR,8.5,10,7.99,1.5,2,0,8,Yr4+,-0.16435294117647103,9.2,10,3.5,-1.0,-0.1765,0.5,26.4
2024,LV,6.5,4,5.25,-2.5,4,1,1,Yr1,0.45388235294117685,8.53,8,1.5,-0.5,-0.1176,0.6,26.8
2024,MIA,10.0,8,7.96,-2.0,3,0,3,Yr2-3,0.5108823529411772,10.83,11,1.5,0.75,0.1176,0.5455,76.0
2024,MIN,6.5,14,11.07,7.5,4,0,3,Yr2-3,0.16376470588235392,7.99,7,-1.5,1.0,-0.7059,0.4231,60.4
2024,NE,4.5,4,5.02,-0.5,,1,1,Yr1,0.4115294117647057,4.44,4,-3.5,-2.0,-0.6471,0.5,128.0
2024,NO,7.5,5,6.87,-2.5,3,0,3,Yr2-3,0.73329411764706,10.54,9,-0.5,-1.25,0.6471,0.6111,45.6
2024,NYG,6.5,3,4.6,-3.5,4,0,3,Yr2-3,-0.2507647058823519,4.55,6,-1.5,0.25,0.7059,0.65,84.4
2024,NYJ,9.5,5,6.73,-4.5,2,0,4,Yr4+,-0.4398235294117647,5.77,7,-2.5,-0.5,-0.3529,0.3571,98.8
2024,PHI,10.5,14,12.44,3.5,2,0,4,Yr4+,0.05147058823529527,8.62,11,-0.5,1.75,-0.5882,0.4286,77.1
2024,PIT,8.0,10,9.41,2.0,3,0,11,Yr4+,0.05747058823529372,7.86,10,1.0,1.25,0.6471,0.6111,61.3
2024,SEA,7.5,10,8.69,2.5,3,1,1,Yr1,0.03194117647058903,7.5,9,0.0,1.75,0.1176,0.6154,66.6
2024,SF,11.5,6,7.36,-5.5,2,0,8,Yr4+,0.3211764705882363,13.01,12,1.0,2.0,0.5882,0.5,34.5
2024,TB,7.5,10,11.09,2.5,3,0,3,Yr2-3,-0.011941176470587678,9.19,9,3.0,0.0,0.4706,0.619,51.5
2024,TEN,6.5,3,4.82,-3.5,4,1,1,Yr1,0.1467647058823527,6.67,6,-1.5,-1.75,-0.3529,0.4706,75.7
2024,WAS,6.5,12,10.62,5.5,,1,1,Yr1,0.0710000000000015,4.32,4,-2.5,-1.0,-0.8235,0.4762,54.4
2025,ARI,8.5,3,5.44,-5.5,,0,3,Yr2-3,-0.22117647058823486,9.04,8,1.0,0.25,-0.1765,0.4706,104.7
2025,ATL,8.5,8,7.23,-0.5,4,0,2,Yr2-3,-0.3451764705882354,7.66,8,-1.5,-1.5,-0.3529,0.5455,44.2
2025,BAL,11.5,8,9.14,-3.5,1,0,12,Yr4+,0.07811764705882496,11.93,12,1.5,2.25,0.3529,0.4167,16.3
2025,BUF,12.5,12,11.18,-0.5,1,0,9,Yr4+,0.3997058823529409,11.88,13,3.0,1.75,1.4118,0.8889,56.1
2025,CAR,6.5,8,6.52,1.5,3,0,2,Yr2-3,-0.3191764705882356,4.36,5,-0.5,-3.0,-0.2941,0.5333,115.0
2025,CHI,8.5,11,9.11,2.5,3,1,1,Yr1,0.011235294117646788,6.74,5,-3.5,-2.0,0.4706,0.5909,40.3
2025,CIN,9.5,6,6.79,-3.5,1,0,7,Yr4+,0.730294117647059,9.34,9,-1.5,-1.75,0.1765,0.4348,71.6
2025,CLE,4.5,5,5.54,0.5,,0,6,Yr4+,0.18894117647058906,3.82,3,-5.5,-1.75,-1.2941,0.4211,106.6
2025,DAL,7.5,7,7.68,-0.5,2,1,1,Yr1,0.1071176470588231,5.68,7,-3.0,-0.5,-0.3529,0.3913,84.7
2025,DEN,9.5,14,10.99,4.5,3,0,3,Yr2-3,0.34917647058823675,11.51,10,4.5,2.0,0.3529,0.5882,45.9
2025,DET,10.5,9,10.02,-1.5,2,0,5,Yr4+,0.5352352941176477,13.02,15,4.5,3.5,0.5294,0.7273,96.6
2025,GB,10.5,9,9.33,-1.5,2,0,7,Yr4+,0.0810588235294123,11.47,11,1.0,1.25,0.7059,0.6364,46.1
2025,HOU,9.5,12,11.53,2.5,2,0,3,Yr2-3,0.8018235294117648,8.5,10,0.5,2.0,0.5882,0.5882,88.9
2025,IND,7.5,8,9.73,0.5,4,0,3,Yr2-3,0.4925294117647052,7.25,8,-0.5,1.0,-0.2353,0.4737,89.8
2025,JAX,7.5,13,11.79,5.5,3,1,1,Yr1,0.40923529411764825,5.54,4,-4.5,-2.5,-0.8824,0.25,57.3
2025,KC,11.5,6,9.49,-5.5,1,0,12,Yr4+,0.12594117647058667,10.15,15,3.5,1.5,0.3529,0.7,70.4
2025,LAC,9.5,11,9.29,1.5,2,0,2,Yr2-3,0.4895882352941161,11.31,11,2.0,-1.25,0.7059,0.5,64.2
2025,LAR,9.5,12,12.28,2.5,1,0,9,Yr4+,-0.007941176470588118,7.99,10,1.5,2.5,0.3529,0.5833,90.8
2025,LV,6.5,3,3.41,-3.5,3,1,1,Yr1,-0.259882352941176,5.25,4,-2.5,-0.5,-0.9412,0.1875,118.8
2025,MIA,7.5,7,6.52,-0.5,3,0,4,Yr4+,1.0300000000000002,7.96,8,-2.0,-0.25,-0.2941,0.3529,111.0
2025,MIN,9.5,9,8.83,-0.5,4,0,4,Yr4+,0.756058823529413,11.07,14,7.5,3.0,0.7059,0.5,63.3
2025,NE,8.5,14,12.46,5.5,3,1,1,Yr1,-0.3068235294117647,5.02,4,-0.5,-2.0,-0.6471,0.2941,93.2
2025,NO,4.5,6,6.29,1.5,,1,1,Yr1,0.026352941176471134,6.87,5,-2.5,-1.5,-0.1176,0.3,114.6
2025,NYG,5.5,5,7.09,-0.5,,0,4,Yr4+,0.4430588235294106,4.6,3,-3.5,-2.5,-0.4706,0.5,70.3
2025,NYJ,6.5,3,3.86,-3.5,4,1,1,Yr1,0.2117647058823522,6.73,5,-4.5,-3.5,-0.1176,0.5556,84.9
2025,PHI,11.5,11,10.03,-0.5,2,0,5,Yr4+,1.2486470588235292,12.44,14,3.5,1.5,0.6471,0.5909,33.7
2025,PIT,8.5,10,8.76,1.5,3,0,12,Yr4+,0.4188823529411767,9.41,10,2.0,1.5,0.9412,0.5926,76.9
2025,SEA,8.5,14,13.04,5.5,3,0,2,Yr2-3,-0.11411764705882277,8.69,10,2.5,1.25,-0.3529,0.3846,72.4
2025,SF,10.5,12,10.13,1.5,2,0,9,Yr4+,-1.2208823529411754,7.36,6,-5.5,-2.25,-0.5882,0.3529,141.2
2025,TB,9.5,8,7.71,-1.5,2,0,4,Yr4+,0.04964705882352938,11.09,10,2.5,2.75,-0.2941,0.6111,75.8
2025,TEN,6.5,3,3.83,-3.5,,0,2,Yr2-3,-0.4255882352941178,4.82,3,-3.5,-2.5,-0.9412,0.35,69.8
2025,WAS,9.5,5,6.18,-4.5,,0,2,Yr2-3,1.11635294117647,10.62,12,5.5,1.5,0.0588,0.5882,45.5
