year,team,qb_name,games_started,tier,rank_in_season,tier_source
2014,ATL,Matt Ryan,16,2,7,overthecap_2014
2014,BAL,Joe Flacco,16,2,10,overthecap_2014
2014,CHI,Jay Cutler,15,3,13,overthecap_2014
2014,DAL,Tony Romo,15,2,7,overthecap_2014
2014,DEN,Peyton Manning,16,1,1,overthecap_2014
2014,DET,Matthew Stafford,16,2,,athletic_2026_page
2014,GB,Aaron Rodgers,16,1,,athletic_2026_page
2014,HOU,Ryan Fitzpatrick,12,4,20,overthecap_2014
2014,KC,Alex Smith,15,3,14,overthecap_2014
2014,LAC,Philip Rivers,16,2,5,overthecap_2014
2014,NE,Tom Brady,16,1,1,athletic_brady_retrospective
2014,NO,Drew Brees,16,1,1,overthecap_2014
2014,NYG,Eli Manning,16,2,7,overthecap_2014
2014,NYJ,Geno Smith,13,4,,athletic_2026_page
2014,PIT,Ben Roethlisberger,16,2,6,overthecap_2014
2014,SF,Colin Kaepernick,16,2,12,overthecap_2014
2014,TB,Josh McCown,11,4,16,overthecap_2014
2015,ARI,Carson Palmer,16,3,15,reddit_2015_thread_full
2015,ATL,Matt Ryan,16,2,11,reddit_2015_thread_full
2015,BAL,Joe Flacco,10,2,10,reddit_2015_thread_full
2015,CAR,Cam Newton,16,2,14,reddit_2015_thread_full
2015,CHI,Jay Cutler,15,3,20,reddit_2015_thread_full
2015,CIN,Andy Dalton,13,3,18,reddit_2015_thread_full
2015,CLE,Josh McCown,8,4,29,reddit_2015_thread_full
2015,DEN,Peyton Manning,9,1,5,reddit_2015_thread_full
2015,DET,Matthew Stafford,16,2,,athletic_2026_page
2015,GB,Aaron Rodgers,16,1,,athletic_2026_page
2015,HOU,Brian Hoyer,9,4,30,reddit_2015_thread_full
2015,JAX,Blake Bortles,16,4,27,reddit_2015_thread_full
2015,KC,Alex Smith,16,3,16,reddit_2015_thread_full
2015,LAC,Philip Rivers,16,2,7,reddit_2015_thread_full
2015,LAR,Nick Foles,11,3,22,reddit_2015_thread_full
2015,LV,Derek Carr,16,3,20,reddit_2015_thread_full
2015,MIA,Ryan Tannehill,16,3,17,reddit_2015_thread_full
2015,MIN,Teddy Bridgewater,16,3,23,reddit_2015_thread_full
2015,NE,Tom Brady,16,1,1,athletic_brady_retrospective
2015,NO,Drew Brees,15,1,6,reddit_2015_thread_full
2015,NYG,Eli Manning,16,2,12,reddit_2015_thread_full
2015,PHI,Sam Bradford,14,3,23,reddit_2015_thread_full
2015,PIT,Ben Roethlisberger,11,1,4,reddit_2015_thread_full
2015,SEA,Russell Wilson,16,2,8,reddit_2015_thread_full
2015,TB,Jameis Winston,16,4,26,reddit_2015_thread_full
2015,TEN,Marcus Mariota,12,4,25,reddit_2015_thread_full
2016,ARI,Carson Palmer,15,2,10,overthecap_2016
2016,ATL,Matt Ryan,16,2,13,overthecap_2016
2016,BAL,Joe Flacco,16,2,12,overthecap_2016
2016,BUF,Tyrod Taylor,15,3,21,overthecap_2016
2016,CAR,Cam Newton,14,2,4,overthecap_2016
2016,CIN,Andy Dalton,16,2,15,overthecap_2016
2016,DET,Matthew Stafford,16,2,,athletic_2026_page
2016,GB,Aaron Rodgers,16,1,,athletic_2026_page
2016,HOU,Brock Osweiler,14,3,22,overthecap_2016
2016,IND,Andrew Luck,15,2,7,overthecap_2016
2016,JAX,Blake Bortles,16,3,22,reddit_2016_avg_ratings
2016,KC,Alex Smith,15,3,16,overthecap_2016
2016,LAC,Philip Rivers,16,2,8,overthecap_2016
2016,LAR,Case Keenum,9,4,28,overthecap_2016
2016,LV,Derek Carr,15,2,16,reddit_2016_avg_ratings
2016,MIA,Ryan Tannehill,13,3,19,overthecap_2016
2016,MIN,Sam Bradford,15,3,23,overthecap_2016
2016,NE,Tom Brady,12,1,1,athletic_brady_retrospective
2016,NO,Drew Brees,16,2,5,overthecap_2016
2016,NYG,Eli Manning,16,2,9,overthecap_2016
2016,NYJ,Ryan Fitzpatrick,11,3,20,overthecap_2016
2016,PIT,Ben Roethlisberger,14,1,3,overthecap_2016
2016,SEA,Russell Wilson,16,2,6,overthecap_2016
2016,SF,Colin Kaepernick,11,4,24,overthecap_2016
2016,TB,Jameis Winston,16,3,17,reddit_2016_avg_ratings
2016,TEN,Marcus Mariota,15,3,19,reddit_2016_avg_ratings
2016,WAS,Kirk Cousins,16,3,,athletic_2026_page
2017,ARI,Carson Palmer,7,3,15,overthecap_2017
2017,ATL,Matt Ryan,16,1,5,overthecap_2017
2017,BAL,Joe Flacco,16,3,14,overthecap_2017
2017,BUF,Tyrod Taylor,14,3,21,overthecap_2017
2017,CAR,Cam Newton,16,2,12,overthecap_2017
2017,CIN,Andy Dalton,16,3,16,overthecap_2017
2017,DAL,Dak Prescott,16,3,,athletic_2026_page
2017,DET,Matthew Stafford,16,2,,athletic_2026_page
2017,KC,Alex Smith,15,3,17,overthecap_2017
2017,LAC,Philip Rivers,16,2,8,overthecap_2017
2017,LAR,Jared Goff,15,4,,athletic_2026_page
2017,LV,Derek Carr,15,2,7,overthecap_2017
2017,MIA,Jay Cutler,14,3,20,overthecap_2017
2017,NE,Tom Brady,16,1,1,athletic_brady_retrospective
2017,NO,Drew Brees,16,1,4,overthecap_2017
2017,NYG,Eli Manning,15,2,11,overthecap_2017
2017,NYJ,Josh McCown,13,4,24,overthecap_2017
2017,PIT,Ben Roethlisberger,15,1,3,overthecap_2017
2017,SEA,Russell Wilson,16,2,10,overthecap_2017
2017,WAS,Kirk Cousins,16,2,,athletic_2026_page
2018,ATL,Matt Ryan,16,2,5,reddit_2018_thread
2018,BAL,Joe Flacco,9,3,23,reddit_2018_thread
2018,CAR,Cam Newton,14,2,11,reddit_2018_thread
2018,CHI,Mitchell Trubisky,14,4,29,reddit_2018_thread
2018,CIN,Andy Dalton,11,3,22,reddit_2018_thread
2018,DAL,Dak Prescott,16,3,,athletic_2026_page
2018,DEN,Case Keenum,16,3,23,reddit_2018_thread
2018,DET,Matthew Stafford,16,2,,athletic_2026_page
2018,GB,Aaron Rodgers,16,1,,athletic_2026_page
2018,HOU,Deshaun Watson,16,2,,athletic_2026_page
2018,IND,Andrew Luck,16,2,10,reddit_2018_thread
2018,JAX,Blake Bortles,12,3,26,reddit_2018_thread
2018,KC,Patrick Mahomes,16,4,,athletic_2026_page
2018,LAC,Philip Rivers,16,2,8,reddit_2018_thread
2018,LAR,Jared Goff,16,3,,athletic_2026_page
2018,LV,Derek Carr,16,2,12,reddit_2018_thread
2018,MIA,Ryan Tannehill,11,3,27,reddit_2018_thread
2018,MIN,Kirk Cousins,16,3,,athletic_2026_page
2018,NE,Tom Brady,16,1,1,athletic_brady_retrospective
2018,NO,Drew Brees,15,1,3,reddit_2018_thread
2018,NYG,Eli Manning,16,3,17,reddit_2018_thread
2018,PHI,Carson Wentz,11,2,9,reddit_2018_thread
2018,PIT,Ben Roethlisberger,16,1,4,reddit_2018_thread
2018,SEA,Russell Wilson,16,2,6,reddit_2018_thread
2018,TB,Jameis Winston,9,3,20,reddit_2018_thread
2018,TEN,Marcus Mariota,13,3,21,reddit_2018_thread
2018,WAS,Alex Smith,10,3,15,reddit_2018_thread
2019,ATL,Matt Ryan,15,2,9,athletic_2019_page
2019,BAL,Lamar Jackson,15,4,28,athletic_2019_page
2019,BUF,Josh Allen,16,4,29,athletic_2019_page
2019,CHI,Mitchell Trubisky,15,3,25,athletic_2019_page
2019,CIN,Andy Dalton,13,3,22,athletic_2019_page
2019,CLE,Baker Mayfield,16,2,14,athletic_2019_page
2019,DAL,Dak Prescott,16,3,17,athletic_2019_page
2019,DEN,Joe Flacco,8,3,21,athletic_2019_page
2019,DET,Matthew Stafford,8,2,11,athletic_2019_page
2019,GB,Aaron Rodgers,16,1,1,athletic_2019_page
2019,HOU,Deshaun Watson,15,2,12,athletic_2019_page
2019,KC,Patrick Mahomes,14,1,4,athletic_2019_page
2019,LAC,Philip Rivers,16,1,6,athletic_2019_page
2019,LAR,Jared Goff,16,2,13,athletic_2019_page
2019,LV,Derek Carr,16,3,20,athletic_2019_page
2019,MIA,Ryan Fitzpatrick,13,4,30,athletic_2019_page
2019,MIN,Kirk Cousins,15,3,16,athletic_2019_page
2019,NE,Tom Brady,16,1,2,athletic_2019_page
2019,NO,Drew Brees,11,1,3,athletic_2019_page
2019,NYJ,Sam Darnold,13,3,27,athletic_2019_page
2019,PHI,Carson Wentz,16,2,10,athletic_2019_page
2019,SEA,Russell Wilson,16,1,8,athletic_2019_page
2019,SF,Jimmy Garoppolo,16,3,19,athletic_2019_page
2019,TB,Jameis Winston,16,3,23,athletic_2019_page
2019,WAS,Case Keenum,8,4,31,athletic_2019_page
2020,ARI,Kyler Murray,16,3,14,athletic_2020_page
2020,ATL,Matt Ryan,16,2,10,athletic_2020_page
2020,BAL,Lamar Jackson,15,2,7,athletic_2020_page
2020,BUF,Josh Allen,16,3,22,athletic_2020_page
2020,CAR,Teddy Bridgewater,15,3,23,athletic_2020_page
2020,CHI,Mitchell Trubisky,9,4,32,athletic_2020_page
2020,CLE,Baker Mayfield,16,3,21,athletic_2020_page
2020,DEN,Drew Lock,13,4,30,athletic_2020_page
2020,DET,Matthew Stafford,16,2,9,athletic_2020_page
2020,GB,Aaron Rodgers,16,1,3,athletic_2020_page
2020,HOU,Deshaun Watson,16,1,5,athletic_2020_page
2020,IND,Philip Rivers,16,2,13,athletic_2020_page
2020,JAX,Gardner Minshew II,8,4,31,athletic_2020_page
2020,KC,Patrick Mahomes,15,1,1,athletic_2020_page
2020,LAR,Jared Goff,15,3,16,athletic_2020_page
2020,LV,Derek Carr,16,3,20,athletic_2020_page
2020,MIN,Kirk Cousins,16,3,15,athletic_2020_page
2020,NE,Cam Newton,15,3,19,athletic_2020_page
2020,NO,Drew Brees,12,1,4,athletic_2020_page
2020,NYG,Daniel Jones,14,3,25,athletic_2020_page
2020,NYJ,Sam Darnold,12,3,24,athletic_2020_page
2020,PHI,Carson Wentz,12,2,11,athletic_2020_page
2020,PIT,Ben Roethlisberger,15,2,8,athletic_2020_page
2020,SEA,Russell Wilson,16,1,2,athletic_2020_page
2020,TB,Tom Brady,16,2,6,athletic_2020_page
2020,TEN,Ryan Tannehill,16,3,18,athletic_2020_page
2021,ARI,Kyler Murray,14,2,12,athletic_2021_page
2021,ATL,Matt Ryan,17,2,11,athletic_2021_page
2021,BAL,Lamar Jackson,12,2,7,athletic_2021_page
2021,BUF,Josh Allen,17,2,6,athletic_2021_page
2021,CAR,Sam Darnold,11,4,24,athletic_2021_page
2021,CIN,Joe Burrow,16,2,14,athletic_2021_page
2021,CLE,Baker Mayfield,14,3,17,athletic_2021_page
2021,DAL,Dak Prescott,16,2,9,athletic_2021_page
2021,DEN,Teddy Bridgewater,14,4,26,athletic_2021_page
2021,DET,Jared Goff,14,3,19,athletic_2021_page
2021,GB,Aaron Rodgers,16,1,1,athletic_2021_page
2021,IND,Carson Wentz,17,3,20,athletic_2021_page
2021,KC,Patrick Mahomes,17,1,2,athletic_2021_page
2021,LAC,Justin Herbert,17,2,10,athletic_2021_page
2021,LAR,Matthew Stafford,17,2,8,athletic_2021_page
2021,LV,Derek Carr,17,3,15,athletic_2021_page
2021,MIA,Tua Tagovailoa,12,4,29,athletic_2021_page
2021,MIN,Kirk Cousins,16,3,18,athletic_2021_page
2021,NYG,Daniel Jones,11,3,22,athletic_2021_page
2021,PHI,Jalen Hurts,15,4,30,athletic_2021_page
2021,PIT,Ben Roethlisberger,16,3,16,athletic_2021_page
2021,SEA,Russell Wilson,14,1,4,athletic_2021_page
2021,SF,Jimmy Garoppolo,15,3,21,athletic_2021_page
2021,TB,Tom Brady,17,1,3,athletic_2021_page
2021,TEN,Ryan Tannehill,17,2,13,athletic_2021_page
2022,ARI,Kyler Murray,11,2,13,athletic_2022_page
2022,ATL,Marcus Mariota,13,4,31,athletic_2022_page
2022,BAL,Lamar Jackson,12,2,10,athletic_2022_page
2022,BUF,Josh Allen,16,1,4,athletic_2022_page
2022,CAR,Baker Mayfield,6,3,19,athletic_2022_page
2022,CHI,Justin Fields,15,4,25,athletic_2022_page
2022,CIN,Joe Burrow,16,1,6,athletic_2022_page
2022,DAL,Dak Prescott,12,2,11,athletic_2022_page
2022,DEN,Russell Wilson,15,2,8,athletic_2022_page
2022,DET,Jared Goff,17,3,22,athletic_2022_page
2022,GB,Aaron Rodgers,17,1,1,athletic_2022_page
2022,HOU,Davis Mills,15,4,27,athletic_2022_page
2022,IND,Matt Ryan,12,2,14,athletic_2022_page
2022,JAX,Trevor Lawrence,17,3,23,athletic_2022_page
2022,KC,Patrick Mahomes,17,1,2,athletic_2022_page
2022,LAC,Justin Herbert,17,1,5,athletic_2022_page
2022,LAR,Matthew Stafford,9,2,7,athletic_2022_page
2022,LV,Derek Carr,15,2,12,athletic_2022_page
2022,MIA,Tua Tagovailoa,13,4,26,athletic_2022_page
2022,MIN,Kirk Cousins,17,3,15,athletic_2022_page
2022,NE,Mac Jones,14,3,18,athletic_2022_page
2022,NYG,Daniel Jones,16,4,30,athletic_2022_page
2022,NYJ,Zach Wilson,9,4,28,athletic_2022_page
2022,PHI,Jalen Hurts,15,3,20,athletic_2022_page
2022,SEA,Geno Smith,17,5,35,athletic_2022_page
2022,SF,Jimmy Garoppolo,10,3,16,athletic_2022_page
2022,TB,Tom Brady,17,1,3,athletic_2022_page
2022,TEN,Ryan Tannehill,12,3,17,athletic_2022_page
2023,ARI,Kyler Murray,8,3,13,athletic_2023_page
2023,ATL,Desmond Ridder,13,4,29,athletic_2023_page
2023,BAL,Lamar Jackson,16,2,7,athletic_2023_page
2023,BUF,Josh Allen,17,1,3,athletic_2023_page
2023,CHI,Justin Fields,13,3,21,athletic_2023_page
2023,CIN,Joe Burrow,10,1,2,athletic_2023_page
2023,DAL,Dak Prescott,17,2,9,athletic_2023_page
2023,DEN,Russell Wilson,15,3,16,athletic_2023_page
2023,DET,Jared Goff,17,3,15,athletic_2023_page
2023,GB,Jordan Love,17,4,26,athletic_2023_page
2023,IND,Gardner Minshew II,13,4,30,athletic_2023_page
2023,JAX,Trevor Lawrence,16,2,8,athletic_2023_page
2023,KC,Patrick Mahomes,16,1,1,athletic_2023_page
2023,LAC,Justin Herbert,13,1,5,athletic_2023_page
2023,LAR,Matthew Stafford,15,2,10,athletic_2023_page
2023,MIA,Tua Tagovailoa,17,3,17,athletic_2023_page
2023,MIN,Kirk Cousins,8,2,12,athletic_2023_page
2023,NE,Mac Jones,11,3,23,athletic_2023_page
2023,NO,Derek Carr,17,3,14,athletic_2023_page
2023,PHI,Jalen Hurts,17,2,6,athletic_2023_page
2023,PIT,Kenny Pickett,12,4,25,athletic_2023_page
2023,SEA,Geno Smith,15,3,20,athletic_2023_page
2023,SF,Brock Purdy,16,4,24,athletic_2023_page
2023,TB,Baker Mayfield,17,4,26,athletic_2023_page
2023,WAS,Sam Howell,17,4,28,athletic_2023_page
2024,ARI,Kyler Murray,17,3,17,athletic_2024_page
2024,ATL,Kirk Cousins,14,2,13,athletic_2024_page
2024,BAL,Lamar Jackson,17,2,4,athletic_2024_page
2024,BUF,Josh Allen,17,1,3,athletic_2024_page
2024,CAR,Bryce Young,12,4,28,athletic_2024_page
2024,CIN,Joe Burrow,17,1,2,athletic_2024_page
2024,DET,Jared Goff,17,2,10,athletic_2024_page
2024,GB,Jordan Love,15,2,14,athletic_2024_page
2024,HOU,C.J. Stroud,17,2,8,athletic_2024_page
2024,IND,Anthony Richardson,11,4,26,athletic_2024_page
2024,JAX,Trevor Lawrence,10,3,16,athletic_2024_page
2024,KC,Patrick Mahomes,16,1,1,athletic_2024_page
2024,LAC,Justin Herbert,17,2,5,athletic_2024_page
2024,LAR,Matthew Stafford,16,2,5,athletic_2024_page
2024,LV,Gardner Minshew II,9,4,25,athletic_2024_page
2024,MIA,Tua Tagovailoa,11,3,15,athletic_2024_page
2024,MIN,Sam Darnold,17,4,29,athletic_2024_page
2024,NO,Derek Carr,10,3,20,athletic_2024_page
2024,NYG,Daniel Jones,10,4,23,athletic_2024_page
2024,NYJ,Aaron Rodgers,17,2,7,athletic_2024_page
2024,PHI,Jalen Hurts,15,2,11,athletic_2024_page
2024,PIT,Russell Wilson,11,3,22,athletic_2024_page
2024,SEA,Geno Smith,17,3,20,athletic_2024_page
2024,SF,Brock Purdy,15,2,12,athletic_2024_page
2024,TB,Baker Mayfield,17,3,19,athletic_2024_page
2024,TEN,Will Levis,12,4,26,athletic_2024_page
2025,ATL,Michael Penix,9,4,28,athletic_2025_page
2025,BAL,Lamar Jackson,13,1,4,athletic_2025_page
2025,BUF,Josh Allen,17,1,3,athletic_2025_page
2025,CAR,Bryce Young,16,3,24,athletic_2025_page
2025,CHI,Caleb Williams,17,3,23,athletic_2025_page
2025,CIN,Joe Burrow,8,1,1,athletic_2025_page
2025,DAL,Dak Prescott,17,2,12,athletic_2025_page
2025,DEN,Bo Nix,17,3,20,athletic_2025_page
2025,DET,Jared Goff,17,2,8,athletic_2025_page
2025,GB,Jordan Love,15,2,13,athletic_2025_page
2025,HOU,C.J. Stroud,14,2,9,athletic_2025_page
2025,IND,Daniel Jones,13,4,30,athletic_2025_page
2025,JAX,Trevor Lawrence,17,3,18,athletic_2025_page
2025,KC,Patrick Mahomes,14,1,1,athletic_2025_page
2025,LAC,Justin Herbert,16,2,7,athletic_2025_page
2025,LAR,Matthew Stafford,17,1,5,athletic_2025_page
2025,LV,Geno Smith,15,3,19,athletic_2025_page
2025,MIA,Tua Tagovailoa,14,3,17,athletic_2025_page
2025,MIN,J.J. McCarthy,10,4,29,athletic_2025_page
2025,NE,Drake Maye,17,3,22,athletic_2025_page
2025,NYJ,Justin Fields,9,4,27,athletic_2025_page
2025,PHI,Jalen Hurts,16,2,9,athletic_2025_page
2025,PIT,Aaron Rodgers,16,3,16,athletic_2025_page
2025,SEA,Sam Darnold,17,3,20,athletic_2025_page
2025,SF,Brock Purdy,9,2,14,athletic_2025_page
2025,TB,Baker Mayfield,17,2,11,athletic_2025_page
