year,player,team,stat,line,line_low,line_high,odds_low,odds_high,book,proj,source,snapshot
2022,Austin Ekeler,,rush_rec_yds,1450.5,1450.5,1450.5,,,SportsBetting.ag,,sportsbetting.ag,https://www.gambling911.com/running-back-prop-bets-for-the-2022-season.html
2022,Christian McCaffrey,,rush_rec_yds,1450.5,1450.5,1450.5,,,SportsBetting.ag,,sportsbetting.ag,https://www.gambling911.com/running-back-prop-bets-for-the-2022-season.html
2022,Aaron Jones,,rush_rec_yds,1300.5,1300.5,1300.5,,,SportsBetting.ag,,sportsbetting.ag,https://www.gambling911.com/running-back-prop-bets-for-the-2022-season.html
2022,D'Andre Swift,,rush_rec_yds,1300.5,1300.5,1300.5,,,SportsBetting.ag,,sportsbetting.ag,https://www.gambling911.com/running-back-prop-bets-for-the-2022-season.html
2022,Alvin Kamara,,rush_rec_yds,1250.5,1250.5,1250.5,,,SportsBetting.ag,,sportsbetting.ag,https://www.gambling911.com/running-back-prop-bets-for-the-2022-season.html
2022,Cam Akers,,rush_rec_yds,1100.5,1100.5,1100.5,,,SportsBetting.ag,,sportsbetting.ag,https://www.gambling911.com/running-back-prop-bets-for-the-2022-season.html
2022,Cordarrelle Patterson,,rush_rec_yds,1000.5,1000.5,1000.5,,,SportsBetting.ag,,sportsbetting.ag,https://www.gambling911.com/running-back-prop-bets-for-the-2022-season.html
2022,Tony Pollard,,rush_rec_yds,999.5,999.5,999.5,,,SportsBetting.ag,,sportsbetting.ag,https://www.gambling911.com/running-back-prop-bets-for-the-2022-season.html
2022,Derrick Henry,,rush_td,12.5,12.5,12.5,,,SportsBetting.ag,,sportsbetting.ag,https://www.gambling911.com/running-back-prop-bets-for-the-2022-season.html
2022,Jonathan Taylor,,rush_td,12.5,12.5,12.5,,,SportsBetting.ag,,sportsbetting.ag,https://www.gambling911.com/running-back-prop-bets-for-the-2022-season.html
2022,Joe Mixon,,rush_td,10.5,10.5,10.5,,,SportsBetting.ag,,sportsbetting.ag,https://www.gambling911.com/running-back-prop-bets-for-the-2022-season.html
2022,Dalvin Cook,,rush_td,9,9,9,,,SportsBetting.ag,,sportsbetting.ag,https://www.gambling911.com/running-back-prop-bets-for-the-2022-season.html
2022,James Conner,,rush_td,9,9,9,,,SportsBetting.ag,,sportsbetting.ag,https://www.gambling911.com/running-back-prop-bets-for-the-2022-season.html
2022,Nick Chubb,,rush_td,9,9,9,,,SportsBetting.ag,,sportsbetting.ag,https://www.gambling911.com/running-back-prop-bets-for-the-2022-season.html
2022,Damien Harris,,rush_td,8.5,8.5,8.5,,,SportsBetting.ag,,sportsbetting.ag,https://www.gambling911.com/running-back-prop-bets-for-the-2022-season.html
2022,Leonard Fournette,,rush_td,8.5,8.5,8.5,,,SportsBetting.ag,,sportsbetting.ag,https://www.gambling911.com/running-back-prop-bets-for-the-2022-season.html
2022,Najee Harris,,rush_td,8.5,8.5,8.5,,,SportsBetting.ag,,sportsbetting.ag,https://www.gambling911.com/running-back-prop-bets-for-the-2022-season.html
2022,Ezekiel Elliott,,rush_td,8,8,8,,,SportsBetting.ag,,sportsbetting.ag,https://www.gambling911.com/running-back-prop-bets-for-the-2022-season.html
2022,J.K. Dobbins,,rush_td,7.5,7.5,7.5,,,SportsBetting.ag,,sportsbetting.ag,https://www.gambling911.com/running-back-prop-bets-for-the-2022-season.html
2022,Josh Jacobs,,rush_td,7.5,7.5,7.5,,,SportsBetting.ag,,sportsbetting.ag,https://www.gambling911.com/running-back-prop-bets-for-the-2022-season.html
2022,Elijah Mitchell,,rush_td,7,7,7,,,SportsBetting.ag,,sportsbetting.ag,https://www.gambling911.com/running-back-prop-bets-for-the-2022-season.html
2022,Saquon Barkley,,rush_td,7,7,7,,,SportsBetting.ag,,sportsbetting.ag,https://www.gambling911.com/running-back-prop-bets-for-the-2022-season.html
2022,David Montgomery,,rush_td,6.5,6.5,6.5,,,SportsBetting.ag,,sportsbetting.ag,https://www.gambling911.com/running-back-prop-bets-for-the-2022-season.html
2022,Javonte Williams,,rush_td,6.5,6.5,6.5,,,SportsBetting.ag,,sportsbetting.ag,https://www.gambling911.com/running-back-prop-bets-for-the-2022-season.html
2022,Antonio Gibson,,rush_td,6,6,6,,,SportsBetting.ag,,sportsbetting.ag,https://www.gambling911.com/running-back-prop-bets-for-the-2022-season.html
2022,AJ Dillon,,rush_td,5.5,5.5,5.5,,,SportsBetting.ag,,sportsbetting.ag,https://www.gambling911.com/running-back-prop-bets-for-the-2022-season.html
2022,Breece Hall,,rush_td,5.5,5.5,5.5,,,SportsBetting.ag,,sportsbetting.ag,https://www.gambling911.com/running-back-prop-bets-for-the-2022-season.html
2022,Clyde Edwards-Helaire,,rush_td,5.5,5.5,5.5,,,SportsBetting.ag,,sportsbetting.ag,https://www.gambling911.com/running-back-prop-bets-for-the-2022-season.html
2022,Devin Singletary,,rush_td,5.5,5.5,5.5,,,SportsBetting.ag,,sportsbetting.ag,https://www.gambling911.com/running-back-prop-bets-for-the-2022-season.html
2022,Miles Sanders,,rush_td,5,5,5,,,SportsBetting.ag,,sportsbetting.ag,https://www.gambling911.com/running-back-prop-bets-for-the-2022-season.html
2022,Derrick Henry,,rush_yds,1350.5,1350.5,1350.5,,,SportsBetting.ag,,sportsbetting.ag,https://www.gambling911.com/running-back-prop-bets-for-the-2022-season.html
2022,Jonathan Taylor,,rush_yds,1350.5,1350.5,1350.5,,,SportsBetting.ag,,sportsbetting.ag,https://www.gambling911.com/running-back-prop-bets-for-the-2022-season.html
2022,Nick Chubb,,rush_yds,1150.5,1150.5,1150.5,,,SportsBetting.ag,,sportsbetting.ag,https://www.gambling911.com/running-back-prop-bets-for-the-2022-season.html
2022,Dalvin Cook,,rush_yds,1100.5,1100.5,1100.5,,,SportsBetting.ag,,sportsbetting.ag,https://www.gambling911.com/running-back-prop-bets-for-the-2022-season.html
2022,Joe Mixon,,rush_yds,1100.5,1100.5,1100.5,,,SportsBetting.ag,,sportsbetting.ag,https://www.gambling911.com/running-back-prop-bets-for-the-2022-season.html
2022,Najee Harris,,rush_yds,1100.5,1100.5,1100.5,,,SportsBetting.ag,,sportsbetting.ag,https://www.gambling911.com/running-back-prop-bets-for-the-2022-season.html
2022,Elijah Mitchell,,rush_yds,900.5,900.5,900.5,,,SportsBetting.ag,,sportsbetting.ag,https://www.gambling911.com/running-back-prop-bets-for-the-2022-season.html
2022,Ezekiel Elliott,,rush_yds,900.5,900.5,900.5,,,SportsBetting.ag,,sportsbetting.ag,https://www.gambling911.com/running-back-prop-bets-for-the-2022-season.html
2022,Miles Sanders,,rush_yds,900.5,900.5,900.5,,,SportsBetting.ag,,sportsbetting.ag,https://www.gambling911.com/running-back-prop-bets-for-the-2022-season.html
2022,Saquon Barkley,,rush_yds,900.5,900.5,900.5,,,SportsBetting.ag,,sportsbetting.ag,https://www.gambling911.com/running-back-prop-bets-for-the-2022-season.html
2022,David Montgomery,,rush_yds,875.5,875.5,875.5,,,SportsBetting.ag,,sportsbetting.ag,https://www.gambling911.com/running-back-prop-bets-for-the-2022-season.html
2022,Javonte Williams,,rush_yds,875.5,875.5,875.5,,,SportsBetting.ag,,sportsbetting.ag,https://www.gambling911.com/running-back-prop-bets-for-the-2022-season.html
2022,Damien Harris,,rush_yds,850.5,850.5,850.5,,,SportsBetting.ag,,sportsbetting.ag,https://www.gambling911.com/running-back-prop-bets-for-the-2022-season.html
2022,J.K. Dobbins,,rush_yds,850.5,850.5,850.5,,,SportsBetting.ag,,sportsbetting.ag,https://www.gambling911.com/running-back-prop-bets-for-the-2022-season.html
2022,Breece Hall,,rush_yds,825.5,825.5,825.5,,,SportsBetting.ag,,sportsbetting.ag,https://www.gambling911.com/running-back-prop-bets-for-the-2022-season.html
2022,James Conner,,rush_yds,825.5,825.5,825.5,,,SportsBetting.ag,,sportsbetting.ag,https://www.gambling911.com/running-back-prop-bets-for-the-2022-season.html
2022,Josh Jacobs,,rush_yds,825.5,825.5,825.5,,,SportsBetting.ag,,sportsbetting.ag,https://www.gambling911.com/running-back-prop-bets-for-the-2022-season.html
2022,Leonard Fournette,,rush_yds,825.5,825.5,825.5,,,SportsBetting.ag,,sportsbetting.ag,https://www.gambling911.com/running-back-prop-bets-for-the-2022-season.html
2022,Antonio Gibson,,rush_yds,775.5,775.5,775.5,,,SportsBetting.ag,,sportsbetting.ag,https://www.gambling911.com/running-back-prop-bets-for-the-2022-season.html
2022,Devin Singletary,,rush_yds,775.5,775.5,775.5,,,SportsBetting.ag,,sportsbetting.ag,https://www.gambling911.com/running-back-prop-bets-for-the-2022-season.html
2022,Clyde Edwards-Helaire,,rush_yds,739.5,739.5,739.5,,,SportsBetting.ag,,sportsbetting.ag,https://www.gambling911.com/running-back-prop-bets-for-the-2022-season.html
2022,AJ Dillon,,rush_yds,700.5,700.5,700.5,,,SportsBetting.ag,,sportsbetting.ag,https://www.gambling911.com/running-back-prop-bets-for-the-2022-season.html
2023,Nick Chubb,CLE,rush_yds,1213,1200.5,1225.5,,,,1365,fantasypoints,https://web.archive.org/web/20230614022112id_/https://www.fantasypoints.com/nfl/articles/2023/nfl-rushing-yardage-props
2023,Derrick Henry,TEN,rush_yds,1188,1150.5,1225.5,,,,1265,fantasypoints,https://web.archive.org/web/20230614022112id_/https://www.fantasypoints.com/nfl/articles/2023/nfl-rushing-yardage-props
2023,Jonathan Taylor,IND,rush_yds,1175.5,1150.5,1200.5,,,,1315,fantasypoints,https://web.archive.org/web/20230614022112id_/https://www.fantasypoints.com/nfl/articles/2023/nfl-rushing-yardage-props
2023,Bijan Robinson,ATL,rush_yds,1088,1075.5,1100.5,,,,1315,fantasypoints,https://web.archive.org/web/20230614022112id_/https://www.fantasypoints.com/nfl/articles/2023/nfl-rushing-yardage-props
2023,Josh Jacobs,LV,rush_yds,1075.5,1050.5,1100.5,,,,1185,fantasypoints,https://web.archive.org/web/20230614022112id_/https://www.fantasypoints.com/nfl/articles/2023/nfl-rushing-yardage-props
2023,Tony Pollard,DAL,rush_yds,1038,1025.5,1050.5,,,,1090,fantasypoints,https://web.archive.org/web/20230614022112id_/https://www.fantasypoints.com/nfl/articles/2023/nfl-rushing-yardage-props
2023,Saquon Barkley,NYG,rush_yds,988,975.5,1000.5,,,,1175,fantasypoints,https://web.archive.org/web/20230614022112id_/https://www.fantasypoints.com/nfl/articles/2023/nfl-rushing-yardage-props
2023,Rhamondre Stevenson,NE,rush_yds,963,925.5,1000.5,,,,1075,fantasypoints,https://web.archive.org/web/20230614022112id_/https://www.fantasypoints.com/nfl/articles/2023/nfl-rushing-yardage-props
2023,Kenneth Walker,SEA,rush_yds,963,950.5,975.5,,,,955,fantasypoints,https://web.archive.org/web/20230614022112id_/https://www.fantasypoints.com/nfl/articles/2023/nfl-rushing-yardage-props
2023,Najee Harris,PIT,rush_yds,950.5,925.5,975.5,,,,1165,fantasypoints,https://web.archive.org/web/20230614022112id_/https://www.fantasypoints.com/nfl/articles/2023/nfl-rushing-yardage-props
2023,Travis Etienne,JAX,rush_yds,950,949.5,950.5,,,,1065,fantasypoints,https://web.archive.org/web/20230614022112id_/https://www.fantasypoints.com/nfl/articles/2023/nfl-rushing-yardage-props
2023,Miles Sanders,CAR,rush_yds,925,924.5,925.5,,,,1085,fantasypoints,https://web.archive.org/web/20230614022112id_/https://www.fantasypoints.com/nfl/articles/2023/nfl-rushing-yardage-props
2023,Dameon Pierce,HOU,rush_yds,900,899.5,900.5,,,,1015,fantasypoints,https://web.archive.org/web/20230614022112id_/https://www.fantasypoints.com/nfl/articles/2023/nfl-rushing-yardage-props
2023,Christian McCaffrey,SF,rush_yds,875.5,850.5,900.5,,,,1080,fantasypoints,https://web.archive.org/web/20230614022112id_/https://www.fantasypoints.com/nfl/articles/2023/nfl-rushing-yardage-props
2023,Breece Hall,NYJ,rush_yds,863,850.5,875.5,,,,995,fantasypoints,https://web.archive.org/web/20230614022112id_/https://www.fantasypoints.com/nfl/articles/2023/nfl-rushing-yardage-props
2023,Justin Fields,CHI,rush_yds,850.5,825.5,875.5,,,,925,fantasypoints,https://web.archive.org/web/20230614022112id_/https://www.fantasypoints.com/nfl/articles/2023/nfl-rushing-yardage-props
2023,J.K. Dobbins,BAL,rush_yds,838,800.5,875.5,,,,1250,fantasypoints,https://web.archive.org/web/20230614022112id_/https://www.fantasypoints.com/nfl/articles/2023/nfl-rushing-yardage-props
2023,Aaron Jones,GB,rush_yds,838,800.5,875.5,,,,1000,fantasypoints,https://web.archive.org/web/20230614022112id_/https://www.fantasypoints.com/nfl/articles/2023/nfl-rushing-yardage-props
2023,Joe Mixon,CIN,rush_yds,813,800.5,825.5,,,,755,fantasypoints,https://web.archive.org/web/20230614022112id_/https://www.fantasypoints.com/nfl/articles/2023/nfl-rushing-yardage-props
2023,Brian Robinson,WAS,rush_yds,800,799.5,800.5,,,,1050,fantasypoints,https://web.archive.org/web/20230614022112id_/https://www.fantasypoints.com/nfl/articles/2023/nfl-rushing-yardage-props
2023,Isiah Pacheco,KC,rush_yds,795.5,775.5,815.5,,,,895,fantasypoints,https://web.archive.org/web/20230614022112id_/https://www.fantasypoints.com/nfl/articles/2023/nfl-rushing-yardage-props
2023,Austin Ekeler,LAC,rush_yds,793,775.5,810.5,,,,825,fantasypoints,https://web.archive.org/web/20230614022112id_/https://www.fantasypoints.com/nfl/articles/2023/nfl-rushing-yardage-props
2023,Lamar Jackson,BAL,rush_yds,775.5,725.5,825.5,,,,780,fantasypoints,https://web.archive.org/web/20230614022112id_/https://www.fantasypoints.com/nfl/articles/2023/nfl-rushing-yardage-props
2023,David Montgomery,DET,rush_yds,763,750.5,775.5,,,,975,fantasypoints,https://web.archive.org/web/20230614022112id_/https://www.fantasypoints.com/nfl/articles/2023/nfl-rushing-yardage-props
2023,James Conner,ARI,rush_yds,750.5,750.5,750.5,,,,800,fantasypoints,https://web.archive.org/web/20230614022112id_/https://www.fantasypoints.com/nfl/articles/2023/nfl-rushing-yardage-props
2023,Cam Akers,LAR,rush_yds,750,749.5,750.5,,,,1025,fantasypoints,https://web.archive.org/web/20230614022112id_/https://www.fantasypoints.com/nfl/articles/2023/nfl-rushing-yardage-props
2023,A.J. Dillon,GB,rush_yds,738,700.5,775.5,,,,800,fantasypoints,https://web.archive.org/web/20230614022112id_/https://www.fantasypoints.com/nfl/articles/2023/nfl-rushing-yardage-props
2023,Rachaad White,TB,rush_yds,723,650.5,795.5,,,,895,fantasypoints,https://web.archive.org/web/20230614022112id_/https://www.fantasypoints.com/nfl/articles/2023/nfl-rushing-yardage-props
2023,Jalen Hurts,PHI,rush_yds,713,700.5,725.5,,,,690,fantasypoints,https://web.archive.org/web/20230614022112id_/https://www.fantasypoints.com/nfl/articles/2023/nfl-rushing-yardage-props
2023,Rashaad Penny,PHI,rush_yds,632.5,600.5,664.5,,,,960,fantasypoints,https://web.archive.org/web/20230614022112id_/https://www.fantasypoints.com/nfl/articles/2023/nfl-rushing-yardage-props
2023,Josh Allen,BUF,rush_yds,588,550.5,625.5,,,,645,fantasypoints,https://web.archive.org/web/20230614022112id_/https://www.fantasypoints.com/nfl/articles/2023/nfl-rushing-yardage-props
2023,Jahmyr Gibbs,DET,rush_yds,580.5,580.5,580.5,,,,885,fantasypoints,https://web.archive.org/web/20230614022112id_/https://www.fantasypoints.com/nfl/articles/2023/nfl-rushing-yardage-props
2023,D'Andre Swift,PHI,rush_yds,578,575.5,580.5,,,,645,fantasypoints,https://web.archive.org/web/20230614022112id_/https://www.fantasypoints.com/nfl/articles/2023/nfl-rushing-yardage-props
2023,Daniel Jones,NYG,rush_yds,575.5,575.5,575.5,,,,565,fantasypoints,https://web.archive.org/web/20230614022112id_/https://www.fantasypoints.com/nfl/articles/2023/nfl-rushing-yardage-props
2024,Christian McCaffrey,SF,rush_td,11,10.5,11.5,-120,-115,,11,fantasypoints,https://web.archive.org/web/20240627020904id_/https://www.fantasypoints.com/nfl/articles/2024/nfl-rushing-touchdown-props
2024,Derrick Henry,BAL,rush_td,11,10.5,11.5,+100,-161,,10,fantasypoints,https://web.archive.org/web/20240627020904id_/https://www.fantasypoints.com/nfl/articles/2024/nfl-rushing-touchdown-props
2024,Jalen Hurts,PHI,rush_td,10,9.5,10.5,-105,-115,,9,fantasypoints,https://web.archive.org/web/20240627020904id_/https://www.fantasypoints.com/nfl/articles/2024/nfl-rushing-touchdown-props
2024,Josh Allen,BUF,rush_td,10,9.5,10.5,+135,-130,,8,fantasypoints,https://web.archive.org/web/20240627020904id_/https://www.fantasypoints.com/nfl/articles/2024/nfl-rushing-touchdown-props
2024,Jonathan Taylor,IND,rush_td,9.5,9.5,9.5,-115,-115,,10,fantasypoints,https://web.archive.org/web/20240627020904id_/https://www.fantasypoints.com/nfl/articles/2024/nfl-rushing-touchdown-props
2024,Kyren Williams,LAR,rush_td,9.5,9.5,9.5,+120,-115,,6,fantasypoints,https://web.archive.org/web/20240627020904id_/https://www.fantasypoints.com/nfl/articles/2024/nfl-rushing-touchdown-props
2024,David Montgomery,DET,rush_td,9,8.5,9.5,-110,-115,,12,fantasypoints,https://web.archive.org/web/20240627020904id_/https://www.fantasypoints.com/nfl/articles/2024/nfl-rushing-touchdown-props
2024,Raheem Mostert,MIA,rush_td,8.5,8.5,8.5,+105,-120,,10,fantasypoints,https://web.archive.org/web/20240627020904id_/https://www.fantasypoints.com/nfl/articles/2024/nfl-rushing-touchdown-props
2024,Kenneth Walker,SEA,rush_td,8.5,8.5,8.5,-115,-115,,7,fantasypoints,https://web.archive.org/web/20240627020904id_/https://www.fantasypoints.com/nfl/articles/2024/nfl-rushing-touchdown-props
2024,Anthony Richardson,IND,rush_td,8,7.5,8.5,+105,-115,,9,fantasypoints,https://web.archive.org/web/20240627020904id_/https://www.fantasypoints.com/nfl/articles/2024/nfl-rushing-touchdown-props
2024,Jahmyr Gibbs,DET,rush_td,8,7.5,8.5,-110,-135,,8,fantasypoints,https://web.archive.org/web/20240627020904id_/https://www.fantasypoints.com/nfl/articles/2024/nfl-rushing-touchdown-props
2024,Breece Hall,NYJ,rush_td,7.5,7.5,7.5,-105,-110,,8,fantasypoints,https://web.archive.org/web/20240627020904id_/https://www.fantasypoints.com/nfl/articles/2024/nfl-rushing-touchdown-props
2024,Saquon Barkley,PHI,rush_td,7.5,6.5,8.5,-110,-149,,7,fantasypoints,https://web.archive.org/web/20240627020904id_/https://www.fantasypoints.com/nfl/articles/2024/nfl-rushing-touchdown-props
2024,Josh Jacobs,GB,rush_td,7.5,7.5,7.5,+110,-120,,7,fantasypoints,https://web.archive.org/web/20240627020904id_/https://www.fantasypoints.com/nfl/articles/2024/nfl-rushing-touchdown-props
2024,Joe Mixon,HOU,rush_td,7.5,7.5,7.5,-115,-115,,6,fantasypoints,https://web.archive.org/web/20240627020904id_/https://www.fantasypoints.com/nfl/articles/2024/nfl-rushing-touchdown-props
2024,Travis Etienne,JAX,rush_td,7,6.5,7.5,-110,-120,,8,fantasypoints,https://web.archive.org/web/20240627020904id_/https://www.fantasypoints.com/nfl/articles/2024/nfl-rushing-touchdown-props
2024,De'Von Achane,MIA,rush_td,7,6.5,7.5,+100,-125,,7.5,fantasypoints,https://web.archive.org/web/20240627020904id_/https://www.fantasypoints.com/nfl/articles/2024/nfl-rushing-touchdown-props
2024,Isaiah Pacheco,KC,rush_td,7,6.5,7.5,-110,-115,,6,fantasypoints,https://web.archive.org/web/20240627020904id_/https://www.fantasypoints.com/nfl/articles/2024/nfl-rushing-touchdown-props
2024,Bijan Robinson,ATL,rush_td,6.5,6.5,6.5,-105,+110,,7,fantasypoints,https://web.archive.org/web/20240627020904id_/https://www.fantasypoints.com/nfl/articles/2024/nfl-rushing-touchdown-props
2024,James Conner,ARI,rush_td,6.5,6.5,6.5,+110,-120,,6.5,fantasypoints,https://web.archive.org/web/20240627020904id_/https://www.fantasypoints.com/nfl/articles/2024/nfl-rushing-touchdown-props
2024,Zack Moss,CIN,rush_td,6.5,6.5,6.5,+105,-120,,6,fantasypoints,https://web.archive.org/web/20240627020904id_/https://www.fantasypoints.com/nfl/articles/2024/nfl-rushing-touchdown-props
2024,Najee Harris,PIT,rush_td,6,5.5,6.5,-115,-115,,7,fantasypoints,https://web.archive.org/web/20240627020904id_/https://www.fantasypoints.com/nfl/articles/2024/nfl-rushing-touchdown-props
2024,Rachaad White,TB,rush_td,5.5,5.5,5.5,-110,-110,,7,fantasypoints,https://web.archive.org/web/20240627020904id_/https://www.fantasypoints.com/nfl/articles/2024/nfl-rushing-touchdown-props
2024,Ezekiel Elliott,DAL,rush_td,5.5,5.5,5.5,+100,-130,,5,fantasypoints,https://web.archive.org/web/20240627020904id_/https://www.fantasypoints.com/nfl/articles/2024/nfl-rushing-touchdown-props
2024,Lamar Jackson,BAL,rush_td,5.5,5.5,5.5,+135,-125,,4,fantasypoints,https://web.archive.org/web/20240627020904id_/https://www.fantasypoints.com/nfl/articles/2024/nfl-rushing-touchdown-props
2024,Tony Pollard,TEN,rush_td,5.5,4.5,6.5,-145,-150,,3,fantasypoints,https://web.archive.org/web/20240627020904id_/https://www.fantasypoints.com/nfl/articles/2024/nfl-rushing-touchdown-props
2024,Aaron Jones,MIN,rush_td,5,4.5,5.5,+100,-120,,5.5,fantasypoints,https://web.archive.org/web/20240627020904id_/https://www.fantasypoints.com/nfl/articles/2024/nfl-rushing-touchdown-props
2024,D'Andre Swift,CHI,rush_td,5,4.5,5.5,-149,+100,,5,fantasypoints,https://web.archive.org/web/20240627020904id_/https://www.fantasypoints.com/nfl/articles/2024/nfl-rushing-touchdown-props
2024,Zamir White,LV,rush_td,4.5,4.5,4.5,+100,-110,,7,fantasypoints,https://web.archive.org/web/20240627020904id_/https://www.fantasypoints.com/nfl/articles/2024/nfl-rushing-touchdown-props
2024,Rhamondre Stevenson,NE,rush_td,4.5,4.5,4.5,-115,-115,,6,fantasypoints,https://web.archive.org/web/20240627020904id_/https://www.fantasypoints.com/nfl/articles/2024/nfl-rushing-touchdown-props
2024,Kyler Murray,ARI,rush_td,4.5,4.5,4.5,-120,+110,,6,fantasypoints,https://web.archive.org/web/20240627020904id_/https://www.fantasypoints.com/nfl/articles/2024/nfl-rushing-touchdown-props
2024,Jonathon Brooks,CAR,rush_td,4.5,4.5,4.5,-110,-110,,5.5,fantasypoints,https://web.archive.org/web/20240627020904id_/https://www.fantasypoints.com/nfl/articles/2024/nfl-rushing-touchdown-props
2024,Alvin Kamara,NO,rush_td,4.5,4.5,4.5,-105,-110,,3,fantasypoints,https://web.archive.org/web/20240627020904id_/https://www.fantasypoints.com/nfl/articles/2024/nfl-rushing-touchdown-props
2024,Devin Singletary,NYG,rush_td,4,3.5,4.5,-115,-110,,4,fantasypoints,https://web.archive.org/web/20240627020904id_/https://www.fantasypoints.com/nfl/articles/2024/nfl-rushing-touchdown-props
2024,James Cook,BUF,rush_td,3.5,3.5,3.5,+100,+105,,3,fantasypoints,https://web.archive.org/web/20240627020904id_/https://www.fantasypoints.com/nfl/articles/2024/nfl-rushing-touchdown-props
2024,Christian McCaffrey,SF,rush_yds,1138,1125.5,1150.5,-115,-110,,1296.6,fantasypoints,https://web.archive.org/web/20240628170709id_/https://www.fantasypoints.com/nfl/articles/2024/nfl-rushing-yard-props
2024,Jonathan Taylor,IND,rush_yds,1038,1025.5,1050.5,-112,-115,,1186.4,fantasypoints,https://web.archive.org/web/20240628170709id_/https://www.fantasypoints.com/nfl/articles/2024/nfl-rushing-yard-props
2024,Saquon Barkley,PHI,rush_yds,1025.5,1000.5,1050.5,-110,-140,,1158.1,fantasypoints,https://web.archive.org/web/20240628170709id_/https://www.fantasypoints.com/nfl/articles/2024/nfl-rushing-yard-props
2024,Breece Hall,NYJ,rush_yds,1025.5,1000.5,1050.5,-115,-110,,967.4,fantasypoints,https://web.archive.org/web/20240628170709id_/https://www.fantasypoints.com/nfl/articles/2024/nfl-rushing-yard-props
2024,Derrick Henry,BAL,rush_yds,963,925.5,1000.5,-112,-115,,1184.5,fantasypoints,https://web.archive.org/web/20240628170709id_/https://www.fantasypoints.com/nfl/articles/2024/nfl-rushing-yard-props
2024,Kyren Williams,LAR,rush_yds,950.5,950.5,950.5,-115,-115,,1052.8,fantasypoints,https://web.archive.org/web/20240628170709id_/https://www.fantasypoints.com/nfl/articles/2024/nfl-rushing-yard-props
2024,Bijan Robinson,ATL,rush_yds,950.5,900.5,1000.5,-115,-110,,917.0,fantasypoints,https://web.archive.org/web/20240628170709id_/https://www.fantasypoints.com/nfl/articles/2024/nfl-rushing-yard-props
2024,Josh Jacobs,GB,rush_yds,938,925.5,950.5,-112,-120,,923.3,fantasypoints,https://web.archive.org/web/20240628170709id_/https://www.fantasypoints.com/nfl/articles/2024/nfl-rushing-yard-props
2024,Travis Etienne,JAX,rush_yds,913,900.5,925.5,-115,-110,,972.8,fantasypoints,https://web.archive.org/web/20240628170709id_/https://www.fantasypoints.com/nfl/articles/2024/nfl-rushing-yard-props
2024,Isaiah Pacheco,KC,rush_yds,900.5,875.5,925.5,-110,-112,,1043.6,fantasypoints,https://web.archive.org/web/20240628170709id_/https://www.fantasypoints.com/nfl/articles/2024/nfl-rushing-yard-props
2024,Kenneth Walker,SEA,rush_yds,900.5,875.5,925.5,-112,-115,,901.3,fantasypoints,https://web.archive.org/web/20240628170709id_/https://www.fantasypoints.com/nfl/articles/2024/nfl-rushing-yard-props
2024,James Cook,BUF,rush_yds,875.5,875.5,875.5,-112,-112,,1053.1,fantasypoints,https://web.archive.org/web/20240628170709id_/https://www.fantasypoints.com/nfl/articles/2024/nfl-rushing-yard-props
2024,Jahmyr Gibbs,DET,rush_yds,863,825.5,900.5,-112,-110,,890.3,fantasypoints,https://web.archive.org/web/20240628170709id_/https://www.fantasypoints.com/nfl/articles/2024/nfl-rushing-yard-props
2024,Joe Mixon,HOU,rush_yds,850.5,825.5,875.5,-112,-110,,879.9,fantasypoints,https://web.archive.org/web/20240628170709id_/https://www.fantasypoints.com/nfl/articles/2024/nfl-rushing-yard-props
2024,Rachaad White,TB,rush_yds,825.5,800.5,850.5,-115,-115,,825.7,fantasypoints,https://web.archive.org/web/20240628170709id_/https://www.fantasypoints.com/nfl/articles/2024/nfl-rushing-yard-props
2024,Najee Harris,PIT,rush_yds,800.5,775.5,825.5,-112,-110,,949.0,fantasypoints,https://web.archive.org/web/20240628170709id_/https://www.fantasypoints.com/nfl/articles/2024/nfl-rushing-yard-props
2024,Jonathon Brooks,CAR,rush_yds,800.5,800.5,800.5,-115,-115,,870.5,fantasypoints,https://web.archive.org/web/20240628170709id_/https://www.fantasypoints.com/nfl/articles/2024/nfl-rushing-yard-props
2024,Zack Moss,CIN,rush_yds,788,725.5,850.5,-112,-115,,676.6,fantasypoints,https://web.archive.org/web/20240628170709id_/https://www.fantasypoints.com/nfl/articles/2024/nfl-rushing-yard-props
2024,Zamir White,LV,rush_yds,775.5,750.5,800.5,-115,-112,,910.1,fantasypoints,https://web.archive.org/web/20240628170709id_/https://www.fantasypoints.com/nfl/articles/2024/nfl-rushing-yard-props
2024,David Montgomery,DET,rush_yds,775.5,725.5,825.5,-112,-130,,874.2,fantasypoints,https://web.archive.org/web/20240628170709id_/https://www.fantasypoints.com/nfl/articles/2024/nfl-rushing-yard-props
2024,Rhamondre Stevenson,NE,rush_yds,750.5,750.5,750.5,-115,-115,,959.9,fantasypoints,https://web.archive.org/web/20240628170709id_/https://www.fantasypoints.com/nfl/articles/2024/nfl-rushing-yard-props
2024,D'Andre Swift,CHI,rush_yds,750.5,700.5,800.5,-112,-130,,840.2,fantasypoints,https://web.archive.org/web/20240628170709id_/https://www.fantasypoints.com/nfl/articles/2024/nfl-rushing-yard-props
2024,De'Von Achane,MIA,rush_yds,738,700.5,775.5,-115,-112,,868.3,fantasypoints,https://web.archive.org/web/20240628170709id_/https://www.fantasypoints.com/nfl/articles/2024/nfl-rushing-yard-props
2024,Tony Pollard,TEN,rush_yds,738,675.5,800.5,-115,-140,,787.8,fantasypoints,https://web.archive.org/web/20240628170709id_/https://www.fantasypoints.com/nfl/articles/2024/nfl-rushing-yard-props
2024,Devin Singletary,NYG,rush_yds,725.5,700.5,750.5,-115,-110,,877.1,fantasypoints,https://web.archive.org/web/20240628170709id_/https://www.fantasypoints.com/nfl/articles/2024/nfl-rushing-yard-props
2024,Aaron Jones,MIN,rush_yds,725.5,700.5,750.5,-115,-110,,792.4,fantasypoints,https://web.archive.org/web/20240628170709id_/https://www.fantasypoints.com/nfl/articles/2024/nfl-rushing-yard-props
2024,James Conner,ARI,rush_yds,713,700.5,725.5,-115,-112,,824.0,fantasypoints,https://web.archive.org/web/20240628170709id_/https://www.fantasypoints.com/nfl/articles/2024/nfl-rushing-yard-props
2024,Lamar Jackson,BAL,rush_yds,688,650.5,725.5,-115,-112,,797.8,fantasypoints,https://web.archive.org/web/20240628170709id_/https://www.fantasypoints.com/nfl/articles/2024/nfl-rushing-yard-props
2024,Raheem Mostert,MIA,rush_yds,663,625.5,700.5,-112,-110,,856.1,fantasypoints,https://web.archive.org/web/20240628170709id_/https://www.fantasypoints.com/nfl/articles/2024/nfl-rushing-yard-props
2024,Alvin Kamara,NO,rush_yds,638,625.5,650.5,-110,-112,,628.4,fantasypoints,https://web.archive.org/web/20240628170709id_/https://www.fantasypoints.com/nfl/articles/2024/nfl-rushing-yard-props
2024,Jaylen Warren,PIT,rush_yds,595.5,590.5,600.5,-115,-112,,632.2,fantasypoints,https://web.archive.org/web/20240628170709id_/https://www.fantasypoints.com/nfl/articles/2024/nfl-rushing-yard-props
2024,Ezekiel Elliott,DAL,rush_yds,575.5,575.5,575.5,-112,-112,,530.6,fantasypoints,https://web.archive.org/web/20240628170709id_/https://www.fantasypoints.com/nfl/articles/2024/nfl-rushing-yard-props
2024,Trey Benson,ARI,rush_yds,550.5,550.5,550.5,-115,-115,,627.7,fantasypoints,https://web.archive.org/web/20240628170709id_/https://www.fantasypoints.com/nfl/articles/2024/nfl-rushing-yard-props
2024,Jalen Hurts,PHI,rush_yds,538,525.5,550.5,-115,-110,,616.3,fantasypoints,https://web.archive.org/web/20240628170709id_/https://www.fantasypoints.com/nfl/articles/2024/nfl-rushing-yard-props
2024,Anthony Richardson,IND,rush_yds,538,525.5,550.5,-112,-105,,544.0,fantasypoints,https://web.archive.org/web/20240628170709id_/https://www.fantasypoints.com/nfl/articles/2024/nfl-rushing-yard-props
2024,Jayden Daniels,WAS,rush_yds,525.5,500.5,550.5,-130,-110,,649.9,fantasypoints,https://web.archive.org/web/20240628170709id_/https://www.fantasypoints.com/nfl/articles/2024/nfl-rushing-yard-props
2024,Blake Corum,LAR,rush_yds,500.5,500.5,500.5,-115,-115,,672.4,fantasypoints,https://web.archive.org/web/20240628170709id_/https://www.fantasypoints.com/nfl/articles/2024/nfl-rushing-yard-props
2024,Josh Allen,BUF,rush_yds,490.5,480.5,500.5,-105,-115,,591.6,fantasypoints,https://web.archive.org/web/20240628170709id_/https://www.fantasypoints.com/nfl/articles/2024/nfl-rushing-yard-props
2024,Kyler Murray,ARI,rush_yds,488,475.5,500.5,-112,-115,,473.4,fantasypoints,https://web.archive.org/web/20240628170709id_/https://www.fantasypoints.com/nfl/articles/2024/nfl-rushing-yard-props
2024,MarShawn Lloyd,,rush_yds,480.5,480.5,480.5,-115,-115,,526.3,fantasypoints,https://web.archive.org/web/20240628170709id_/https://www.fantasypoints.com/nfl/articles/2024/nfl-rushing-yard-props
2025,Derrick Henry,BAL,rush_td,13.5,13.5,13.5,-105,-110,,13.7,fantasypoints,https://web.archive.org/web/20250804194343id_/https://www.fantasypoints.com/nfl/articles/2025/nfl-rushing-touchdowns-props
2025,Jalen Hurts,PHI,rush_td,11.5,10.5,12.5,-130,-110,,11.8,fantasypoints,https://web.archive.org/web/20250804194343id_/https://www.fantasypoints.com/nfl/articles/2025/nfl-rushing-touchdowns-props
2025,Saquon Barkley,PHI,rush_td,11,10.5,11.5,-115,-110,,11.6,fantasypoints,https://web.archive.org/web/20250804194343id_/https://www.fantasypoints.com/nfl/articles/2025/nfl-rushing-touchdowns-props
2025,Kyren Williams,LAR,rush_td,11,10.5,11.5,-105,+100,,10.1,fantasypoints,https://web.archive.org/web/20250804194343id_/https://www.fantasypoints.com/nfl/articles/2025/nfl-rushing-touchdowns-props
2025,Josh Allen,BUF,rush_td,10.5,10.5,10.5,+110,-110,,9.0,fantasypoints,https://web.archive.org/web/20250804194343id_/https://www.fantasypoints.com/nfl/articles/2025/nfl-rushing-touchdowns-props
2025,Joe Mixon,HOU,rush_td,10.5,10.5,10.5,+125,-120,,8.0,fantasypoints,https://web.archive.org/web/20250804194343id_/https://www.fantasypoints.com/nfl/articles/2025/nfl-rushing-touchdowns-props
2025,Jahmyr Gibbs,DET,rush_td,10,9.5,10.5,-135,-110,,12.7,fantasypoints,https://web.archive.org/web/20250804194343id_/https://www.fantasypoints.com/nfl/articles/2025/nfl-rushing-touchdowns-props
2025,Bijan Robinson,ATL,rush_td,10,9.5,10.5,-150,-120,,12.1,fantasypoints,https://web.archive.org/web/20250804194343id_/https://www.fantasypoints.com/nfl/articles/2025/nfl-rushing-touchdowns-props
2025,Josh Jacobs,GB,rush_td,9.5,9.5,9.5,+100,-110,,11.2,fantasypoints,https://web.archive.org/web/20250804194343id_/https://www.fantasypoints.com/nfl/articles/2025/nfl-rushing-touchdowns-props
2025,Jonathan Taylor,IND,rush_td,9.5,9.5,9.5,+100,-105,,10.2,fantasypoints,https://web.archive.org/web/20250804194343id_/https://www.fantasypoints.com/nfl/articles/2025/nfl-rushing-touchdowns-props
2025,James Cook,BUF,rush_td,9,8.5,9.5,-130,-110,,9.9,fantasypoints,https://web.archive.org/web/20250804194343id_/https://www.fantasypoints.com/nfl/articles/2025/nfl-rushing-touchdowns-props
2025,James Conner,ARI,rush_td,7.5,7.5,7.5,+105,-125,,8.2,fantasypoints,https://web.archive.org/web/20250804194343id_/https://www.fantasypoints.com/nfl/articles/2025/nfl-rushing-touchdowns-props
2025,Ashton Jeanty,LV,rush_td,7,6.5,7.5,-115,-145,,9.5,fantasypoints,https://web.archive.org/web/20250804194343id_/https://www.fantasypoints.com/nfl/articles/2025/nfl-rushing-touchdowns-props
2025,Bucky Irving,TB,rush_td,7,6.5,7.5,-115,-110,,8.4,fantasypoints,https://web.archive.org/web/20250804194343id_/https://www.fantasypoints.com/nfl/articles/2025/nfl-rushing-touchdowns-props
2025,Chuba Hubbard,CAR,rush_td,6.5,6.5,6.5,+125,-150,,9.0,fantasypoints,https://web.archive.org/web/20250804194343id_/https://www.fantasypoints.com/nfl/articles/2025/nfl-rushing-touchdowns-props
2025,Omarion Hampton,LAC,rush_td,6,5.5,6.5,-125,-130,,8.5,fantasypoints,https://web.archive.org/web/20250804194343id_/https://www.fantasypoints.com/nfl/articles/2025/nfl-rushing-touchdowns-props
2025,Chase Brown,CIN,rush_td,5.5,5.5,5.5,+100,-115,,8.3,fantasypoints,https://web.archive.org/web/20250804194343id_/https://www.fantasypoints.com/nfl/articles/2025/nfl-rushing-touchdowns-props
2025,Jayden Daniels,WAS,rush_td,5.5,5.5,5.5,-115,-105,,5.5,fantasypoints,https://web.archive.org/web/20250804194343id_/https://www.fantasypoints.com/nfl/articles/2025/nfl-rushing-touchdowns-props
2025,Lamar Jackson,BAL,rush_td,4,3.5,4.5,-135,-135,,3.1,fantasypoints,https://web.archive.org/web/20250804194343id_/https://www.fantasypoints.com/nfl/articles/2025/nfl-rushing-touchdowns-props
2025,Saquon Barkley,PHI,rush_yds,1463,1400.5,1525.5,-115,-130,,1632.9,fantasypoints,https://web.archive.org/web/20250610031125id_/https://www.fantasypoints.com/nfl/articles/2025/nfl-rushing-yards-props
2025,Derrick Henry,BAL,rush_yds,1313,1250.5,1375.5,-130,-110,,1713.9,fantasypoints,https://web.archive.org/web/20250610031125id_/https://www.fantasypoints.com/nfl/articles/2025/nfl-rushing-yards-props
2025,Jonathan Taylor,IND,rush_yds,1225.5,1200.5,1250.5,+100,-105,,1247.0,fantasypoints,https://web.archive.org/web/20250610031125id_/https://www.fantasypoints.com/nfl/articles/2025/nfl-rushing-yards-props
2025,Bijan Robinson,ATL,rush_yds,1175.5,1150.5,1200.5,-110,-114,,1368.0,fantasypoints,https://web.archive.org/web/20250610031125id_/https://www.fantasypoints.com/nfl/articles/2025/nfl-rushing-yards-props
2025,Josh Jacobs,GB,rush_yds,1038,1000.5,1075.5,-125,-114,,1131.1,fantasypoints,https://web.archive.org/web/20250610031125id_/https://www.fantasypoints.com/nfl/articles/2025/nfl-rushing-yards-props
2025,Ashton Jeanty,LV,rush_yds,1037.5,999.5,1075.5,-130,-114,,1251.0,fantasypoints,https://web.archive.org/web/20250610031125id_/https://www.fantasypoints.com/nfl/articles/2025/nfl-rushing-yards-props
2025,Jahmyr Gibbs,DET,rush_yds,1025.5,975.5,1075.5,-135,-110,,1213.6,fantasypoints,https://web.archive.org/web/20250610031125id_/https://www.fantasypoints.com/nfl/articles/2025/nfl-rushing-yards-props
2025,Bucky Irving,TB,rush_yds,1013,975.5,1050.5,-115,-110,,1225.0,fantasypoints,https://web.archive.org/web/20250610031125id_/https://www.fantasypoints.com/nfl/articles/2025/nfl-rushing-yards-props
2025,Kyren Williams,LAR,rush_yds,988,950.5,1025.5,-125,-130,,1178.5,fantasypoints,https://web.archive.org/web/20250610031125id_/https://www.fantasypoints.com/nfl/articles/2025/nfl-rushing-yards-props
2025,Christian McCaffrey,SF,rush_yds,950.5,925.5,975.5,-114,-110,,949.3,fantasypoints,https://web.archive.org/web/20250610031125id_/https://www.fantasypoints.com/nfl/articles/2025/nfl-rushing-yards-props
2025,James Cook,BUF,rush_yds,925.5,900.5,950.5,-125,-110,,1043.0,fantasypoints,https://web.archive.org/web/20250610031125id_/https://www.fantasypoints.com/nfl/articles/2025/nfl-rushing-yards-props
2025,Chuba Hubbard,CAR,rush_yds,925.5,900.5,950.5,-110,-115,,987.8,fantasypoints,https://web.archive.org/web/20250610031125id_/https://www.fantasypoints.com/nfl/articles/2025/nfl-rushing-yards-props
2025,Joe Mixon,HOU,rush_yds,915.5,875.5,955.5,-130,-110,,1051.2,fantasypoints,https://web.archive.org/web/20250610031125id_/https://www.fantasypoints.com/nfl/articles/2025/nfl-rushing-yards-props
2025,Breece Hall,NYJ,rush_yds,913,900.5,925.5,-110,-115,,1019.3,fantasypoints,https://web.archive.org/web/20250610031125id_/https://www.fantasypoints.com/nfl/articles/2025/nfl-rushing-yards-props
2025,Kenneth Walker,SEA,rush_yds,863,850.5,875.5,-110,-114,,928.5,fantasypoints,https://web.archive.org/web/20250610031125id_/https://www.fantasypoints.com/nfl/articles/2025/nfl-rushing-yards-props
2025,James Conner,ARI,rush_yds,850.5,800.5,900.5,-110,-115,,1021.3,fantasypoints,https://web.archive.org/web/20250610031125id_/https://www.fantasypoints.com/nfl/articles/2025/nfl-rushing-yards-props
2025,Tony Pollard,TEN,rush_yds,850.5,850.5,850.5,-114,-114,,1012.9,fantasypoints,https://web.archive.org/web/20250610031125id_/https://www.fantasypoints.com/nfl/articles/2025/nfl-rushing-yards-props
2025,D'Andre Swift,CHI,rush_yds,850.5,850.5,850.5,-110,-110,,743.7,fantasypoints,https://web.archive.org/web/20250610031125id_/https://www.fantasypoints.com/nfl/articles/2025/nfl-rushing-yards-props
2025,Chase Brown,CIN,rush_yds,838,825.5,850.5,-115,-110,,996.2,fantasypoints,https://web.archive.org/web/20250610031125id_/https://www.fantasypoints.com/nfl/articles/2025/nfl-rushing-yards-props
2025,Aaron Jones,MIN,rush_yds,813,725.5,900.5,-115,-110,,863.3,fantasypoints,https://web.archive.org/web/20250610031125id_/https://www.fantasypoints.com/nfl/articles/2025/nfl-rushing-yards-props
2025,De'Von Achane,MIA,rush_yds,800.5,800.5,800.5,-110,-110,,890.4,fantasypoints,https://web.archive.org/web/20250610031125id_/https://www.fantasypoints.com/nfl/articles/2025/nfl-rushing-yards-props
2025,Alvin Kamara,NO,rush_yds,788,725.5,850.5,-115,-110,,827.7,fantasypoints,https://web.archive.org/web/20250610031125id_/https://www.fantasypoints.com/nfl/articles/2025/nfl-rushing-yards-props
2025,Omarion Hampton,LAC,rush_yds,775.5,750.5,800.5,-115,-110,,970.4,fantasypoints,https://web.archive.org/web/20250610031125id_/https://www.fantasypoints.com/nfl/articles/2025/nfl-rushing-yards-props
2025,Brian Robinson,WAS,rush_yds,763,725.5,800.5,-115,-110,,778.3,fantasypoints,https://web.archive.org/web/20250610031125id_/https://www.fantasypoints.com/nfl/articles/2025/nfl-rushing-yards-props
2025,Lamar Jackson,BAL,rush_yds,750.5,725.5,775.5,-115,-110,,855.0,fantasypoints,https://web.archive.org/web/20250610031125id_/https://www.fantasypoints.com/nfl/articles/2025/nfl-rushing-yards-props
2025,Jayden Daniels,WAS,rush_yds,700.5,675.5,725.5,-110,-110,,852.0,fantasypoints,https://web.archive.org/web/20250610031125id_/https://www.fantasypoints.com/nfl/articles/2025/nfl-rushing-yards-props
2025,Quinshon Judkins,CLE,rush_yds,600.5,575.5,625.5,-135,-110,,944.2,fantasypoints,https://web.archive.org/web/20250610031125id_/https://www.fantasypoints.com/nfl/articles/2025/nfl-rushing-yards-props
2025,Jalen Hurts,PHI,rush_yds,588,575.5,600.5,-115,-110,,639.0,fantasypoints,https://web.archive.org/web/20250610031125id_/https://www.fantasypoints.com/nfl/articles/2025/nfl-rushing-yards-props
2025,Kyler Murray,ARI,rush_yds,488,475.5,500.5,-110,-110,,443.0,fantasypoints,https://web.archive.org/web/20250610031125id_/https://www.fantasypoints.com/nfl/articles/2025/nfl-rushing-yards-props
2025,Josh Allen,BUF,rush_yds,475.5,450.5,500.5,-130,-110,,543.0,fantasypoints,https://web.archive.org/web/20250610031125id_/https://www.fantasypoints.com/nfl/articles/2025/nfl-rushing-yards-props
