year,player,prior_rush_yards,prior_games,prior_carries,line,line_minus_prior,actual,diff,result,games,prior_injury
2022,Derrick Henry,937,8,219,1350.5,413.5,1538.0,187.5,over,16,True
2022,Jonathan Taylor,1811,17,332,1350.5,-460.5,861.0,-489.5,under,11,False
2022,Nick Chubb,1259,14,228,1150.5,-108.5,1525.0,374.5,over,17,False
2022,Joe Mixon,1205,16,292,1100.5,-104.5,814.0,-286.5,under,14,False
2022,Dalvin Cook,1159,13,249,1100.5,-58.5,1173.0,72.5,over,17,True
2022,Najee Harris,1200,17,307,1100.5,-99.5,1034.0,-66.5,under,17,False
2022,Ezekiel Elliott,1002,17,237,900.5,-101.5,876.0,-24.5,under,15,False
2022,Elijah Mitchell,963,11,207,900.5,-62.5,279.0,-621.5,under,5,True
2022,Saquon Barkley,593,13,162,900.5,307.5,1312.0,411.5,over,16,True
2022,Miles Sanders,754,12,137,900.5,146.5,1269.0,368.5,over,17,True
2022,David Montgomery,849,13,225,875.5,26.5,801.0,-74.5,under,16,True
2022,Javonte Williams,903,17,203,875.5,-27.5,204.0,-671.5,under,4,False
2022,Damien Harris,929,15,202,850.5,-78.5,462.0,-388.5,under,11,False
2022,James Conner,752,15,202,825.5,73.5,782.0,-43.5,under,13,False
2022,Leonard Fournette,812,14,180,825.5,13.5,668.0,-157.5,under,16,False
2022,Josh Jacobs,872,15,217,825.5,-46.5,1653.0,827.5,over,17,False
2022,Antonio Gibson,1037,16,258,775.5,-261.5,546.0,-229.5,under,15,False
2022,Devin Singletary,870,17,188,775.5,-94.5,819.0,43.5,over,16,False
2022,Clyde Edwards-Helaire,517,10,119,739.5,222.5,302.0,-437.5,under,10,True
2022,AJ Dillon,803,17,187,700.5,-102.5,770.0,69.5,over,17,False
2023,Nick Chubb,1525,17,302,1213.0,-312.0,170.0,-1043.0,under,2,False
2023,Derrick Henry,1538,16,349,1188.0,-350.0,1167.0,-21.0,under,17,False
2023,Jonathan Taylor,861,11,192,1175.5,314.5,741.0,-434.5,under,10,True
2023,Josh Jacobs,1653,17,340,1075.5,-577.5,805.0,-270.5,under,13,False
2023,Tony Pollard,1007,16,193,1038.0,31.0,1005.0,-33.0,under,17,False
2023,Saquon Barkley,1312,16,295,988.0,-324.0,962.0,-26.0,under,14,False
2023,Rhamondre Stevenson,1040,17,210,963.0,-77.0,619.0,-344.0,under,12,False
2023,Kenneth Walker,1050,15,228,963.0,-87.0,905.0,-58.0,under,15,False
2023,Najee Harris,1034,17,272,950.5,-83.5,1035.0,84.5,over,17,False
2023,Travis Etienne,1125,17,220,950.0,-175.0,1008.0,58.0,over,17,False
2023,Miles Sanders,1269,17,259,925.0,-344.0,432.0,-493.0,under,16,False
2023,Dameon Pierce,939,13,220,900.0,-39.0,416.0,-484.0,under,14,True
2023,Christian McCaffrey,1139,17,244,875.5,-263.5,1459.0,583.5,over,16,False
2023,Breece Hall,463,7,80,863.0,400.0,994.0,131.0,over,17,True
2023,Justin Fields,1143,15,160,850.5,-292.5,657.0,-193.5,under,13,False
2023,J.K. Dobbins,520,8,92,838.0,318.0,22.0,-816.0,under,1,True
2023,Aaron Jones,1121,17,213,838.0,-283.0,656.0,-182.0,under,11,False
2023,Joe Mixon,814,14,210,813.0,-1.0,1034.0,221.0,over,17,False
2023,Brian Robinson,797,12,205,800.0,3.0,733.0,-67.0,under,15,True
2023,Isiah Pacheco,830,17,170,795.5,-34.5,935.0,139.5,over,14,False
2023,Austin Ekeler,915,17,204,793.0,-122.0,628.0,-165.0,under,14,False
2023,Lamar Jackson,764,12,112,775.5,11.5,821.0,45.5,over,16,True
2023,David Montgomery,801,16,201,763.0,-38.0,1015.0,252.0,over,14,False
2023,James Conner,782,13,183,750.5,-31.5,1040.0,289.5,over,13,True
2023,Cam Akers,786,15,188,750.0,-36.0,167.0,-583.0,under,7,False
2023,A.J. Dillon,770,17,186,738.0,-32.0,613.0,-125.0,under,15,False
2023,Rachaad White,481,17,129,723.0,242.0,990.0,267.0,over,17,False
2023,Jalen Hurts,760,15,165,713.0,-47.0,605.0,-108.0,under,17,False
2023,Rashaad Penny,346,5,57,632.5,286.5,33.0,-599.5,under,3,True
2023,Josh Allen,762,16,124,588.0,-174.0,524.0,-64.0,under,17,False
2023,D'Andre Swift,542,14,99,578.0,36.0,1049.0,471.0,over,16,False
2023,Daniel Jones,708,16,120,575.5,-132.5,206.0,-369.5,under,6,False
2024,Christian McCaffrey,1459,16,272,1138.0,-321.0,202.0,-936.0,under,4,False
2024,Jonathan Taylor,741,10,169,1038.0,297.0,1431.0,393.0,over,14,True
2024,Breece Hall,994,17,223,1025.5,31.5,876.0,-149.5,under,16,False
2024,Saquon Barkley,962,14,247,1025.5,63.5,2005.0,979.5,over,16,False
2024,Derrick Henry,1167,17,280,963.0,-204.0,1921.0,958.0,over,17,False
2024,Kyren Williams,1144,12,228,950.5,-193.5,1299.0,348.5,over,16,True
2024,Bijan Robinson,976,17,214,950.5,-25.5,1456.0,505.5,over,17,False
2024,Josh Jacobs,805,13,233,938.0,133.0,1329.0,391.0,over,17,True
2024,Travis Etienne,1008,17,267,913.0,-95.0,558.0,-355.0,under,15,False
2024,Kenneth Walker,905,15,219,900.5,-4.5,573.0,-327.5,under,11,False
2024,Isaiah Pacheco,935,14,205,900.5,-34.5,310.0,-590.5,under,7,False
2024,James Cook,1122,17,237,875.5,-246.5,1009.0,133.5,over,16,False
2024,Jahmyr Gibbs,945,15,182,863.0,-82.0,1412.0,549.0,over,17,False
2024,Joe Mixon,1034,17,257,850.5,-183.5,1016.0,165.5,over,14,False
2024,Rachaad White,990,17,272,825.5,-164.5,613.0,-212.5,under,15,False
2024,Najee Harris,1035,17,255,800.5,-234.5,1043.0,242.5,over,17,False
2024,Zack Moss,794,14,183,788.0,-6.0,242.0,-546.0,under,8,False
2024,David Montgomery,1015,14,219,775.5,-239.5,775.0,-0.5,under,14,False
2024,Zamir White,451,13,104,775.5,324.5,183.0,-592.5,under,8,True
2024,D'Andre Swift,1049,16,229,750.5,-298.5,959.0,208.5,over,17,False
2024,Rhamondre Stevenson,619,12,156,750.5,131.5,801.0,50.5,over,15,True
2024,De'Von Achane,800,11,103,738.0,-62.0,907.0,169.0,over,17,True
2024,Tony Pollard,1005,17,252,738.0,-267.0,1079.0,341.0,over,16,False
2024,Aaron Jones,656,11,142,725.5,69.5,1138.0,412.5,over,17,True
2024,Devin Singletary,898,17,216,725.5,-172.5,437.0,-288.5,under,15,False
2024,James Conner,1040,13,208,713.0,-327.0,1094.0,381.0,over,16,True
2024,Lamar Jackson,821,16,148,688.0,-133.0,915.0,227.0,over,17,False
2024,Raheem Mostert,1012,15,209,663.0,-349.0,278.0,-385.0,under,13,False
2024,Alvin Kamara,694,13,180,638.0,-56.0,950.0,312.0,over,14,True
2024,Jaylen Warren,784,17,149,595.5,-188.5,511.0,-84.5,under,15,False
2024,Ezekiel Elliott,642,17,184,575.5,-66.5,226.0,-349.5,under,15,False
2024,Jalen Hurts,605,17,157,538.0,-67.0,630.0,92.0,over,15,False
2024,Anthony Richardson,136,4,25,538.0,402.0,499.0,-39.0,under,11,True
2024,Josh Allen,524,17,111,490.5,-33.5,531.0,40.5,over,16,False
2024,Kyler Murray,244,8,44,488.0,244.0,572.0,84.0,over,17,True
2025,Saquon Barkley,2005,16,345,1463.0,-542.0,1140.0,-323.0,under,16,False
2025,Derrick Henry,1921,17,325,1313.0,-608.0,1595.0,282.0,over,17,False
2025,Jonathan Taylor,1431,14,303,1225.5,-205.5,1585.0,359.5,over,17,False
2025,Bijan Robinson,1456,17,304,1175.5,-280.5,1478.0,302.5,over,17,False
2025,Josh Jacobs,1329,17,301,1038.0,-291.0,929.0,-109.0,under,15,False
2025,Jahmyr Gibbs,1412,17,250,1025.5,-386.5,1223.0,197.5,over,17,False
2025,Bucky Irving,1122,17,207,1013.0,-109.0,588.0,-425.0,under,10,False
2025,Kyren Williams,1299,16,316,988.0,-311.0,1252.0,264.0,over,17,False
2025,Christian McCaffrey,202,4,50,950.5,748.5,1202.0,251.5,over,17,True
2025,James Cook,1009,16,207,925.5,-83.5,1621.0,695.5,over,17,False
2025,Chuba Hubbard,1195,15,250,925.5,-269.5,511.0,-414.5,under,15,False
2025,Joe Mixon,1016,14,245,915.5,-100.5,0.0,-915.5,under,0,False
2025,Breece Hall,876,16,209,913.0,37.0,1065.0,152.0,over,16,False
2025,Kenneth Walker,573,11,153,863.0,290.0,1027.0,164.0,over,17,True
2025,James Conner,1094,16,236,850.5,-243.5,95.0,-755.5,under,3,False
2025,Tony Pollard,1079,16,260,850.5,-228.5,1082.0,231.5,over,17,False
2025,D'Andre Swift,959,17,253,850.5,-108.5,1087.0,236.5,over,16,False
2025,Chase Brown,990,16,229,838.0,-152.0,1019.0,181.0,over,17,False
2025,Aaron Jones,1138,17,255,813.0,-325.0,548.0,-265.0,under,12,False
2025,De'Von Achane,907,17,203,800.5,-106.5,1350.0,549.5,over,16,False
2025,Alvin Kamara,950,14,228,788.0,-162.0,471.0,-317.0,under,11,False
2025,Brian Robinson,799,14,187,763.0,-36.0,400.0,-363.0,under,17,False
2025,Lamar Jackson,915,17,139,750.5,-164.5,349.0,-401.5,under,13,False
2025,Jayden Daniels,891,17,148,700.5,-190.5,278.0,-422.5,under,7,False
2025,Jalen Hurts,630,15,150,588.0,-42.0,421.0,-167.0,under,16,False
2025,Kyler Murray,572,17,78,488.0,-84.0,173.0,-315.0,under,5,False
2025,Josh Allen,531,16,102,475.5,-55.5,579.0,103.5,over,16,False
