player_id,player_display_name,position,recent_team,games,carries,rushing_yards,rushing_tds,rushing_first_downs,receptions,receiving_yards,receiving_tds
00-0023459,Aaron Rodgers,QB,NYJ,17,22,107,0,7,0,0,0
00-0026158,Joe Flacco,QB,IND,7,9,26,0,2,0,0,0
00-0026300,Josh Johnson,QB,BAL,4,4,1,0,0,0,0,0
00-0026498,Matthew Stafford,QB,LA,16,30,41,0,10,0,0,0
00-0027973,Andy Dalton,QB,CAR,6,11,34,0,2,0,0,0
00-0028118,Tyrod Taylor,QB,NYJ,2,3,13,0,0,0,0,0
00-0029263,Russell Wilson,QB,PIT,11,43,155,2,16,0,0,0
00-0029604,Kirk Cousins,QB,ATL,14,23,0,0,2,0,0,0
00-0029892,Kyle Juszczyk,FB,SF,14,5,26,1,1,19,200,2
00-0030506,Travis Kelce,TE,KC,16,1,1,0,0,97,823,3
00-0030565,Geno Smith,QB,SEA,17,53,272,2,17,0,0,0
00-0030578,Cordarrelle Patterson,RB,PIT,13,32,135,0,7,12,80,1
00-0031236,Brandin Cooks,WR,DAL,10,3,-3,0,0,26,259,3
00-0031280,Derek Carr,QB,NO,10,17,71,1,4,0,0,0
00-0031345,Jimmy Garoppolo,QB,LA,1,2,5,0,0,0,0,0
00-0031503,Jameis Winston,QB,CLE,11,25,83,1,17,0,0,0
00-0031588,Stefon Diggs,WR,HOU,8,3,8,1,1,47,496,3
00-0031595,Michael Burton,FB,DEN,12,7,8,1,3,10,65,1
00-0031687,Raheem Mostert,RB,MIA,13,85,278,2,13,19,161,0
00-0031800,Taylor Heinicke,QB,LAC,4,2,20,0,1,0,0,0
00-0032104,Ameer Abdullah,RB,LV,15,66,311,2,14,40,261,3
00-0032268,Marcus Mariota,QB,WAS,3,18,92,1,6,0,0,0
00-0032385,Sterling Shepard,WR,TB,13,8,69,0,4,32,334,1
00-0032434,Brandon Allen,QB,SF,3,3,4,0,0,0,0,0
00-0032464,Kalif Raymond,WR,DET,12,2,0,0,1,17,215,2
00-0032764,Derrick Henry,RB,BAL,17,325,1921,16,94,19,193,2
00-0032918,C.J. Ham,FB,MIN,10,2,10,1,1,5,35,0
00-0032950,Carson Wentz,QB,KC,2,3,0,0,0,0,0,0
00-0033009,Tyler Boyd,WR,TEN,15,1,3,0,1,39,390,0
00-0033040,Tyreek Hill,WR,MIA,17,8,53,0,2,81,959,6
00-0033045,Ezekiel Elliott,RB,DAL,15,74,226,3,14,12,69,0
00-0033077,Dak Prescott,QB,DAL,8,13,54,1,5,0,0,0
00-0033106,Jared Goff,QB,DET,17,35,56,0,9,1,7,1
00-0033119,Jacoby Brissett,QB,NE,7,15,62,0,5,0,0,0
00-0033280,Christian McCaffrey,RB,SF,4,50,202,0,12,15,146,0
00-0033282,Curtis Samuel,WR,BUF,14,5,14,0,0,31,253,1
00-0033293,Aaron Jones,RB,MIN,17,255,1138,5,49,51,408,2
00-0033307,Kendrick Bourne,WR,NE,12,1,6,0,1,28,305,1
00-0033319,Nick Mullens,QB,MIN,4,3,-2,0,0,0,0,0
00-0033357,Taysom Hill,TE,NO,8,39,278,6,18,23,187,0
00-0033526,Samaje Perine,RB,KC,17,20,92,1,7,28,322,1
00-0033537,Deshaun Watson,QB,CLE,7,31,148,1,8,0,0,0
00-0033553,James Conner,RB,ARI,16,236,1094,8,67,47,414,1
00-0033557,Jalen Reeves-Maybin,LB,DET,9,1,1,0,0,0,0,0
00-0033589,David Moore,WR,CAR,15,1,0,0,0,32,351,3
00-0033662,Cooper Rush,QB,DAL,12,26,18,0,5,0,0,0
00-0033699,Austin Ekeler,RB,WAS,12,77,367,4,19,35,366,0
00-0033854,Dare Ogunbowale,RB,HOU,16,30,112,0,5,19,198,1
00-0033858,Jonnu Smith,TE,MIA,17,2,-1,0,0,88,884,8
00-0033869,Mitchell Trubisky,QB,BUF,8,17,1,0,1,0,0,0
00-0033873,Patrick Mahomes,QB,KC,16,58,307,2,22,1,2,0
00-0033893,Dalvin Cook,RB,DAL,2,8,20,0,0,1,10,0
00-0033897,Joe Mixon,RB,HOU,14,245,1016,11,52,36,309,1
00-0033906,Alvin Kamara,RB,NO,14,228,950,6,52,68,543,2
00-0033908,Cooper Kupp,WR,LA,12,2,10,0,1,67,710,6
00-0033921,Chris Godwin Jr.,WR,TB,7,1,2,0,1,50,576,5
00-0033923,Kareem Hunt,RB,KC,13,200,728,7,42,23,176,0
00-0033925,D'Onta Foreman,RB,CLE,10,71,232,0,10,6,54,0
00-0033948,Jamaal Williams,RB,NO,14,48,164,1,11,9,57,0
00-0033949,Joshua Dobbs,QB,SF,2,9,24,2,2,0,0,0
00-0033955,Jeremy McNichols,RB,WAS,15,55,261,4,15,9,27,0
00-0034115,Jeff Wilson,RB,MIA,7,16,57,0,3,3,19,0
00-0034162,J.K. Scott,P,LAC,17,1,0,0,0,0,0,0
00-0034177,Tim Boyle,QB,NYG,3,3,9,0,1,0,0,0
00-0034184,Gus Edwards,RB,LAC,11,101,365,4,17,3,6,0
00-0034208,Mike Boone,RB,CAR,5,13,51,0,3,1,-2,0
00-0034270,Tyler Conklin,TE,NYJ,16,1,0,0,0,51,449,4
00-0034272,Marquez Valdes-Scantling,WR,NO,13,1,4,0,0,19,411,4
00-0034407,Ray-Ray McCloud,WR,ATL,17,10,79,0,3,62,686,1
00-0034488,Tavierre Thomas,SAF,TB,9,1,-2,0,0,0,0,0
00-0034613,Tanner Hudson,TE,CIN,9,1,1,0,1,19,154,1
00-0034753,Mark Andrews,TE,BAL,17,4,5,0,3,55,673,11
00-0034771,Mason Rudolph,QB,TEN,8,25,106,1,13,0,0,0
00-0034791,Nick Chubb,RB,CLE,8,102,332,3,17,5,31,1
00-0034796,Lamar Jackson,QB,BAL,17,139,915,4,47,0,0,0
00-0034827,DJ Moore,WR,CHI,17,14,75,0,3,98,966,6
00-0034837,Calvin Ridley,WR,TEN,17,8,55,1,3,64,1017,4
00-0034844,Saquon Barkley,RB,PHI,16,345,2005,13,82,33,278,2
00-0034855,Baker Mayfield,QB,TB,17,60,378,3,24,0,0,0
00-0034857,Josh Allen,QB,BUF,16,102,531,12,51,0,7,1
00-0034869,Sam Darnold,QB,MIN,17,67,212,1,23,0,0,0
00-0034928,Steven Sims,WR,BAL,9,1,0,0,0,0,0,0
00-0034960,Jakobi Meyers,WR,LV,15,2,23,0,1,87,1027,4
00-0034972,Alexander Mattison,RB,LV,14,132,420,4,25,36,294,1
00-0034974,Julian Love,SAF,SEA,17,1,2,0,1,0,0,0
00-0034975,Justice Hill,RB,BAL,15,47,228,1,14,42,383,3
00-0035021,Ashton Dulin,WR,IND,13,5,45,0,2,2,67,1
00-0035100,Jake Browning,QB,CIN,2,2,-2,0,0,0,0,0
00-0035125,Alec Ingold,FB,MIA,10,10,17,1,6,11,96,0
00-0035140,Mecole Hardman,WR,KC,12,5,62,1,2,12,90,0
00-0035208,Olamide Zaccheaus,WR,WAS,16,1,8,0,1,45,506,3
00-0035216,Diontae Johnson,WR,HOU,11,2,6,0,1,33,375,3
00-0035228,Kyler Murray,QB,ARI,17,78,572,5,27,0,0,0
00-0035243,Miles Sanders,RB,CAR,11,55,205,2,12,24,148,1
00-0035250,Devin Singletary,RB,NYG,15,113,437,4,24,21,119,0
00-0035261,Tony Pollard,RB,TEN,16,260,1079,5,53,41,238,0
00-0035264,Jarrett Stidham,QB,DEN,2,4,5,0,1,0,0,0
00-0035280,Jake Bailey,P,MIA,16,1,0,0,0,0,0,0
00-0035289,Gardner Minshew,QB,LV,10,19,58,0,5,0,0,0
00-0035311,Myles Gaskin,RB,MIN,4,3,-1,0,0,1,11,0
00-0035500,Greg Dortch,WR,ARI,17,5,31,0,1,37,342,3
00-0035535,Darius Slayton,WR,NYG,16,2,17,0,1,39,573,2
00-0035537,Ty Johnson,RB,BUF,17,41,213,1,13,18,284,3
00-0035567,Craig Reynolds,RB,DET,8,31,139,0,6,3,40,0
00-0035594,Travis Homer,RB,CHI,8,6,23,0,2,3,11,0
00-0035628,D'Ernest Johnson,RB,JAX,12,32,143,0,7,12,96,0
00-0035631,Drew Sample,TE,CIN,11,1,-4,0,0,20,109,1
00-0035659,Terry McLaurin,WR,WAS,17,2,2,0,0,82,1096,13
00-0035685,David Montgomery,RB,DET,14,185,775,12,50,36,341,0
00-0035700,Josh Jacobs,RB,GB,17,301,1329,15,73,36,342,1
00-0035704,Drew Lock,QB,NYG,7,18,133,2,9,0,0,0
00-0035710,Daniel Jones,QB,NYG,10,67,265,2,26,0,0,0
00-0035719,Deebo Samuel Sr.,WR,SF,15,42,136,1,5,51,670,3
00-0035806,JaMycal Hasty,RB,NE,12,20,69,0,4,10,59,1
00-0035860,Tony Jones,RB,ARI,1,4,55,1,1,0,0,0
00-0035924,Jonathan Ward,RB,PIT,4,5,22,0,1,0,0,0
00-0035973,Patrick Taylor,RB,SF,7,39,183,1,11,3,25,0
00-0035993,Tyler Huntley,QB,MIA,5,26,135,2,10,0,0,0
00-0036096,J.J. Taylor,RB,HOU,3,10,44,0,1,2,0,0
00-0036139,Rico Dowdle,RB,DAL,16,235,1079,2,53,39,249,3
00-0036158,J.K. Dobbins,RB,LAC,13,195,905,9,47,32,153,0
00-0036187,Reggie Gilliam,RB,BUF,7,3,7,0,1,0,0,0
00-0036212,Tua Tagovailoa,QB,MIA,11,17,49,0,5,0,0,0
00-0036223,Jonathan Taylor,RB,IND,14,303,1431,11,71,18,136,1
00-0036251,Zack Moss,RB,CIN,8,74,242,2,13,23,187,1
00-0036264,Jordan Love,QB,GB,15,25,83,1,9,0,0,0
00-0036268,Laviska Shenault Jr.,WR,SEA,10,1,1,0,0,5,36,0
00-0036275,D'Andre Swift,RB,CHI,17,253,959,6,43,42,386,0
00-0036297,Darrynton Evans,RB,CHI,1,3,3,0,0,0,0,0
00-0036322,Justin Jefferson,WR,MIN,17,1,3,0,0,103,1533,10
00-0036328,Antonio Gibson,RB,NE,17,120,538,1,24,23,206,0
00-0036329,Ashtyn Davis,SAF,NYJ,10,1,21,0,1,0,0,0
00-0036331,Devin Duvernay,WR,JAX,13,4,3,0,1,11,79,0
00-0036355,Justin Herbert,QB,LAC,17,69,306,2,23,0,0,0
00-0036358,CeeDee Lamb,WR,DAL,15,14,70,0,4,101,1194,6
00-0036360,Clyde Edwards-Helaire,RB,NO,2,13,46,0,2,3,24,0
00-0036370,Joshua Kelley,RB,TEN,1,1,2,0,0,0,0,0
00-0036387,Jalen Reagor,WR,LAC,7,3,-3,0,0,7,100,0
00-0036389,Jalen Hurts,QB,PHI,15,150,630,14,62,0,0,0
00-0036414,Cam Akers,RB,MIN,16,104,444,2,21,14,68,3
00-0036425,DeeJay Dallas,RB,ARI,16,9,49,0,4,3,11,1
00-0036442,Joe Burrow,QB,CIN,17,42,201,2,16,0,0,0
00-0036450,Ke'Shawn Vaughn,RB,SF,1,2,4,0,0,0,0,0
00-0036527,DJ Turner,WR,LV,12,5,33,1,1,16,158,1
00-0036555,Chuba Hubbard,RB,CAR,15,250,1195,10,62,43,171,1
00-0036613,Jaylen Waddle,WR,MIA,15,4,12,0,1,58,744,2
00-0036626,Dyami Brown,WR,WAS,15,3,26,0,1,30,308,1
00-0036637,Noah Gray,TE,KC,16,1,-4,0,0,40,437,5
00-0036670,Jermar Jefferson,RB,DET,2,6,22,0,1,1,10,0
00-0036849,Tutu Atwell,WR,LA,15,2,7,0,0,42,562,0
00-0036875,Rhamondre Stevenson,RB,NE,15,207,801,7,40,33,168,1
00-0036893,Najee Harris,RB,PIT,17,263,1043,6,50,36,283,0
00-0036898,Davis Mills,QB,HOU,4,3,11,0,1,0,0,0
00-0036900,Ja'Marr Chase,WR,CIN,17,3,32,0,2,127,1708,17
00-0036906,Khalil Herbert,RB,CIN,11,36,130,1,10,10,25,0
00-0036912,DeVonta Smith,WR,PHI,13,1,1,0,0,68,833,8
00-0036913,Kadarius Toney,WR,CLE,3,2,-4,0,0,0,0,0
00-0036919,Kenny Gainwell,RB,PHI,17,75,290,1,12,16,116,0
00-0036924,Michael Carter,RB,ARI,3,35,131,1,9,11,57,0
00-0036928,Kyle Trask,QB,TB,3,5,-4,0,0,0,0,0
00-0036945,Justin Fields,QB,PIT,10,62,289,5,19,0,0,0
00-0036963,Amon-Ra St. Brown,WR,DET,17,2,6,0,1,115,1263,12
00-0036971,Trevor Lawrence,QB,JAX,10,26,119,3,13,0,-5,0
00-0036972,Mac Jones,QB,JAX,10,28,92,1,12,0,0,0
00-0036973,Travis Etienne,RB,JAX,15,150,558,2,31,39,254,0
00-0036980,Elijah Moore,WR,CLE,17,1,1,0,0,61,538,1
00-0036984,Trey Sermon,RB,IND,15,56,159,2,14,16,99,0
00-0036997,Javonte Williams,RB,DEN,17,139,513,4,30,52,346,0
00-0037012,Trey Lance,QB,DAL,4,11,41,0,3,0,0,0
00-0037077,Sam Howell,QB,SEA,1,1,2,0,0,0,0,0
00-0037085,Tyler Badie,RB,DEN,3,11,86,0,4,3,-2,0
00-0037091,Bo Melton,WR,GB,13,8,54,0,4,8,91,0
00-0037120,Tyler Goodson,RB,IND,14,32,153,1,6,11,61,1
00-0037197,Isiah Pacheco,RB,KC,7,83,310,1,14,12,79,0
00-0037228,Jaylen Warren,RB,PIT,15,120,511,1,28,38,310,0
00-0037231,Kevin Austin Jr.,WR,NO,8,1,9,0,0,11,151,0
00-0037238,Drake London,WR,ATL,17,1,-3,0,0,100,1271,9
00-0037239,Chris Olave,WR,NO,8,1,7,0,1,32,400,1
00-0037240,Jameson Williams,WR,DET,15,11,61,1,5,58,1001,7
00-0037247,George Pickens,WR,PIT,14,2,-6,0,0,59,900,3
00-0037248,James Cook,RB,BUF,16,207,1009,16,48,32,258,2
00-0037253,Marcus Jones,CB,NE,14,1,5,0,0,1,18,0
00-0037256,Rachaad White,RB,TB,15,144,613,3,35,51,393,6
00-0037258,Dameon Pierce,RB,HOU,10,40,293,2,7,2,2,0
00-0037261,Khalil Shakir,WR,BUF,15,2,4,0,0,76,821,4
00-0037263,Tyler Allgeier,RB,ATL,17,137,644,3,43,13,88,0
00-0037267,Jerome Ford,RB,CLE,14,104,565,3,25,37,225,0
00-0037276,Ty Chandler,RB,MIN,14,56,182,0,9,6,42,0
00-0037291,Jalen Nailor,WR,MIN,15,3,-4,0,1,28,414,6
00-0037324,Chris Oladokun,QB,KC,1,1,5,0,0,0,0,0
00-0037327,Skylar Thompson,QB,MIA,2,1,4,0,0,0,0,0
00-0037429,Raheem Blackshear,RB,CAR,16,15,80,0,2,0,0,0
00-0037450,Tyreik McAllister,WR,LV,2,2,11,0,1,0,0,0
00-0037487,Deven Thompkins,WR,CAR,5,2,7,0,0,4,20,0
00-0037509,Sincere McCormick,RB,LV,4,39,183,0,10,6,29,0
00-0037525,Jordan Mason,RB,SF,12,153,789,3,37,11,91,0
00-0037545,Rashid Shaheed,WR,NO,6,6,29,0,2,20,349,3
00-0037557,Ronnie Rivers,RB,LA,6,22,99,0,6,5,34,0
00-0037594,Julius Chestnut,RB,TEN,12,22,102,0,2,2,11,0
00-0037609,Aaron Shampklin,RB,PIT,3,6,17,0,1,0,0,0
00-0037617,Hassan Haskins,RB,LAC,12,34,89,2,13,3,49,1
00-0037740,Garrett Wilson,WR,NYJ,17,2,5,0,1,101,1104,7
00-0037741,Jahan Dotson,WR,PHI,14,1,13,0,1,19,216,0
00-0037742,Treylon Burks,WR,TEN,5,2,1,0,0,4,34,0
00-0037744,Trey McBride,TE,ARI,16,1,2,1,1,111,1146,2
00-0037745,Velus Jones Jr.,WR,CAR,2,3,11,0,1,1,8,0
00-0037746,Brian Robinson,RB,WAS,14,187,799,8,47,20,159,0
00-0037801,KaVontae Turpin,WR,DAL,17,16,92,0,6,31,420,2
00-0037809,Chig Okonkwo,TE,TEN,16,1,17,0,1,52,479,2
00-0037827,Tyrion Davis-Price,RB,PHI,1,3,7,0,0,0,0,0
00-0037834,Brock Purdy,QB,SF,15,66,323,5,33,0,0,0
00-0037840,Kyren Williams,RB,LA,16,316,1299,14,85,34,182,2
00-0038040,Zamir White,RB,LV,8,65,183,1,4,6,30,0
00-0038046,Charlie Kolar,TE,BAL,10,1,2,0,1,9,131,1
00-0038098,Pierre Strong,RB,CLE,13,26,108,0,6,14,104,0
00-0038102,Kenny Pickett,QB,PHI,5,9,15,1,3,0,0,0
00-0038108,Bailey Zappe,QB,CLE,1,2,2,0,0,0,0,0
00-0038117,Wan'Dale Robinson,WR,NYG,17,3,18,0,1,93,699,3
00-0038120,Breece Hall,RB,NYJ,16,209,876,5,40,57,483,3
00-0038122,Desmond Ridder,QB,LV,5,9,36,0,2,0,0,0
00-0038123,Dane Belton,SAF,NYG,13,1,10,0,1,0,0,0
00-0038124,Christian Watson,WR,GB,14,4,23,0,1,29,620,2
00-0038128,Malik Willis,QB,GB,6,20,138,1,6,0,0,0
00-0038129,Cade Otton,TE,TB,14,1,-4,0,0,59,600,4
00-0038134,Kenneth Walker III,RB,SEA,11,153,573,7,28,46,299,1
00-0038359,Xavier Smith,WR,LA,14,4,36,0,1,2,6,0
00-0038396,Eric Gray,RB,NYG,14,14,31,0,1,10,82,0
00-0038400,Tanner McKee,QB,PHI,2,5,-1,0,1,0,0,0
00-0038416,Tyson Bagent,QB,CHI,4,6,-7,0,0,0,0,0
00-0038454,Keaton Mitchell,RB,BAL,4,15,30,0,2,1,28,0
00-0038476,Tommy DeVito,QB,NYG,2,8,32,0,1,0,0,0
00-0038496,Xavier Gipson,WR,NYJ,17,1,5,0,1,6,39,1
00-0038542,Bijan Robinson,RB,ATL,17,304,1456,14,82,61,431,1
00-0038543,Jaxon Smith-Njigba,WR,SEA,17,5,26,0,1,100,1130,6
00-0038544,Quentin Johnston,WR,LAC,15,3,6,0,0,55,711,8
00-0038550,Hendon Hooker,QB,DET,3,5,2,0,1,0,0,0
00-0038551,Kendre Miller,RB,NO,6,39,148,1,11,5,33,0
00-0038555,Tank Bigsby,RB,JAX,16,168,766,7,39,7,54,0
00-0038559,Michael Wilson,WR,ARI,16,1,7,0,0,47,548,4
00-0038563,Tre Tucker,WR,LV,17,9,44,1,3,47,539,3
00-0038573,Derius Davis,WR,LAC,15,12,39,0,2,13,112,2
00-0038579,Aidan O'Connell,QB,LV,9,21,30,1,10,0,0,0
00-0038582,Clayton Tune,QB,ARI,5,7,-4,0,2,0,0,0
00-0038583,Dorian Thompson-Robinson,QB,CLE,6,21,122,0,9,0,0,0
00-0038597,Chase Brown,RB,CIN,16,229,990,7,49,54,360,4
00-0038611,Chris Rodriguez Jr.,RB,WAS,7,35,173,2,10,1,12,0
00-0038621,DeMario Douglas,WR,NE,16,3,16,0,0,66,621,3
00-0038622,Deuce Vaughn,RB,DAL,5,17,70,0,2,3,18,0
00-0038636,Kenny McIntosh,RB,SEA,11,31,172,0,8,3,22,0
00-0038678,Jordan Mims,RB,NO,8,20,70,0,2,12,71,0
00-0038685,Chris Brooks,RB,GB,11,36,183,1,12,11,69,0
00-0038705,Emari Demercado,RB,ARI,13,24,223,1,8,16,104,0
00-0038738,Hunter Luepke,RB,DAL,14,12,38,0,6,12,111,0
00-0038794,Jaleel McLaughlin,RB,DEN,16,113,496,1,25,24,76,2
00-0038797,Emanuel Wilson,RB,GB,17,103,502,4,27,11,48,1
00-0038951,Sean Tucker,RB,TB,17,50,308,2,17,9,109,1
00-0038976,Marvin Mims Jr.,WR,DEN,17,13,42,0,3,39,503,6
00-0038977,Tank Dell,WR,HOU,14,9,43,0,3,51,667,3
00-0038979,Cedric Tillman,WR,CLE,9,1,-5,0,0,29,339,3
00-0038994,Jordan Addison,WR,MIN,15,3,20,1,1,63,875,9
00-0038996,Tucker Kraft,TE,GB,17,3,6,0,3,50,707,7
00-0038997,Josh Downs,WR,IND,14,1,12,0,0,72,803,5
00-0038998,Jake Haener,QB,NO,8,11,22,0,0,0,0,0
00-0039021,Roschon Johnson,RB,CHI,13,55,150,6,17,16,104,0
00-0039032,Tyjae Spears,RB,TEN,12,84,312,4,19,30,224,1
00-0039040,De'Von Achane,RB,MIA,17,203,907,6,37,78,592,6
00-0039062,Jonathan Mingo,WR,DAL,14,2,5,0,0,17,167,0
00-0039064,Zay Flowers,WR,BAL,17,9,56,0,1,74,1059,4
00-0039067,Rashee Rice,WR,KC,4,1,1,0,1,24,288,2
00-0039075,Puka Nacua,WR,LA,11,11,46,1,2,79,990,3
00-0039139,Jahmyr Gibbs,RB,DET,17,250,1412,16,70,52,517,4
00-0039146,Jayden Reed,WR,GB,17,20,163,1,7,55,857,6
00-0039150,Bryce Young,QB,CAR,14,43,249,6,15,0,0,0
00-0039152,Will Levis,QB,TEN,12,45,183,0,20,0,0,0
00-0039163,C.J. Stroud,QB,HOU,17,52,233,0,14,0,0,0
00-0039164,Anthony Richardson,QB,IND,11,86,499,6,34,1,-1,0
00-0039165,Zach Charbonnet,RB,SEA,17,135,569,8,32,42,340,1
00-0039244,Chris Collier,RB,LV,6,5,12,0,0,1,-4,0
00-0039299,George Holani,RB,SEA,3,3,10,0,1,1,-1,0
00-0039325,Carson Steele,RB,KC,13,56,183,0,14,7,26,0
00-0039337,Malik Nabers,WR,NYG,15,5,2,0,1,109,1204,7
00-0039338,Brock Bowers,TE,LV,17,5,13,0,2,112,1194,5
00-0039342,Xavier Legette,WR,CAR,15,6,24,0,2,49,497,4
00-0039344,Jonathon Brooks,RB,CAR,3,9,22,0,0,3,23,0
00-0039361,Bucky Irving,RB,TB,17,207,1122,8,52,47,392,0
00-0039363,Isaac Guerendo,RB,SF,16,84,420,4,18,15,152,0
00-0039364,Sione Vaki,RB,DET,9,6,14,0,0,3,37,0
00-0039365,Jacob Cowing,WR,SF,15,1,7,0,0,4,80,0
00-0039373,Audric Estimé,RB,DEN,13,76,310,2,15,5,27,0
00-0039376,Spencer Rattler,QB,NO,7,18,146,0,7,0,0,0
00-0039384,Tyrone Tracy Jr.,RB,NYG,17,192,839,5,39,38,284,1
00-0039391,Kimani Vidal,RB,LAC,9,43,155,0,7,5,62,1
00-0039392,Jha'Quan Jackson,WR,TEN,12,1,-5,0,0,1,8,0
00-0039393,Jase McClellan,RB,ATL,2,13,32,0,2,0,0,0
00-0039398,Joe Milton III,QB,NE,1,10,16,1,4,0,0,0
00-0039407,Dylan Laube,RB,LV,6,1,0,0,0,0,0,0
00-0039573,Blake Watson,RB,DEN,1,4,10,0,2,1,13,0
00-0039589,Kameron Johnson,WR,TB,4,2,11,0,1,0,0,0
00-0039603,British Brooks,RB,HOU,2,1,2,0,0,0,0,0
00-0039611,Matthew Hayball,P,NO,17,1,11,0,1,0,0,0
00-0039614,Jermaine Jackson,WR,NO,4,1,-1,0,0,0,0,0
00-0039617,Jacob Kibodi,RB,CLE,1,5,24,0,1,1,15,0
00-0039692,Dell Pettus,SAF,NE,12,1,2,0,1,0,0,0
00-0039703,Cody Schrader,RB,LA,1,1,3,0,0,1,6,0
00-0039732,Bo Nix,QB,DEN,17,92,430,4,41,1,2,1
00-0039738,Blake Corum,RB,LA,15,58,207,0,12,7,58,0
00-0039746,Will Shipley,RB,PHI,13,30,82,0,2,4,35,0
00-0039747,Ainias Smith,WR,PHI,3,2,6,0,1,7,41,1
00-0039751,Jordan Whittington,WR,LA,14,2,12,0,2,22,293,0
00-0039757,Terrell Jennings,RB,NE,2,13,33,0,0,0,0,0
00-0039794,Braelon Allen,RB,NYJ,17,92,334,2,22,19,148,1
00-0039796,Rasheen Ali,RB,BAL,5,10,31,0,2,0,0,0
00-0039798,Isaiah Davis,RB,NYJ,13,30,174,1,10,9,75,1
00-0039811,MarShawn Lloyd,RB,GB,1,6,15,0,0,1,3,0
00-0039825,Jaden Hicks,SAF,KC,14,1,1,0,0,0,0,0
00-0039851,Drake Maye,QB,NE,13,54,421,2,22,0,0,0
00-0039855,Jalen McMillan,WR,TB,13,4,43,0,3,37,461,8
00-0039868,Troy Franklin,WR,DEN,16,2,8,0,0,28,263,2
00-0039874,Jaylen Wright,RB,MIA,13,68,249,0,11,3,8,0
00-0039875,Ray Davis,RB,BUF,17,113,442,3,25,17,189,3
00-0039880,Malik Washington,WR,MIA,14,5,25,1,1,26,223,0
00-0039890,Adonai Mitchell,WR,IND,17,4,6,0,1,23,312,0
00-0039893,Brian Thomas Jr.,WR,JAX,17,6,48,0,3,87,1282,10
00-0039894,Xavier Worthy,WR,KC,16,20,104,3,4,59,638,6
00-0039901,Keon Coleman,WR,BUF,13,1,9,0,0,29,556,4
00-0039907,Ja'Lynn Polk,WR,NE,14,1,0,0,0,12,87,2
00-0039910,Jayden Daniels,QB,WAS,17,148,891,6,55,0,0,0
00-0039916,Ricky Pearsall,WR,SF,11,3,45,0,1,31,400,3
00-0039917,Michael Penix Jr.,QB,ATL,5,7,11,1,1,0,0,0
00-0039918,Caleb Williams,QB,CHI,17,81,489,0,27,0,0,0
00-0039919,Rome Odunze,WR,CHI,17,3,15,0,1,54,734,3
00-0039920,Malachi Corley,WR,NYJ,5,2,26,0,1,3,16,0
00-0039921,Trey Benson,RB,ARI,12,63,291,1,16,6,59,0
