year,rank,player,team,pos,pos_rank,before_adp,diff,finish_prev_year,notes,before_rank,pos_pool_size,key,after_rank,after_adp,censored_dropout,move
2023,1,Justin Jefferson,MIN,WR,1.0,1.0,,6.0,,1,102,justin jefferson,1.0,1.8,False,0.0
2023,3,Ja'Marr Chase,CIN,WR,3.0,2.0,,9.0,,2,102,jamarr chase,3.0,8.3,False,1.0
2023,4,Christian McCaffrey,SF,RB,1.0,3.0,,3.0,,1,82,christian mccaffrey,1.0,5.2,False,0.0
2023,2,Cooper Kupp,LAR,WR,2.0,4.0,,1.0,,3,102,cooper kupp,4.0,14.3,False,1.0
2023,10,Tyreek Hill,MIA,WR,6.0,5.0,,8.0,,4,102,tyreek hill,2.0,8.1,False,-2.0
2023,13,Travis Kelce,KC,TE,1.0,6.0,,13.0,,1,36,travis kelce,1.0,6.8,False,0.0
2023,5,Austin Ekeler,LAC,RB,2.0,7.0,,2.0,,2,82,austin ekeler,2.0,9.0,False,0.0
2023,11,Stefon Diggs,BUF,WR,7.0,8.0,,12.0,,5,102,stefon diggs,5.0,17.5,False,0.0
2023,19,Bijan Robinson,ATL,RB,6.0,9.0,,,,3,82,bijan robinson,4.0,15.4,False,1.0
2023,6,A.J. Brown,PHI,WR,4.0,10.0,,18.0,,6,102,aj brown,8.0,23.1,False,2.0
2023,16,CeeDee Lamb,DAL,WR,9.0,11.0,,19.0,,7,102,ceedee lamb,7.0,21.2,False,0.0
2023,8,Nick Chubb,CLE,RB,3.0,12.0,,15.0,,4,82,nick chubb,3.0,14.4,False,-1.0
2023,15,Garrett Wilson,NYJ,WR,8.0,13.0,,55.0,,8,102,garrett wilson,6.0,18.4,False,-2.0
2023,24,Amon-Ra St. Brown,DET,WR,10.0,14.0,,23.0,,9,102,amon-ra st brown,9.0,23.5,False,0.0
2023,7,Davante Adams,LV,WR,5.0,15.0,,7.0,,10,102,davante adams,10.0,25.2,False,0.0
2023,35,Jaylen Waddle,MIA,WR,17.0,16.0,,26.0,,11,102,jaylen waddle,13.0,34.2,False,2.0
2023,9,Saquon Barkley,NYG,RB,4.0,17.0,,10.0,,5,82,saquon barkley,5.0,18.4,False,0.0
2023,41,Chris Olave,NO,WR,21.0,18.0,,76.0,,12,102,chris olave,11.0,29.9,False,-1.0
2023,30,Jonathan Taylor,IND,RB,11.0,19.0,,32.0,,6,82,jonathan taylor,36.0,,True,30.0
2023,20,Tony Pollard,DAL,RB,7.0,20.0,,20.0,,7,82,tony pollard,7.0,24.1,False,0.0
2023,28,DeVonta Smith,PHI,WR,12.0,22.0,,36.0,,13,102,devonta smith,19.0,53.4,False,6.0
2023,14,Derrick Henry,TEN,RB,5.0,23.0,,4.0,,8,82,derrick henry,6.0,19.9,False,-2.0
2023,29,Tee Higgins,CIN,WR,13.0,24.0,,37.0,,14,102,tee higgins,12.0,33.7,False,-2.0
2023,23,Rhamondre Stevenson,NE,RB,10.0,26.0,,29.0,,9,82,rhamondre stevenson,12.0,38.4,False,3.0
2023,36,DK Metcalf,SEA,WR,18.0,28.0,,38.0,,15,102,dk metcalf,17.0,44.9,False,2.0
2023,27,Calvin Ridley,JAX,WR,11.0,29.0,,,,16,102,calvin ridley,18.0,45.0,False,2.0
2023,26,Mark Andrews,BAL,TE,2.0,30.0,,64.0,,2,36,mark andrews,2.0,31.9,False,0.0
2023,21,Josh Jacobs,LV,RB,8.0,31.0,,5.0,,10,82,josh jacobs,8.0,26.1,False,-2.0
2023,32,Amari Cooper,CLE,WR,14.0,32.0,,33.0,,17,102,amari cooper,15.0,41.6,False,-2.0
2023,40,Deebo Samuel,SF,WR,20.0,33.0,,56.0,,18,102,deebo samuel,14.0,41.3,False,-4.0
2023,22,Breece Hall,NYJ,RB,9.0,34.0,,17.0,,11,82,breece hall,19.0,56.3,False,8.0
2023,33,Keenan Allen,LAC,WR,15.0,36.0,,31.0,,19,102,keenan allen,16.0,44.0,False,-3.0
2023,55,Jahmyr Gibbs,DET,RB,19.0,37.0,,,,12,82,jahmyr gibbs,15.0,46.2,False,3.0
2023,44,Najee Harris,PIT,RB,14.0,38.0,,53.0,,13,82,najee harris,9.0,31.2,False,-4.0
2023,39,Jerry Jeudy,DEN,WR,19.0,39.0,,46.0,,20,102,jerry jeudy,29.0,85.2,False,9.0
2023,52,Christian Watson,GB,WR,25.0,40.0,,47.0,,21,102,christian watson,34.0,95.8,False,13.0
2023,45,Travis Etienne,JAX,RB,15.0,41.0,,48.0,,14,82,travis etienne,10.0,35.1,False,-4.0
2023,49,Drake London,ATL,WR,22.0,42.0,,114.0,,22,102,drake london,30.0,86.1,False,8.0
2023,38,Joe Mixon,CIN,RB,12.0,43.0,,21.0,,15,82,joe mixon,11.0,36.6,False,-4.0
2023,50,Terry McLaurin,WAS,WR,23.0,44.0,,65.0,,23,102,terry mclaurin,26.0,75.3,False,3.0
2023,51,DeAndre Hopkins,TEN,WR,24.0,45.0,,22.0,,24,102,deandre hopkins,22.0,68.5,False,-2.0
2023,34,Mike Williams,LAC,WR,16.0,46.0,,49.0,,25,102,mike williams,27.0,76.9,False,2.0
2023,57,DJ Moore,CHI,WR,27.0,47.0,,57.0,,26,102,dj moore,20.0,60.0,False,-6.0
2023,59,Christian Kirk,JAX,WR,29.0,50.0,,34.0,,27,102,christian kirk,31.0,87.2,False,4.0
2023,71,Brandon Aiyuk,SF,WR,35.0,51.0,,82.0,,28,102,brandon aiyuk,32.0,88.6,False,4.0
2023,48,T.J. Hockenson,MIN,TE,3.0,52.0,,67.0,,3,36,tj hockenson,3.0,48.3,False,0.0
2023,62,Aaron Jones,GB,RB,21.0,53.0,,28.0,,16,82,aaron jones,13.0,41.6,False,-3.0
2023,47,Kenneth Walker,SEA,RB,17.0,54.0,,27.0,,17,82,kenneth walker,14.0,44.0,False,-3.0
2023,53,Diontae Johnson,PIT,WR,26.0,56.0,,210.0,,29,102,diontae johnson,24.0,73.2,False,-5.0
2023,54,Alexander Mattison,MIN,RB,18.0,57.0,,222.0,,18,82,alexander mattison,21.0,60.7,False,3.0
2023,66,Chris Godwin,TB,WR,30.0,58.0,,66.0,,30,102,chris godwin,21.0,60.0,False,-9.0
2023,67,Marquise Brown,ARI,WR,31.0,59.0,,78.0,,31,102,marquise brown,37.0,,True,6.0
2023,61,George Kittle,SF,TE,4.0,60.0,,51.0,,4,36,george kittle,4.0,60.2,False,0.0
2023,68,Jaxon Smith-Njigba,SEA,WR,32.0,61.0,,,,32,102,jaxon smith-njigba,37.0,,True,5.0
2023,90,J.K. Dobbins,BAL,RB,29.0,62.0,,54.0,,19,82,jk dobbins,23.0,63.4,False,4.0
2023,69,Tyler Lockett,SEA,WR,33.0,63.0,,43.0,,33,102,tyler lockett,28.0,84.9,False,-5.0
2023,46,Miles Sanders,CAR,RB,16.0,64.0,,39.0,,20,82,miles sanders,20.0,57.1,False,0.0
2023,63,Cam Akers,LAR,RB,22.0,65.0,,63.0,,21,82,cam akers,24.0,67.8,False,3.0
2023,73,Mike Evans,TB,WR,37.0,67.0,,42.0,,34,102,mike evans,25.0,74.0,False,-9.0
2023,89,Michael Pittman,IND,WR,44.0,68.0,,75.0,,35,102,michael pittman,23.0,68.8,False,-12.0
2023,76,Kyle Pitts,ATL,TE,5.0,69.0,,186.0,,5,36,kyle pitts,5.0,69.2,False,0.0
2023,43,Dameon Pierce,HOU,RB,13.0,70.0,,44.0,,22,82,dameon pierce,16.0,53.2,False,-6.0
2023,58,Jordan Addison,MIN,WR,28.0,71.0,,,,36,102,jordan addison,37.0,,True,1.0
2023,77,Dallas Goedert,PHI,TE,6.0,74.0,,123.0,,6,36,dallas goedert,7.0,81.4,False,1.0
2023,56,David Montgomery,DET,RB,20.0,76.0,,69.0,,23,82,david montgomery,28.0,76.9,False,5.0
2023,78,Darren Waller,NYG,TE,7.0,77.0,,120.0,,7,36,darren waller,6.0,72.4,False,-1.0
2023,83,D'Andre Swift,PHI,RB,28.0,78.0,,50.0,,24,82,dandre swift,17.0,53.5,False,-7.0
2023,65,James Conner,ARI,RB,24.0,80.0,,25.0,,25,82,james conner,22.0,62.1,False,-3.0
2023,93,Rachaad White,TB,RB,32.0,82.0,,143.0,,26,82,rachaad white,27.0,75.9,False,1.0
2023,92,Javonte Williams,DEN,RB,31.0,83.0,,119.0,,27,82,javonte williams,18.0,53.8,False,-9.0
2023,88,Brandin Cooks,DAL,WR,43.0,85.0,,129.0,,42,102,brandin cooks,35.0,96.0,False,-7.0
2023,80,Isiah Pacheco,KC,RB,25.0,88.0,,116.0,,28,82,isiah pacheco,29.0,82.0,False,1.0
2023,122,Alvin Kamara,NO,RB,40.0,90.0,,40.0,,29,82,alvin kamara,25.0,71.2,False,-4.0
2023,108,James Cook,BUF,RB,35.0,92.0,,195.0,,30,82,james cook,30.0,84.3,False,0.0
2023,64,Dalvin Cook,,RB,23.0,93.0,,30.0,,31,82,dalvin cook,26.0,74.2,False,-5.0
2023,114,Evan Engram,JAX,TE,11.0,96.0,,93.0,,8,36,evan engram,9.0,,True,1.0
2023,104,Courtland Sutton,DEN,WR,51.0,98.0,,125.0,,49,102,courtland sutton,36.0,98.0,False,-13.0
2023,107,Antonio Gibson,WAS,RB,34.0,99.0,,102.0,,32,82,antonio gibson,32.0,93.8,False,0.0
2023,106,AJ Dillon,GB,RB,33.0,101.0,,96.0,,33,82,aj dillon,31.0,91.1,False,-2.0
2023,91,Zach Charbonnet,SEA,RB,30.0,102.0,,,,34,82,zach charbonnet,36.0,,True,2.0
2023,82,Rashaad Penny,PHI,RB,27.0,106.0,,61.0,,35,82,rashaad penny,35.0,98.0,False,0.0
2023,113,Pat Freiermuth,PIT,TE,10.0,109.0,,177.0,,10,36,pat freiermuth,8.0,90.9,False,-2.0
2023,81,Brian Robinson,WAS,RB,26.0,111.0,,101.0,,37,82,brian robinson,33.0,96.5,False,-4.0
2023,123,Jamaal Williams,NO,RB,41.0,128.0,,119.0,,43,82,jamaal williams,34.0,97.2,False,-9.0
2024,1,Christian McCaffrey,SF,RB,,1.3,0.23,1.0,,1,84,christian mccaffrey,1.0,2.7,False,0.0
2024,2,CeeDee Lamb,DAL,WR,,2.0,0.0,4.0,,1,128,ceedee lamb,2.0,6.6,False,1.0
2024,4,Tyreek Hill,MIA,WR,,3.1,-0.29,3.0,,2,128,tyreek hill,1.0,6.4,False,-1.0
2024,7,Ja'Marr Chase,CIN,WR,,4.4,-0.59,21.0,,3,128,jamarr chase,3.0,13.8,False,0.0
2024,3,Justin Jefferson,MIN,WR,,5.5,0.45,9.0,,4,128,justin jefferson,4.0,16.8,False,0.0
2024,8,Amon-Ra St. Brown,DET,WR,,5.9,-0.36,8.0,,5,128,amon-ra st brown,5.0,18.2,False,0.0
2024,9,Bijan Robinson,ATL,RB,,6.9,-0.3,39.0,,2,84,bijan robinson,3.0,10.6,False,1.0
2024,5,Breece Hall,NYJ,RB,,7.7,0.35,18.0,,3,84,breece hall,2.0,9.6,False,-1.0
2024,6,A.J. Brown,PHI,WR,,8.9,0.33,13.0,,6,128,aj brown,6.0,21.3,False,0.0
2024,11,Puka Nacua,LAR,WR,,10.4,-0.06,14.0,,7,128,puka nacua,8.0,28.3,False,1.0
2024,10,Garrett Wilson,NYJ,WR,,10.7,0.07,91.0,,8,128,garrett wilson,7.0,24.5,False,-1.0
2024,12,Jahmyr Gibbs,DET,RB,,12.9,0.07,17.0,,4,84,jahmyr gibbs,6.0,23.3,False,2.0
2024,24,Marvin Harrison,ARI,WR,,13.5,-0.78,,,9,128,marvin harrison,14.0,43.5,False,5.0
2024,23,Drake London,ATL,WR,,14.9,-0.54,98.0,,10,128,drake london,9.0,34.3,False,-1.0
2024,16,Jonathan Taylor,IND,RB,,15.9,-0.01,34.0,,5,84,jonathan taylor,4.0,15.2,False,-1.0
2024,14,Nico Collins,HOU,WR,,17.4,0.2,20.0,,11,128,nico collins,13.0,40.6,False,2.0
2024,29,Chris Olave,NO,WR,,17.6,-0.65,58.0,,12,128,chris olave,17.0,48.8,False,5.0
2024,22,Deebo Samuel,SF,WR,,19.0,-0.16,10.0,,13,128,deebo samuel,36.0,,True,23.0
2024,19,Saquon Barkley,PHI,RB,,19.3,0.02,26.0,,6,84,saquon barkley,5.0,19.5,False,-1.0
2024,13,Jaylen Waddle,MIA,WR,,20.1,0.35,68.0,,14,128,jaylen waddle,15.0,43.7,False,1.0
2024,21,Davante Adams,LV,WR,,20.2,-0.04,33.0,,15,128,davante adams,18.0,52.7,False,3.0
2024,17,Brandon Aiyuk,SF,WR,,21.3,0.2,28.0,,16,128,brandon aiyuk,12.0,39.0,False,-4.0
2024,20,De'Von Achane,MIA,RB,,23.1,0.13,5.0,,7,84,devon achane,11.0,36.6,False,4.0
2024,26,Mike Evans,TB,WR,,24.3,-0.07,12.0,,17,128,mike evans,11.0,37.0,False,-6.0
2024,35,DeVonta Smith,PHI,WR,,25.5,-0.37,48.0,,18,128,devonta smith,22.0,59.1,False,4.0
2024,30,DK Metcalf,SEA,WR,,26.8,-0.12,41.0,,19,128,dk metcalf,16.0,44.3,False,-3.0
2024,25,Malik Nabers,NYG,WR,,27.0,0.07,,,20,128,malik nabers,23.0,63.3,False,3.0
2024,18,Cooper Kupp,LAR,WR,,27.6,0.35,46.0,,21,128,cooper kupp,10.0,34.3,False,-11.0
2024,15,Kyren Williams,LAR,RB,,27.9,0.46,2.0,,8,84,kyren williams,7.0,25.6,False,-1.0
2024,32,Derrick Henry,BAL,RB,,29.5,-0.08,23.0,,9,84,derrick henry,8.0,27.7,False,-1.0
2024,39,DJ Moore,CHI,WR,,30.9,-0.26,16.0,,22,128,dj moore,21.0,55.8,False,-1.0
2024,47,Stefon Diggs,HOU,WR,,32.6,-0.44,32.0,,23,128,stefon diggs,19.0,53.4,False,-4.0
2024,54,Michael Pittman Jr.,IND,WR,,34.4,-0.57,42.0,,24,128,michael pittman,24.0,64.7,False,0.0
2024,34,Tank Dell,HOU,WR,,35.3,0.04,22.0,,25,128,tank dell,36.0,,True,11.0
2024,45,Sam LaPorta,DET,TE,,36.4,-0.24,47.0,,1,42,sam laporta,2.0,54.3,False,1.0
2024,50,Zay Flowers,BAL,WR,,37.2,-0.34,74.0,,26,128,zay flowers,27.0,70.4,False,1.0
2024,37,Travis Kelce,KC,TE,,38.9,0.05,56.0,,2,42,travis kelce,1.0,46.0,False,-1.0
2024,40,George Pickens,PIT,WR,,39.7,-0.01,57.0,,27,128,george pickens,25.0,65.5,False,-2.0
2024,27,Isiah Pacheco,KC,RB,,39.8,0.32,29.0,,10,84,isiah pacheco,10.0,32.8,False,0.0
2024,33,Amari Cooper,CLE,WR,,40.6,0.19,27.0,,28,128,amari cooper,20.0,54.3,False,-8.0
2024,44,Tee Higgins,CIN,WR,,42.7,-0.03,62.0,,29,128,tee higgins,36.0,,True,7.0
2024,36,Travis Etienne Jr.,JAX,RB,,43.3,0.17,11.0,,11,84,travis etienne,9.0,31.7,False,-2.0
2024,43,Christian Kirk,JAX,WR,,46.1,0.07,86.0,,30,128,christian kirk,26.0,68.7,False,-4.0
2024,48,Trey McBride,ARI,TE,,46.6,-0.03,111.0,,3,42,trey mcbride,6.0,83.1,False,3.0
2024,49,Mark Andrews,BAL,TE,,48.8,0.0,61.0,,4,42,mark andrews,3.0,71.2,False,-1.0
2024,74,Terry McLaurin,WAS,WR,,50.2,-0.47,88.0,,31,128,terry mclaurin,28.0,73.7,False,-3.0
2024,64,Dalton Kincaid,BUF,TE,,51.2,-0.25,149.0,,5,42,dalton kincaid,5.0,82.1,False,0.0
2024,31,Josh Jacobs,GB,RB,,52.2,0.41,40.0,,12,84,josh jacobs,29.0,90.0,False,17.0
2024,55,Hollywood Brown,KC,WR,,53.6,-0.03,118.0,,32,128,hollywood brown,35.0,93.2,False,3.0
2024,62,Keenan Allen,CHI,WR,,54.2,-0.14,7.0,,33,128,keenan allen,29.0,75.2,False,-4.0
2024,53,James Cook,BUF,RB,,56.0,0.05,37.0,,13,84,james cook,13.0,45.1,False,0.0
2024,87,Jayden Reed,GB,WR,,57.6,-0.51,53.0,,34,128,jayden reed,36.0,,True,2.0
2024,67,Chris Godwin,TB,WR,,59.4,-0.13,110.0,,35,128,chris godwin,32.0,84.6,False,-3.0
2024,75,Calvin Ridley,TEN,WR,,59.4,-0.26,54.0,,36,128,calvin ridley,30.0,79.4,False,-6.0
2024,66,Rashee Rice,KC,WR,,59.7,-0.11,80.0,,37,128,rashee rice,31.0,80.0,False,-6.0
2024,57,Kyle Pitts,ATL,TE,,60.2,0.05,165.0,,6,42,kyle pitts,7.0,93.5,False,1.0
2024,46,Joe Mixon,HOU,RB,,61.7,0.25,35.0,,14,84,joe mixon,15.0,52.3,False,1.0
2024,52,Rachaad White,TB,RB,,62.7,0.17,24.0,,15,84,rachaad white,12.0,41.6,False,-3.0
2024,60,Xavier Worthy,KC,WR,,64.1,0.06,,,38,128,xavier worthy,33.0,90.3,False,-5.0
2024,65,George Kittle,SF,TE,,65.3,0.0,49.0,,7,42,george kittle,4.0,77.0,False,-3.0
2024,83,Kenneth Walker III,SEA,RB,,68.9,-0.2,36.0,,16,84,kenneth walker,14.0,48.7,False,-2.0
2024,88,Christian Watson,GB,WR,,69.3,-0.27,84.0,,41,128,christian watson,34.0,92.4,False,-7.0
2024,58,David Montgomery,DET,RB,,73.6,0.21,19.0,,17,84,david montgomery,32.0,,True,15.0
2024,85,Alvin Kamara,NO,RB,,74.4,-0.14,15.0,,18,84,alvin kamara,21.0,67.1,False,3.0
2024,96,Aaron Jones,MIN,RB,,81.1,-0.18,73.0,,19,84,aaron jones,16.0,59.5,False,-3.0
2024,82,Rhamondre Stevenson,NE,RB,,82.1,0.0,69.0,,20,84,rhamondre stevenson,23.0,74.5,False,3.0
2024,68,Najee Harris,PIT,RB,,83.1,0.18,83.0,,21,84,najee harris,19.0,63.5,False,-2.0
2024,69,James Conner,ARI,RB,,84.4,0.18,30.0,,22,84,james conner,18.0,60.9,False,-4.0
2024,95,Zamir White,LV,RB,,87.3,-0.09,159.0,,23,84,zamir white,22.0,72.1,False,-1.0
2024,84,Jaylen Warren,PIT,RB,,88.3,0.05,97.0,,24,84,jaylen warren,30.0,93.7,False,6.0
2024,94,Jonathon Brooks,CAR,RB,,89.8,-0.05,,,25,84,jonathon brooks,31.0,94.6,False,6.0
2024,103,D'Andre Swift,CHI,RB,,92.5,-0.11,63.0,,26,84,dandre swift,20.0,66.9,False,-6.0
2024,73,Raheem Mostert,MIA,RB,,93.2,0.22,6.0,,27,84,raheem mostert,24.0,78.0,False,-3.0
2024,86,Zack Moss,CIN,RB,,95.4,0.1,44.0,,28,84,zack moss,28.0,88.6,False,0.0
2024,112,Tony Pollard,TEN,RB,,100.5,-0.11,66.0,,29,84,tony pollard,26.0,85.1,False,-3.0
2024,113,Brian Robinson Jr.,WAS,RB,,103.3,-0.09,50.0,,30,84,brian robinson,32.0,,True,2.0
2024,115,Tyjae Spears,TEN,RB,,107.8,-0.07,167.0,,31,84,tyjae spears,32.0,,True,1.0
2024,104,Devin Singletary,NYG,RB,,108.7,0.04,100.0,,32,84,devin singletary,25.0,83.7,False,-7.0
2024,125,Gus Edwards,LAC,RB,,118.7,-0.05,52.0,,36,84,gus edwards,27.0,88.1,False,-9.0
2024,148,Nick Chubb,CLE,RB,,126.8,-0.17,87.0,,39,84,nick chubb,17.0,60.1,False,-22.0
2025,1,Ja'Marr Chase,CIN,WR,1.0,1.1,0.09,2.0,,1,110,jamarr chase,1.0,8.2,False,0.0
2025,5,Bijan Robinson,ATL,RB,3.0,2.4,-1.08,5.0,,1,80,bijan robinson,2.0,7.1,False,1.0
2025,2,CeeDee Lamb,DAL,WR,2.0,3.4,0.41,29.0,,2,110,ceedee lamb,3.0,17.5,False,1.0
2025,4,Jahmyr Gibbs,DET,RB,2.0,4.2,0.05,3.0,,2,80,jahmyr gibbs,4.0,9.7,False,2.0
2025,3,Saquon Barkley,PHI,RB,1.0,4.8,0.38,1.0,,3,80,saquon barkley,1.0,5.2,False,-2.0
2025,8,Justin Jefferson,MIN,WR,4.0,5.8,-0.38,18.0,,3,110,justin jefferson,2.0,14.1,False,-1.0
2025,6,Christian McCaffrey,SF,RB,4.0,6.9,0.13,,,4,80,christian mccaffrey,6.0,15.3,False,2.0
2025,7,Nico Collins,HOU,WR,3.0,8.6,0.19,21.0,,4,110,nico collins,4.0,20.9,False,0.0
2025,12,Malik Nabers,NYG,WR,8.0,9.3,-0.29,28.0,,5,110,malik nabers,5.0,23.6,False,0.0
2025,10,Puka Nacua,LAR,WR,6.0,11.1,0.1,20.0,,6,110,puka nacua,6.0,26.1,False,0.0
2025,9,Amon-Ra St. Brown,DET,WR,5.0,11.2,0.2,9.0,,7,110,amon-ra st brown,10.0,33.3,False,3.0
2025,11,Brian Thomas,JAX,WR,7.0,12.5,0.12,25.0,,8,110,brian thomas,7.0,26.7,False,-1.0
2025,14,Ashton Jeanty,LV,RB,5.0,13.0,-0.08,,Rookie,5,80,ashton jeanty,8.0,16.0,False,3.0
2025,16,Derrick Henry,BAL,RB,7.0,13.6,-0.18,4.0,,6,80,derrick henry,3.0,8.6,False,-3.0
2025,13,Drake London,ATL,WR,9.0,14.9,0.13,34.0,,9,110,drake london,9.0,31.5,False,0.0
2025,15,De'Von Achane,MIA,RB,6.0,16.0,0.06,15.0,,7,80,devon achane,11.0,28.0,False,4.0
2025,17,A.J. Brown,PHI,WR,10.0,18.0,0.06,37.0,,10,110,aj brown,8.0,28.4,False,-2.0
2025,22,Brock Bowers,LV,TE,2.0,18.5,-0.19,52.0,,1,42,brock bowers,1.0,57.4,False,0.0
2025,25,Chase Brown,CIN,RB,11.0,18.9,-0.32,22.0,,8,80,chase brown,12.0,30.8,False,4.0
2025,24,Bucky Irving,TB,RB,10.0,20.6,-0.17,32.0,,9,80,bucky irving,10.0,24.0,False,1.0
2025,23,Ladd McConkey,LAC,WR,12.0,20.7,-0.11,33.0,,11,110,ladd mcconkey,12.0,41.3,False,1.0
2025,20,Jonathan Taylor,IND,RB,9.0,21.1,0.05,6.0,,10,80,jonathan taylor,5.0,13.9,False,-5.0
2025,19,Josh Jacobs,GB,RB,8.0,22.8,0.17,7.0,,11,80,josh jacobs,7.0,15.9,False,-4.0
2025,18,Tee Higgins,CIN,WR,11.0,25.2,0.29,12.0,,12,110,tee higgins,11.0,40.0,False,-1.0
2025,21,Trey McBride,ARI,TE,1.0,25.8,0.19,60.0,,2,42,trey mcbride,3.0,67.1,False,1.0
2025,28,Tyreek Hill,MIA,WR,13.0,26.7,-0.05,78.0,,13,110,tyreek hill,15.0,46.1,False,2.0
2025,29,Omarion Hampton,LAC,RB,12.0,28.0,-0.04,,Rookie,12,80,omarion hampton,14.0,41.3,False,2.0
2025,54,Marvin Harrison,ARI,WR,28.0,30.9,-0.75,74.0,,14,110,marvin harrison,17.0,51.1,False,3.0
2025,44,Kyren Williams,LAR,RB,18.0,31.5,-0.4,14.0,,13,80,kyren williams,9.0,18.9,False,-4.0
2025,49,Jaxon Smith-Njigba,SEA,WR,24.0,31.5,-0.56,44.0,,15,110,jaxon smith-njigba,21.0,58.0,False,6.0
2025,34,Mike Evans,TB,WR,14.0,33.3,-0.02,17.0,,16,110,mike evans,13.0,41.4,False,-3.0
2025,36,Garrett Wilson,NYJ,WR,16.0,35.1,-0.03,57.0,,17,110,garrett wilson,23.0,66.0,False,6.0
2025,31,George Kittle,SF,TE,3.0,35.8,0.13,36.0,,3,42,george kittle,2.0,59.0,False,-1.0
2025,35,Davante Adams,LAR,WR,15.0,36.6,0.04,27.0,,18,110,davante adams,14.0,44.5,False,-4.0
2025,46,Tetairoa McMillan,CAR,WR,21.0,38.9,-0.18,,Rookie,19,110,tetairoa mcmillan,24.0,66.5,False,5.0
2025,32,James Cook,BUF,RB,13.0,39.8,0.2,11.0,,14,80,james cook,13.0,34.5,False,-1.0
2025,40,Terry McLaurin,WAS,WR,19.0,40.3,0.01,23.0,,20,110,terry mclaurin,18.0,52.6,False,-2.0
2025,37,Xavier Worthy,KC,WR,17.0,40.4,0.08,47.0,,21,110,xavier worthy,19.0,57.6,False,-2.0
2025,38,George Pickens,DAL,WR,18.0,42.1,0.1,86.0,,22,110,george pickens,28.0,73.2,False,6.0
2025,60,TreVeyon Henderson,NE,RB,20.0,43.6,-0.38,,Rookie,15,80,treveyon henderson,20.0,59.2,False,5.0
2025,52,Breece Hall,NYJ,RB,19.0,45.1,-0.15,35.0,,16,80,breece hall,19.0,57.9,False,3.0
2025,64,Jameson Williams,DET,WR,35.0,45.8,-0.4,51.0,,23,110,jameson williams,22.0,61.4,False,-1.0
2025,45,Courtland Sutton,DEN,WR,20.0,47.3,0.05,54.0,,24,110,courtland sutton,20.0,57.8,False,-4.0
2025,39,Kenneth Walker III,SEA,RB,14.0,48.2,0.19,26.0,,17,80,kenneth walker,18.0,51.0,False,1.0
2025,63,D.J. Moore,CHI,WR,34.0,48.8,-0.29,70.0,,25,110,dj moore,26.0,67.6,False,1.0
2025,58,DK Metcalf,PIT,WR,32.0,49.8,-0.16,82.0,,26,110,dk metcalf,16.0,49.5,False,-10.0
2025,55,DeVonta Smith,PHI,WR,29.0,51.5,-0.07,48.0,,27,110,devonta smith,25.0,67.5,False,-2.0
2025,50,Calvin Ridley,TEN,WR,25.0,51.6,0.03,88.0,,28,110,calvin ridley,27.0,69.9,False,-1.0
2025,51,Jaylen Waddle,MIA,WR,26.0,55.0,0.07,136.0,,29,110,jaylen waddle,32.0,84.4,False,3.0
2025,42,Chuba Hubbard,CAR,RB,16.0,55.4,0.24,16.0,,18,80,chuba hubbard,15.0,45.4,False,-3.0
2025,53,Rashee Rice,KC,WR,27.0,55.9,0.05,,4-6 game suspension likely,30,110,rashee rice,38.0,,True,8.0
2025,47,Travis Hunter,JAX,WR,22.0,56.8,0.17,,Rookie,31,110,travis hunter,35.0,88.4,False,4.0
2025,41,Alvin Kamara,NO,RB,15.0,56.9,0.28,10.0,,19,80,alvin kamara,17.0,50.3,False,-2.0
2025,57,Zay Flowers,BAL,WR,31.0,57.6,0.01,80.0,,32,110,zay flowers,29.0,74.1,False,-3.0
2025,62,Ricky Pearsall,SF,WR,33.0,59.3,-0.05,92.0,,33,110,ricky pearsall,34.0,86.9,False,1.0
2025,48,Emeka Egbuka,TB,WR,23.0,59.5,0.19,,Rookie,34,110,emeka egbuka,38.0,,True,4.0
2025,80,RJ Harvey,DEN,RB,26.0,59.8,-0.34,,Rookie,20,80,rj harvey,24.0,74.5,False,4.0
2025,43,James Conner,ARI,RB,17.0,60.6,0.29,19.0,,21,80,james conner,16.0,48.0,False,-5.0
2025,68,Rome Odunze,CHI,WR,39.0,63.5,-0.07,145.0,,35,110,rome odunze,36.0,93.9,False,1.0
2025,70,Deebo Samuel,WAS,WR,41.0,65.7,-0.07,94.0,,36,110,deebo samuel,31.0,79.9,False,-5.0
2025,56,Matthew Golden,GB,WR,30.0,66.5,0.16,,Rookie,37,110,matthew golden,33.0,85.6,False,-4.0
2025,69,Chris Olave,NO,WR,40.0,67.4,-0.02,98.0,,38,110,chris olave,37.0,95.0,False,-1.0
2025,77,D'Andre Swift,CHI,RB,25.0,68.4,-0.13,63.0,,22,80,dandre swift,23.0,69.0,False,1.0
2025,74,Isiah Pacheco,KC,RB,22.0,69.8,-0.06,172.0,,23,80,isiah pacheco,25.0,76.4,False,2.0
2025,61,Tony Pollard,TEN,RB,21.0,70.0,0.13,62.0,,24,80,tony pollard,22.0,68.7,False,-2.0
2025,65,Jerry Jeudy,CLE,WR,36.0,70.7,0.08,55.0,,40,110,jerry jeudy,30.0,79.8,False,-10.0
2025,75,David Montgomery,DET,RB,23.0,75.4,0.01,31.0,,25,80,david montgomery,21.0,64.8,False,-4.0
2025,79,Sam LaPorta,DET,TE,5.0,76.7,-0.03,103.0,,4,42,sam laporta,4.0,79.7,False,0.0
2025,81,Kaleb Johnson,PIT,RB,27.0,79.0,-0.03,,Rookie,26,80,kaleb johnson,27.0,80.5,False,1.0
2025,76,Aaron Jones,MIN,RB,24.0,79.7,0.05,45.0,,27,80,aaron jones,26.0,77.2,False,-1.0
2025,102,Jordan Mason,MIN,RB,33.0,83.8,-0.22,87.0,,28,80,jordan mason,30.0,96.4,False,2.0
2025,89,T.J. Hockenson,MIN,TE,7.0,86.2,-0.03,153.0,,5,42,tj hockenson,6.0,91.6,False,1.0
2025,110,Tyrone Tracy,NYG,RB,35.0,86.5,-0.27,81.0,,29,80,tyrone tracy,28.0,84.2,False,-1.0
2025,109,Jaylen Warren,PIT,RB,34.0,88.6,-0.23,177.0,,30,80,jaylen warren,29.0,95.1,False,-1.0
2025,92,Tyler Warren,IND,TE,10.0,91.6,0.0,,Rookie,6,42,tyler warren,8.0,,True,2.0
2025,78,Travis Kelce,KC,TE,4.0,93.5,0.17,89.0,,7,42,travis kelce,7.0,91.9,False,0.0
2025,88,Mark Andrews,BAL,TE,6.0,97.4,0.1,96.0,,8,42,mark andrews,5.0,89.4,False,-3.0
