year,player,team,games,punts,punt_avg,punt_in_20,avg_bucket_points_per_game,bucket_points,pt20_points,fantasy_points,fantasy_points_per_game
2022,C.Johnston,HOU,17,88,48.1,37,2.941,50.0,37,87.0,5.12
2022,J.Hekker,CAR,17,81,48.5,39,2.706,46.0,39,85.0,5.0
2022,T.Way,WAS,17,83,46.8,37,2.765,47.0,37,84.0,4.94
2022,R.Stonehouse,TEN,17,90,53.1,30,3.0,51.0,30,81.0,4.76
2022,B.Gillikin,NO,17,77,46.4,32,2.647,45.0,32,77.0,4.53
2022,R.Wright,MIN,17,74,47.4,32,2.588,44.0,32,76.0,4.47
2022,B.Anger,DAL,17,68,48.4,27,2.765,47.0,27,74.0,4.35
2022,C.Waitman,DEN,17,96,46.6,30,2.529,43.0,30,73.0,4.29
2022,A.Cole,LV,17,59,48.9,26,2.765,47.0,26,73.0,4.29
2022,B.Mann,NYJ,17,83,46.9,27,2.647,45.0,27,72.0,4.24
2022,L.Cooke,JAX,17,58,49.3,24,2.765,47.0,24,71.0,4.18
2022,M.Dickson,SEA,16,66,48.5,22,2.938,47.0,22,69.0,4.31
2022,J.Gillan,NYG,17,75,46.8,26,2.471,42.0,26,68.0,4.0
2022,J.Camarda,TB,17,79,48.8,22,2.706,46.0,22,68.0,4.0
2022,T.Townsend,KC,17,53,50.4,22,2.647,45.0,22,67.0,3.94
2022,T.Morstead,MIA,16,61,46.4,28,2.375,38.0,28,66.0,4.12
2022,C.Bojorquez,CLE,17,61,48.5,23,2.471,42.0,23,65.0,3.82
2022,B.Pinion,ATL,17,62,45.9,23,2.353,40.0,23,63.0,3.71
2022,A.Lee,ARI,17,68,47.1,18,2.588,44.0,18,62.0,3.65
2022,J.Stout,BAL,17,57,45.9,26,2.118,36.0,26,62.0,3.65
2022,J.Fox,DET,16,52,48.6,14,3.0,48.0,14,62.0,3.88
2022,M.Haack,IND,17,71,44.8,28,2.0,34.0,28,62.0,3.65
2022,M.Wishnowsky,SF,17,61,43.9,32,1.765,30.0,32,62.0,3.65
2022,R.Dixon,LAR,16,73,48.4,19,2.625,42.0,19,61.0,3.81
2022,J.Scott,LAC,17,73,43.6,28,1.882,32.0,28,60.0,3.53
2022,T.Gill,CHI,17,67,46.0,20,2.176,37.0,20,57.0,3.35
2022,P.Harvin,PIT,17,69,44.5,20,2.176,37.0,20,57.0,3.35
2022,P.O'Donnell,GB,17,54,44.5,24,1.824,31.0,24,55.0,3.24
2022,S.Martin,BUF,15,46,47.7,16,2.4,36.0,16,52.0,3.47
2022,A.Siposs,PHI,13,45,45.6,16,2.538,33.0,16,49.0,3.77
2022,D.Chrisman,CIN,7,28,47.8,13,2.286,16.0,13,29.0,4.14
2022,J.Bailey,NE,9,37,42.1,12,1.444,13.0,12,25.0,2.78
2022,K.Huber,CIN,9,31,43.2,9,1.667,15.0,9,24.0,2.67
2022,M.Palardy,NE,8,43,42.4,10,1.625,13.0,10,23.0,2.88
2022,B.Kern,PHI,3,10,40.8,1,1.333,4.0,1,5.0,1.67
2022,J.Elliott,PHI,1,1,35.0,0,0.0,0.0,0,0.0,0.0
2023,B.Baringer,NE,17,98,46.9,38,2.824,48.0,38,86.0,5.06
2023,T.Morstead,NYJ,17,99,48.8,36,2.824,48.0,36,84.0,4.94
2023,C.Bojorquez,CLE,16,87,49.4,31,2.938,47.0,31,78.0,4.88
2023,A.Cole,LV,17,75,50.4,34,2.529,43.0,34,77.0,4.53
2023,J.Gillan,NYG,17,95,46.0,35,2.294,39.0,35,74.0,4.35
2023,L.Cooke,JAX,17,61,47.4,29,2.588,44.0,29,73.0,4.29
2023,J.Camarda,TB,17,77,50.1,26,2.706,46.0,26,72.0,4.24
2023,T.Way,WAS,17,75,46.0,30,2.471,42.0,30,72.0,4.24
2023,B.Pinion,ATL,17,75,47.0,27,2.588,44.0,27,71.0,4.18
2023,R.Dixon,DEN,17,79,46.3,27,2.588,44.0,27,71.0,4.18
2023,R.Sanchez,IND,17,69,48.2,21,2.882,49.0,21,70.0,4.12
2023,J.Scott,LAC,17,75,46.3,30,2.353,40.0,30,70.0,4.12
2023,M.Dickson,SEA,16,66,50.0,25,2.812,45.0,25,70.0,4.38
2023,M.Wishnowsky,SF,17,52,47.7,26,2.588,44.0,26,70.0,4.12
2023,J.Stout,BAL,17,67,47.8,28,2.412,41.0,28,69.0,4.06
2023,J.Hekker,CAR,17,82,46.8,25,2.588,44.0,25,69.0,4.06
2023,J.Fox,DET,17,57,46.4,26,2.529,43.0,26,69.0,4.06
2023,S.Martin,BUF,17,51,45.8,24,2.471,42.0,24,66.0,3.88
2023,C.Johnston,HOU,13,66,47.7,30,2.692,35.0,30,65.0,5.0
2023,T.Gill,CHI,17,67,46.1,18,2.706,46.0,18,64.0,3.76
2023,T.Townsend,KC,17,59,47.1,20,2.588,44.0,20,64.0,3.76
2023,E.Evans,LAR,17,64,49.2,20,2.529,43.0,20,63.0,3.71
2023,L.Hedley,NO,17,75,43.0,31,1.824,31.0,31,62.0,3.65
2023,R.Wright,MIN,17,59,48.7,16,2.647,45.0,16,61.0,3.59
2023,P.Harvin,PIT,15,78,43.8,30,2.067,31.0,30,61.0,4.07
2023,B.Anger,DAL,15,44,51.4,17,2.867,43.0,17,60.0,4.0
2023,R.Stonehouse,TEN,12,54,53.1,28,2.667,32.0,28,60.0,5.0
2023,J.Bailey,MIA,17,53,45.7,20,2.294,39.0,20,59.0,3.47
2023,B.Robbins,CIN,17,76,44.3,20,2.0,34.0,20,54.0,3.18
2023,D.Whelan,GB,16,57,46.2,18,2.188,35.0,18,53.0,3.31
2023,B.Mann,PHI,15,44,49.8,15,2.267,34.0,15,49.0,3.27
2023,B.Gillikin,ARI,12,51,50.6,11,3.0,36.0,11,47.0,3.92
2023,T.Zentner,TEN,5,24,46.5,8,2.4,12.0,8,20.0,4.0
2023,N.Cooney,ARI,4,13,45.5,2,2.25,9.0,2,11.0,2.75
2023,T.Zentner,HOU,4,14,42.1,2,1.75,7.0,2,9.0,2.25
2023,B.Wing,PIT,2,11,45.0,3,2.5,5.0,3,8.0,4.0
2023,A.Siposs,PHI,2,8,43.4,2,1.5,3.0,2,5.0,2.5
2023,M.Haack,CLE,1,3,51.7,0,3.0,3.0,0,3.0,3.0
2023,N.Folk,TEN,1,2,40.5,0,1.0,1.0,0,1.0,1.0
2023,G.Joseph,MIN,1,1,14.0,0,0.0,0.0,0,0.0,0.0
2024,T.Townsend,HOU,17,77,48.0,39,2.882,49.0,39,88.0,5.18
2024,C.Bojorquez,CLE,17,89,49.3,36,2.647,45.0,36,81.0,4.76
2024,R.Dixon,DEN,17,77,46.7,33,2.706,46.0,33,79.0,4.65
2024,L.Cooke,JAX,17,68,49.4,34,2.588,44.0,34,78.0,4.59
2024,M.Dickson,SEA,17,76,49.4,31,2.765,47.0,31,78.0,4.59
2024,T.Taylor,CHI,17,82,47.7,34,2.529,43.0,34,77.0,4.53
2024,R.Sanchez,IND,17,68,49.7,27,2.765,47.0,27,74.0,4.35
2024,M.Araiza,KC,17,62,48.8,25,2.882,49.0,25,74.0,4.35
2024,A.Cole,LV,17,67,50.8,27,2.765,47.0,27,74.0,4.35
2024,M.Hayball,NO,17,75,44.0,41,1.941,33.0,41,74.0,4.35
2024,B.Baringer,NE,17,70,49.8,31,2.412,41.0,31,72.0,4.24
2024,B.Anger,DAL,17,62,48.5,24,2.706,46.0,24,70.0,4.12
2024,R.Stonehouse,TEN,17,75,50.6,22,2.824,48.0,22,70.0,4.12
2024,S.Martin,BUF,17,55,46.7,25,2.529,43.0,25,68.0,4.0
2024,R.Wright,MIN,17,57,46.5,27,2.353,40.0,27,67.0,3.94
2024,J.Hekker,CAR,17,74,45.7,24,2.471,42.0,24,66.0,3.88
2024,J.Scott,LAC,17,72,46.7,28,2.118,36.0,28,64.0,3.76
2024,J.Bailey,MIA,16,57,47.1,22,2.625,42.0,22,64.0,4.0
2024,B.Mann,PHI,17,55,48.8,20,2.588,44.0,20,64.0,3.76
2024,J.Stout,BAL,17,55,46.4,22,2.353,40.0,22,62.0,3.65
2024,R.Rehkow,CIN,15,53,49.1,25,2.467,37.0,25,62.0,4.13
2024,E.Evans,LAR,16,55,46.0,30,2.0,32.0,30,62.0,3.88
2024,C.Waitman,PIT,16,65,46.4,27,2.188,35.0,27,62.0,3.88
2024,J.Fox,DET,14,45,51.0,22,2.786,39.0,22,61.0,4.36
2024,D.Whelan,GB,17,56,46.1,22,2.294,39.0,22,61.0,3.59
2024,T.Way,WAS,15,50,46.9,22,2.6,39.0,22,61.0,4.07
2024,T.Morstead,NYJ,16,63,47.2,19,2.438,39.0,19,58.0,3.62
2024,B.Pinion,ATL,16,47,47.0,14,2.625,42.0,14,56.0,3.5
2024,J.Gillan,NYG,13,56,43.7,27,2.0,26.0,27,53.0,4.08
2024,B.Gillikin,ARI,13,38,49.7,19,2.538,33.0,19,52.0,4.0
2024,M.Wishnowsky,SF,9,23,45.2,11,2.222,20.0,11,31.0,3.44
2024,P.O'Donnell,SF,7,24,45.1,8,2.429,17.0,8,25.0,3.57
2024,T.Gill,TB,8,27,43.3,9,2.0,16.0,9,25.0,3.12
2024,M.Haack,NYG,4,21,47.0,9,3.0,12.0,9,21.0,5.25
2024,J.Camarda,TB,4,13,45.3,5,2.25,9.0,5,14.0,3.5
2024,M.Palardy,ARI,4,13,43.0,1,1.75,7.0,1,8.0,2.0
2024,J.Browning,TB,4,10,42.5,0,2.0,8.0,0,8.0,2.0
2024,T.Zentner,LAR,1,8,40.1,3,1.0,1.0,3,4.0,4.0
2024,C.Johnston,PIT,1,2,51.5,1,3.0,3.0,1,4.0,4.0
2024,C.Boswell,PIT,1,1,43.0,0,2.0,2.0,0,2.0,2.0
2024,C.Ryland,ARI,1,3,39.0,0,0.0,0.0,0,0.0,0.0
2025,R.Rehkow,CIN,17,65,50.5,28,2.765,47.0,28,75.0,4.41
2025,S.Martin,CAR,17,56,47.2,27,2.765,47.0,27,74.0,4.35
2025,J.Crawshaw,DEN,17,75,47.6,30,2.588,44.0,30,74.0,4.35
2025,J.Stout,BAL,17,53,50.1,24,2.882,49.0,24,73.0,4.29
2025,T.Townsend,HOU,17,72,47.6,30,2.529,43.0,30,73.0,4.29
2025,A.McNamara,NYJ,17,71,46.7,32,2.412,41.0,32,73.0,4.29
2025,T.Way,WAS,17,56,47.3,29,2.588,44.0,29,73.0,4.29
2025,B.Pinion,ATL,16,64,45.1,34,2.312,37.0,34,71.0,4.44
2025,J.Fox,DET,16,56,46.6,28,2.688,43.0,28,71.0,4.44
2025,R.Wright,MIN,17,65,49.0,25,2.588,44.0,25,69.0,4.06
2025,T.Taylor,CHI,17,60,47.8,21,2.706,46.0,21,67.0,3.94
2025,A.Cole,LV,17,73,47.6,24,2.529,43.0,24,67.0,3.94
2025,J.Bailey,MIA,17,63,47.7,21,2.706,46.0,21,67.0,3.94
2025,R.Sanchez,IND,15,44,48.8,22,2.933,44.0,22,66.0,4.4
2025,J.Hekker,TEN,17,78,46.8,22,2.588,44.0,22,66.0,3.88
2025,C.Bojorquez,CLE,17,93,45.8,23,2.471,42.0,23,65.0,3.82
2025,L.Cooke,JAX,16,60,48.0,22,2.688,43.0,22,65.0,4.06
2025,J.Scott,LAC,16,60,47.8,23,2.562,41.0,23,64.0,4.0
2025,B.Mann,PHI,17,72,49.9,20,2.588,44.0,20,64.0,3.76
2025,C.Waitman,PIT,17,62,45.5,26,2.235,38.0,26,64.0,3.76
2025,M.Araiza,KC,17,56,47.6,25,2.235,38.0,25,63.0,3.71
2025,R.Dixon,TB,17,65,44.7,29,2.0,34.0,29,63.0,3.71
2025,B.Baringer,NE,17,51,47.4,21,2.412,41.0,21,62.0,3.65
2025,M.Dickson,SEA,16,52,49.0,20,2.562,41.0,20,61.0,3.81
2025,B.Anger,DAL,17,41,48.6,14,2.647,45.0,14,59.0,3.47
2025,D.Whelan,GB,14,49,51.7,18,2.857,40.0,18,58.0,4.14
2025,E.Evans,LAR,17,50,46.3,20,2.235,38.0,20,58.0,3.41
2025,T.Morstead,SF,15,44,43.6,22,2.2,33.0,22,55.0,3.67
2025,K.Kroeger,NO,17,58,44.8,18,2.118,36.0,18,54.0,3.18
2025,J.Gillan,NYG,16,55,44.5,17,2.125,34.0,17,51.0,3.19
2025,M.Wishnowsky,BUF,11,38,45.3,18,2.182,24.0,18,42.0,3.82
2025,M.Haack,ARI,7,25,51.3,10,3.0,21.0,10,31.0,4.43
2025,B.Gillikin,ARI,5,22,51.7,8,3.0,15.0,8,23.0,4.6
2025,P.O'Donnell,ARI,5,13,42.2,3,1.8,9.0,3,12.0,2.4
2025,C.Johnston,BUF,3,7,44.0,2,2.0,6.0,2,8.0,2.67
2025,C.Johnston,NYG,1,4,45.5,0,3.0,3.0,0,3.0,3.0
2025,B.Robbins,BUF,1,4,39.5,1,0.0,0.0,1,1.0,1.0
2025,D.Carlson,LV,1,1,30.0,0,0.0,0.0,0,0.0,0.0
