year,week,date,home_team,away_team,home_score,away_score
2015,1,2015-09-10,NE,PIT,28,21
2015,1,2015-09-13,CHI,GB,23,31
2015,1,2015-09-13,LAR,SEA,34,31
2015,1,2015-09-13,HOU,KC,20,27
2015,1,2015-09-13,WAS,MIA,10,17
2015,1,2015-09-13,BUF,IND,27,14
2015,1,2015-09-13,JAX,CAR,9,20
2015,1,2015-09-13,NYJ,CLE,31,10
2015,1,2015-09-13,ARI,NO,31,19
2015,1,2015-09-13,LAC,DET,33,28
2015,1,2015-09-13,LV,CIN,13,33
2015,1,2015-09-13,DEN,BAL,19,13
2015,1,2015-09-13,TB,TEN,14,42
2015,1,2015-09-13,DAL,NYG,27,26
2015,1,2015-09-14,ATL,PHI,26,24
2015,1,2015-09-14,SF,MIN,20,3
2015,2,2015-09-17,KC,DEN,24,31
2015,2,2015-09-20,CHI,ARI,23,48
2015,2,2015-09-20,NYG,ATL,20,24
2015,2,2015-09-20,BUF,NE,32,40
2015,2,2015-09-20,CAR,HOU,24,17
2015,2,2015-09-20,CLE,TEN,28,14
2015,2,2015-09-20,NO,TB,19,26
2015,2,2015-09-20,PIT,SF,43,18
2015,2,2015-09-20,CIN,LAC,24,19
2015,2,2015-09-20,MIN,DET,26,16
2015,2,2015-09-20,WAS,LAR,24,10
2015,2,2015-09-20,JAX,MIA,23,20
2015,2,2015-09-20,LV,BAL,37,33
2015,2,2015-09-20,PHI,DAL,10,20
2015,2,2015-09-20,GB,SEA,27,17
2015,2,2015-09-21,IND,NYJ,7,20
2015,3,2015-09-24,NYG,WAS,32,21
2015,3,2015-09-27,LAR,PIT,6,12
2015,3,2015-09-27,BAL,CIN,24,28
2015,3,2015-09-27,CLE,LV,20,27
2015,3,2015-09-27,MIN,LAC,31,14
2015,3,2015-09-27,DAL,ATL,28,39
2015,3,2015-09-27,CAR,NO,27,22
2015,3,2015-09-27,TEN,IND,33,35
2015,3,2015-09-27,HOU,TB,19,9
2015,3,2015-09-27,NYJ,PHI,17,24
2015,3,2015-09-27,NE,JAX,51,17
2015,3,2015-09-27,ARI,SF,47,7
2015,3,2015-09-27,MIA,BUF,14,41
2015,3,2015-09-27,SEA,CHI,26,0
2015,3,2015-09-27,DET,DEN,12,24
2015,3,2015-09-28,GB,KC,38,28
2015,4,2015-10-01,PIT,BAL,20,23
2015,4,2015-10-04,MIA,NYJ,14,27
2015,4,2015-10-04,ATL,HOU,48,21
2015,4,2015-10-04,BUF,NYG,10,24
2015,4,2015-10-04,CHI,LV,22,20
2015,4,2015-10-04,IND,JAX,16,13
2015,4,2015-10-04,TB,CAR,23,37
2015,4,2015-10-04,CIN,KC,36,21
2015,4,2015-10-04,WAS,PHI,23,20
2015,4,2015-10-04,LAC,CLE,30,27
2015,4,2015-10-04,ARI,LAR,22,24
2015,4,2015-10-04,DEN,MIN,23,20
2015,4,2015-10-04,SF,GB,3,17
2015,4,2015-10-04,NO,DAL,26,20
2015,4,2015-10-05,SEA,DET,13,10
2015,5,2015-10-08,HOU,IND,20,27
2015,5,2015-10-11,ATL,WAS,25,19
2015,5,2015-10-11,KC,CHI,17,18
2015,5,2015-10-11,BAL,CLE,30,33
2015,5,2015-10-11,GB,LAR,24,10
2015,5,2015-10-11,TB,JAX,38,31
2015,5,2015-10-11,TEN,BUF,13,14
2015,5,2015-10-11,CIN,SEA,27,24
2015,5,2015-10-11,PHI,NO,39,17
2015,5,2015-10-11,DET,ARI,17,42
2015,5,2015-10-11,DAL,NE,6,30
2015,5,2015-10-11,LV,DEN,10,16
2015,5,2015-10-11,NYG,SF,30,27
2015,5,2015-10-12,LAC,PIT,20,24
2015,6,2015-10-15,NO,ATL,31,21
2015,6,2015-10-18,NYJ,WAS,34,20
2015,6,2015-10-18,BUF,CIN,21,34
2015,6,2015-10-18,DET,CHI,37,34
2015,6,2015-10-18,CLE,DEN,23,26
2015,6,2015-10-18,JAX,HOU,20,31
2015,6,2015-10-18,MIN,KC,16,10
2015,6,2015-10-18,TEN,MIA,10,38
2015,6,2015-10-18,PIT,ARI,25,13
2015,6,2015-10-18,SEA,CAR,23,27
2015,6,2015-10-18,GB,LAC,27,20
2015,6,2015-10-18,SF,BAL,25,20
2015,6,2015-10-18,IND,NE,27,34
2015,6,2015-10-19,PHI,NYG,27,7
2015,7,2015-10-22,SF,SEA,3,20
2015,7,2015-10-25,JAX,BUF,34,31
2015,7,2015-10-25,LAR,CLE,24,6
2015,7,2015-10-25,NE,NYJ,30,23
2015,7,2015-10-25,TEN,ATL,7,10
2015,7,2015-10-25,DET,MIN,19,28
2015,7,2015-10-25,MIA,HOU,44,26
2015,7,2015-10-25,IND,NO,21,27
2015,7,2015-10-25,KC,PIT,23,13
2015,7,2015-10-25,WAS,TB,31,30
2015,7,2015-10-25,LAC,LV,29,37
2015,7,2015-10-25,NYG,DAL,27,20
2015,7,2015-10-25,CAR,PHI,27,16
2015,7,2015-10-26,ARI,BAL,26,18
2015,8,2015-10-29,NE,MIA,36,7
2015,8,2015-11-01,KC,DET,45,10
2015,8,2015-11-01,CHI,MIN,20,23
2015,8,2015-11-01,LAR,SF,27,6
2015,8,2015-11-01,PIT,CIN,10,16
2015,8,2015-11-01,ATL,TB,20,23
2015,8,2015-11-01,CLE,ARI,20,34
2015,8,2015-11-01,HOU,TEN,20,6
2015,8,2015-11-01,NO,NYG,52,49
2015,8,2015-11-01,BAL,LAC,29,26
2015,8,2015-11-01,LV,NYJ,34,20
2015,8,2015-11-01,DAL,SEA,12,13
2015,8,2015-11-01,DEN,GB,29,10
2015,8,2015-11-02,CAR,IND,29,26
2015,9,2015-11-05,CIN,CLE,31,10
2015,9,2015-11-08,BUF,MIA,33,17
2015,9,2015-11-08,NYJ,JAX,28,23
2015,9,2015-11-08,MIN,LAR,21,18
2015,9,2015-11-08,NE,WAS,27,10
2015,9,2015-11-08,NO,TEN,28,34
2015,9,2015-11-08,PIT,LV,38,35
2015,9,2015-11-08,CAR,GB,37,29
2015,9,2015-11-08,SF,ATL,17,16
2015,9,2015-11-08,TB,NYG,18,32
2015,9,2015-11-08,IND,DEN,27,24
2015,9,2015-11-08,DAL,PHI,27,33
2015,9,2015-11-09,LAC,CHI,19,22
2015,10,2015-11-12,NYJ,BUF,17,22
2015,10,2015-11-15,LAR,CHI,13,37
2015,10,2015-11-15,TEN,CAR,10,27
2015,10,2015-11-15,GB,DET,16,18
2015,10,2015-11-15,PIT,CLE,30,9
2015,10,2015-11-15,TB,DAL,10,6
2015,10,2015-11-15,BAL,JAX,20,22
2015,10,2015-11-15,PHI,MIA,19,20
2015,10,2015-11-15,WAS,NO,47,14
2015,10,2015-11-15,LV,MIN,14,30
2015,10,2015-11-15,DEN,KC,13,29
2015,10,2015-11-15,NYG,NE,26,27
2015,10,2015-11-15,SEA,ARI,32,39
2015,10,2015-11-16,CIN,HOU,6,10
2015,11,2015-11-19,JAX,TEN,19,13
2015,11,2015-11-22,ATL,IND,21,24
2015,11,2015-11-22,CAR,WAS,44,16
2015,11,2015-11-22,CHI,DEN,15,17
2015,11,2015-11-22,DET,LV,18,13
2015,11,2015-11-22,PHI,TB,17,45
2015,11,2015-11-22,BAL,LAR,16,13
2015,11,2015-11-22,MIA,DAL,14,24
2015,11,2015-11-22,HOU,NYJ,24,17
2015,11,2015-11-22,LAC,KC,3,33
2015,11,2015-11-22,MIN,GB,13,30
2015,11,2015-11-22,SEA,SF,29,13
2015,11,2015-11-22,ARI,CIN,34,31
2015,11,2015-11-23,NE,BUF,20,13
2015,12,2015-11-26,DET,PHI,45,14
2015,12,2015-11-26,DAL,CAR,14,33
2015,12,2015-11-26,GB,CHI,13,17
2015,12,2015-11-29,ATL,MIN,10,20
2015,12,2015-11-29,CIN,LAR,31,7
2015,12,2015-11-29,IND,TB,25,12
2015,12,2015-11-29,HOU,NO,24,6
2015,12,2015-11-29,NYJ,MIA,38,20
2015,12,2015-11-29,TEN,LV,21,24
2015,12,2015-11-29,KC,BUF,30,22
2015,12,2015-11-29,JAX,LAC,25,31
2015,12,2015-11-29,WAS,NYG,20,14
2015,12,2015-11-29,SF,ARI,13,19
2015,12,2015-11-29,SEA,PIT,39,30
2015,12,2015-11-29,DEN,NE,30,24
2015,12,2015-11-30,CLE,BAL,27,33
2015,13,2015-12-03,DET,GB,23,27
2015,13,2015-12-06,LAR,ARI,3,27
2015,13,2015-12-06,BUF,HOU,30,21
2015,13,2015-12-06,CHI,SF,20,26
2015,13,2015-12-06,TEN,JAX,42,39
2015,13,2015-12-06,MIN,SEA,7,38
2015,13,2015-12-06,TB,ATL,23,19
2015,13,2015-12-06,CLE,CIN,3,37
2015,13,2015-12-06,MIA,BAL,15,13
2015,13,2015-12-06,NYG,NYJ,20,23
2015,13,2015-12-06,LAC,DEN,3,17
2015,13,2015-12-06,LV,KC,20,34
2015,13,2015-12-06,NO,CAR,38,41
2015,13,2015-12-06,NE,PHI,28,35
2015,13,2015-12-06,PIT,IND,45,10
2015,13,2015-12-07,WAS,DAL,16,19
2015,14,2015-12-10,ARI,MIN,23,20
2015,14,2015-12-13,PHI,BUF,23,20
2015,14,2015-12-13,CHI,WAS,21,24
2015,14,2015-12-13,CIN,PIT,20,33
2015,14,2015-12-13,CLE,SF,24,10
2015,14,2015-12-13,JAX,IND,51,16
2015,14,2015-12-13,LAR,DET,21,14
2015,14,2015-12-13,TB,NO,17,24
2015,14,2015-12-13,NYJ,TEN,30,8
2015,14,2015-12-13,BAL,SEA,6,35
2015,14,2015-12-13,CAR,ATL,38,0
2015,14,2015-12-13,KC,LAC,10,3
2015,14,2015-12-13,DEN,LV,12,15
2015,14,2015-12-13,GB,DAL,28,7
2015,14,2015-12-13,HOU,NE,6,27
2015,14,2015-12-14,MIA,NYG,24,31
2015,15,2015-12-17,LAR,TB,31,23
2015,15,2015-12-19,DAL,NYJ,16,19
2015,15,2015-12-20,JAX,ATL,17,23
2015,15,2015-12-20,NYG,CAR,35,38
2015,15,2015-12-20,MIN,CHI,38,17
2015,15,2015-12-20,IND,HOU,10,16
2015,15,2015-12-20,BAL,KC,14,34
2015,15,2015-12-20,NE,TEN,33,16
2015,15,2015-12-20,WAS,BUF,35,25
2015,15,2015-12-20,LV,GB,20,30
2015,15,2015-12-20,SEA,CLE,30,13
2015,15,2015-12-20,SF,CIN,14,24
2015,15,2015-12-20,PIT,DEN,34,27
2015,15,2015-12-20,LAC,MIA,30,14
2015,15,2015-12-20,PHI,ARI,17,40
2015,15,2015-12-21,NO,DET,27,35
2015,16,2015-12-24,LV,LAC,23,20
2015,16,2015-12-26,PHI,WAS,24,38
2015,16,2015-12-27,ATL,CAR,20,13
2015,16,2015-12-27,BUF,DAL,16,6
2015,16,2015-12-27,MIA,IND,12,18
2015,16,2015-12-27,TEN,HOU,6,34
2015,16,2015-12-27,NYJ,NE,26,20
2015,16,2015-12-27,BAL,PIT,20,17
2015,16,2015-12-27,TB,CHI,21,26
2015,16,2015-12-27,KC,CLE,17,13
2015,16,2015-12-27,DET,SF,32,17
2015,16,2015-12-27,NO,JAX,38,27
2015,16,2015-12-27,ARI,GB,38,8
2015,16,2015-12-27,SEA,LAR,17,23
2015,16,2015-12-27,MIN,NYG,49,17
2015,16,2015-12-28,DEN,CIN,20,17
2015,17,2016-01-03,ATL,NO,17,20
2015,17,2016-01-03,BUF,NYJ,22,17
2015,17,2016-01-03,CHI,DET,20,24
2015,17,2016-01-03,CIN,BAL,24,16
2015,17,2016-01-03,CLE,PIT,12,28
2015,17,2016-01-03,IND,TEN,30,24
2015,17,2016-01-03,HOU,JAX,30,6
2015,17,2016-01-03,MIA,NE,20,10
2015,17,2016-01-03,DAL,WAS,23,34
2015,17,2016-01-03,NYG,PHI,30,35
2015,17,2016-01-03,CAR,TB,38,10
2015,17,2016-01-03,ARI,SEA,6,36
2015,17,2016-01-03,DEN,LAC,27,20
2015,17,2016-01-03,SF,LAR,19,16
2015,17,2016-01-03,KC,LV,23,17
2015,17,2016-01-03,GB,MIN,13,20
2016,1,2016-09-08,DEN,CAR,21,20
2016,1,2016-09-11,BAL,BUF,13,7
2016,1,2016-09-11,JAX,GB,23,27
2016,1,2016-09-11,ATL,TB,24,31
2016,1,2016-09-11,HOU,CHI,23,14
2016,1,2016-09-11,NYJ,CIN,22,23
2016,1,2016-09-11,PHI,CLE,29,10
2016,1,2016-09-11,KC,LAC,33,27
2016,1,2016-09-11,TEN,MIN,16,25
2016,1,2016-09-11,NO,LV,34,35
2016,1,2016-09-11,SEA,MIA,12,10
2016,1,2016-09-11,IND,DET,35,39
2016,1,2016-09-11,DAL,NYG,19,20
2016,1,2016-09-11,ARI,NE,21,23
2016,1,2016-09-12,WAS,PIT,16,38
2016,1,2016-09-12,SF,LAR,28,0
2016,2,2016-09-15,BUF,NYJ,31,37
2016,2,2016-09-18,PIT,CIN,24,16
2016,2,2016-09-18,CLE,BAL,20,25
2016,2,2016-09-18,DET,TEN,15,16
2016,2,2016-09-18,HOU,KC,19,12
2016,2,2016-09-18,NE,MIA,31,24
2016,2,2016-09-18,CAR,SF,46,27
2016,2,2016-09-18,WAS,DAL,23,27
2016,2,2016-09-18,NYG,NO,16,13
2016,2,2016-09-18,ARI,TB,40,7
2016,2,2016-09-18,LAR,SEA,9,3
2016,2,2016-09-18,LV,ATL,28,35
2016,2,2016-09-18,DEN,IND,34,20
2016,2,2016-09-18,LAC,JAX,38,14
2016,2,2016-09-18,MIN,GB,17,14
2016,2,2016-09-19,CHI,PHI,14,29
2016,3,2016-09-22,NE,HOU,27,0
2016,3,2016-09-25,BUF,ARI,33,18
2016,3,2016-09-25,CAR,MIN,10,22
2016,3,2016-09-25,CIN,DEN,17,29
2016,3,2016-09-25,MIA,CLE,30,24
2016,3,2016-09-25,GB,DET,34,27
2016,3,2016-09-25,JAX,BAL,17,19
2016,3,2016-09-25,NYG,WAS,27,29
2016,3,2016-09-25,TEN,LV,10,17
2016,3,2016-09-25,TB,LAR,32,37
2016,3,2016-09-25,SEA,SF,37,18
2016,3,2016-09-25,IND,LAC,26,22
2016,3,2016-09-25,PHI,PIT,34,3
2016,3,2016-09-25,KC,NYJ,24,3
2016,3,2016-09-25,DAL,CHI,31,17
2016,3,2016-09-26,NO,ATL,32,45
2016,4,2016-09-29,CIN,MIA,22,7
2016,4,2016-10-02,JAX,IND,30,27
2016,4,2016-10-02,CHI,DET,17,14
2016,4,2016-10-02,NE,BUF,0,16
2016,4,2016-10-02,HOU,TEN,27,20
2016,4,2016-10-02,BAL,LV,27,28
2016,4,2016-10-02,NYJ,SEA,17,27
2016,4,2016-10-02,ATL,CAR,48,33
2016,4,2016-10-02,WAS,CLE,31,20
2016,4,2016-10-02,TB,DEN,7,27
2016,4,2016-10-02,ARI,LAR,13,17
2016,4,2016-10-02,SF,DAL,17,24
2016,4,2016-10-02,LAC,NO,34,35
2016,4,2016-10-02,PIT,KC,43,14
2016,4,2016-10-03,MIN,NYG,24,10
2016,5,2016-10-06,SF,ARI,21,33
2016,5,2016-10-09,IND,CHI,29,23
2016,5,2016-10-09,CLE,NE,13,33
2016,5,2016-10-09,DET,PHI,24,23
2016,5,2016-10-09,MIA,TEN,17,30
2016,5,2016-10-09,PIT,NYJ,31,13
2016,5,2016-10-09,BAL,WAS,10,16
2016,5,2016-10-09,MIN,HOU,31,13
2016,5,2016-10-09,DEN,ATL,16,23
2016,5,2016-10-09,LAR,BUF,19,30
2016,5,2016-10-09,DAL,CIN,28,14
2016,5,2016-10-09,LV,LAC,34,31
2016,5,2016-10-09,GB,NYG,23,16
2016,5,2016-10-10,CAR,TB,14,17
2016,6,2016-10-13,LAC,DEN,21,13
2016,6,2016-10-16,BUF,SF,45,16
2016,6,2016-10-16,CHI,JAX,16,17
2016,6,2016-10-16,NE,CIN,35,17
2016,6,2016-10-16,TEN,CLE,28,26
2016,6,2016-10-16,DET,LAR,31,28
2016,6,2016-10-16,MIA,PIT,30,15
2016,6,2016-10-16,NYG,BAL,27,23
2016,6,2016-10-16,WAS,PHI,27,20
2016,6,2016-10-16,NO,CAR,41,38
2016,6,2016-10-16,LV,KC,10,26
2016,6,2016-10-16,GB,DAL,16,30
2016,6,2016-10-16,SEA,ATL,26,24
2016,6,2016-10-16,HOU,IND,26,23
2016,6,2016-10-17,ARI,NYJ,28,3
2016,7,2016-10-20,GB,CHI,26,10
2016,7,2016-10-23,LAR,NYG,10,17
2016,7,2016-10-23,JAX,LV,16,33
2016,7,2016-10-23,PHI,MIN,21,10
2016,7,2016-10-23,MIA,BUF,28,25
2016,7,2016-10-23,CIN,CLE,31,17
2016,7,2016-10-23,TEN,IND,26,34
2016,7,2016-10-23,DET,WAS,20,17
2016,7,2016-10-23,KC,NO,27,21
2016,7,2016-10-23,NYJ,BAL,24,16
2016,7,2016-10-23,ATL,LAC,30,33
2016,7,2016-10-23,SF,TB,17,34
2016,7,2016-10-23,PIT,NE,16,27
2016,7,2016-10-23,ARI,SEA,6,6
2016,7,2016-10-24,DEN,HOU,27,9
2016,8,2016-10-27,TEN,JAX,36,22
2016,8,2016-10-30,CIN,WAS,27,27
2016,8,2016-10-30,CAR,ARI,30,20
2016,8,2016-10-30,BUF,NE,25,41
2016,8,2016-10-30,CLE,NYJ,28,31
2016,8,2016-10-30,IND,KC,14,30
2016,8,2016-10-30,TB,LV,24,30
2016,8,2016-10-30,NO,SEA,25,20
2016,8,2016-10-30,HOU,DET,20,13
2016,8,2016-10-30,DEN,LAC,27,19
2016,8,2016-10-30,ATL,GB,33,32
2016,8,2016-10-30,DAL,PHI,29,23
2016,8,2016-10-31,CHI,MIN,20,10
2016,9,2016-11-03,TB,ATL,28,43
2016,9,2016-11-06,KC,JAX,19,14
2016,9,2016-11-06,MIA,NYJ,27,23
2016,9,2016-11-06,NYG,PHI,28,23
2016,9,2016-11-06,BAL,PIT,21,14
2016,9,2016-11-06,CLE,DAL,10,35
2016,9,2016-11-06,MIN,DET,16,22
2016,9,2016-11-06,LAR,CAR,10,13
2016,9,2016-11-06,SF,NO,23,41
2016,9,2016-11-06,GB,IND,26,31
2016,9,2016-11-06,LAC,TEN,43,35
2016,9,2016-11-06,LV,DEN,30,20
2016,9,2016-11-07,SEA,BUF,31,25
2016,10,2016-11-10,BAL,CLE,28,7
2016,10,2016-11-13,CAR,KC,17,20
2016,10,2016-11-13,TB,CHI,36,10
2016,10,2016-11-13,TEN,GB,47,25
2016,10,2016-11-13,JAX,HOU,21,24
2016,10,2016-11-13,WAS,MIN,26,20
2016,10,2016-11-13,PHI,ATL,24,15
2016,10,2016-11-13,NO,DEN,23,25
2016,10,2016-11-13,NYJ,LAR,6,9
2016,10,2016-11-13,LAC,MIA,24,31
2016,10,2016-11-13,ARI,SF,23,20
2016,10,2016-11-13,PIT,DAL,30,35
2016,10,2016-11-13,NE,SEA,24,31
2016,10,2016-11-14,NYG,CIN,21,20
2016,11,2016-11-17,CAR,NO,23,20
2016,11,2016-11-20,CIN,BUF,12,16
2016,11,2016-11-20,NYG,CHI,22,16
2016,11,2016-11-20,IND,TEN,24,17
2016,11,2016-11-20,MIN,ARI,30,24
2016,11,2016-11-20,DAL,BAL,27,17
2016,11,2016-11-20,DET,JAX,26,19
2016,11,2016-11-20,KC,TB,17,19
2016,11,2016-11-20,CLE,PIT,9,24
2016,11,2016-11-20,LAR,MIA,10,14
2016,11,2016-11-20,SF,NE,17,30
2016,11,2016-11-20,SEA,PHI,26,15
2016,11,2016-11-20,WAS,GB,42,24
2016,11,2016-11-21,LV,HOU,27,20
2016,12,2016-11-24,DET,MIN,16,13
2016,12,2016-11-24,DAL,WAS,31,26
2016,12,2016-11-24,IND,PIT,7,28
2016,12,2016-11-27,ATL,ARI,38,19
2016,12,2016-11-27,BUF,JAX,28,21
2016,12,2016-11-27,CHI,TEN,21,27
2016,12,2016-11-27,BAL,CIN,19,14
2016,12,2016-11-27,HOU,LAC,13,21
2016,12,2016-11-27,MIA,SF,31,24
2016,12,2016-11-27,NO,LAR,49,21
2016,12,2016-11-27,CLE,NYG,13,27
2016,12,2016-11-27,TB,SEA,14,5
2016,12,2016-11-27,LV,CAR,35,32
2016,12,2016-11-27,NYJ,NE,17,22
2016,12,2016-11-27,DEN,KC,27,30
2016,12,2016-11-28,PHI,GB,13,27
2016,13,2016-12-01,MIN,DAL,15,17
2016,13,2016-12-04,ATL,KC,28,29
2016,13,2016-12-04,CHI,SF,26,6
2016,13,2016-12-04,CIN,PHI,32,14
2016,13,2016-12-04,JAX,DEN,10,20
2016,13,2016-12-04,NO,DET,13,28
2016,13,2016-12-04,GB,HOU,21,13
2016,13,2016-12-04,BAL,MIA,38,6
2016,13,2016-12-04,NE,LAR,26,10
2016,13,2016-12-04,LV,BUF,38,24
2016,13,2016-12-04,ARI,WAS,31,23
2016,13,2016-12-04,PIT,NYG,24,14
2016,13,2016-12-04,LAC,TB,21,28
2016,13,2016-12-04,SEA,CAR,40,7
2016,13,2016-12-05,NYJ,IND,10,41
2016,14,2016-12-08,KC,LV,21,13
2016,14,2016-12-11,BUF,PIT,20,27
2016,14,2016-12-11,CAR,LAC,28,16
2016,14,2016-12-11,DET,CHI,20,17
2016,14,2016-12-11,CLE,CIN,10,23
2016,14,2016-12-11,IND,HOU,17,22
2016,14,2016-12-11,MIA,ARI,26,23
2016,14,2016-12-11,TEN,DEN,13,10
2016,14,2016-12-11,JAX,MIN,16,25
2016,14,2016-12-11,PHI,WAS,22,27
2016,14,2016-12-11,SF,NYJ,17,23
2016,14,2016-12-11,LAR,ATL,14,42
2016,14,2016-12-11,GB,SEA,38,10
2016,14,2016-12-11,TB,NO,16,11
2016,14,2016-12-11,NYG,DAL,10,7
2016,14,2016-12-12,NE,BAL,30,23
2016,15,2016-12-15,SEA,LAR,24,3
2016,15,2016-12-17,NYJ,MIA,13,34
2016,15,2016-12-18,BUF,CLE,33,13
2016,15,2016-12-18,CHI,GB,27,30
2016,15,2016-12-18,CIN,PIT,20,24
2016,15,2016-12-18,MIN,IND,6,34
2016,15,2016-12-18,NYG,DET,17,6
2016,15,2016-12-18,HOU,JAX,21,20
2016,15,2016-12-18,KC,TEN,17,19
2016,15,2016-12-18,BAL,PHI,27,26
2016,15,2016-12-18,ATL,SF,41,13
2016,15,2016-12-18,ARI,NO,41,48
2016,15,2016-12-18,DEN,NE,3,16
2016,15,2016-12-18,LAC,LV,16,19
2016,15,2016-12-18,DAL,TB,26,20
2016,15,2016-12-19,WAS,CAR,15,26
2016,16,2016-12-22,PHI,NYG,24,19
2016,16,2016-12-24,CAR,ATL,16,33
2016,16,2016-12-24,BUF,MIA,31,34
2016,16,2016-12-24,CHI,WAS,21,41
2016,16,2016-12-24,CLE,LAC,20,17
2016,16,2016-12-24,GB,MIN,38,25
2016,16,2016-12-24,JAX,TEN,38,17
2016,16,2016-12-24,NE,NYJ,41,3
2016,16,2016-12-24,LV,IND,33,25
2016,16,2016-12-24,SEA,ARI,31,34
2016,16,2016-12-24,NO,TB,31,24
2016,16,2016-12-24,LAR,SF,21,22
2016,16,2016-12-24,HOU,CIN,12,10
2016,16,2016-12-25,PIT,BAL,31,27
2016,16,2016-12-25,KC,DEN,33,10
2016,16,2016-12-26,DAL,DET,42,21
2016,17,2017-01-01,NYJ,BUF,30,10
2016,17,2017-01-01,TB,CAR,17,16
2016,17,2017-01-01,MIN,CHI,38,10
2016,17,2017-01-01,CIN,BAL,27,10
2016,17,2017-01-01,PIT,CLE,27,24
2016,17,2017-01-01,IND,JAX,24,20
2016,17,2017-01-01,PHI,DAL,27,13
2016,17,2017-01-01,TEN,HOU,24,17
2016,17,2017-01-01,MIA,NE,14,35
2016,17,2017-01-01,ATL,NO,38,32
2016,17,2017-01-01,LAR,ARI,6,44
2016,17,2017-01-01,DEN,LV,24,6
2016,17,2017-01-01,LAC,KC,27,37
2016,17,2017-01-01,WAS,NYG,10,19
2016,17,2017-01-01,SF,SEA,23,25
2016,17,2017-01-01,DET,GB,24,31
2017,1,2017-09-07,NE,KC,27,42
2017,1,2017-09-10,CHI,ATL,17,23
2017,1,2017-09-10,BUF,NYJ,21,12
2017,1,2017-09-10,CIN,BAL,0,20
2017,1,2017-09-10,CLE,PIT,18,21
2017,1,2017-09-10,DET,ARI,35,23
2017,1,2017-09-10,HOU,JAX,7,29
2017,1,2017-09-10,TEN,LV,16,26
2017,1,2017-09-10,WAS,PHI,17,30
2017,1,2017-09-10,LAR,IND,46,9
2017,1,2017-09-10,SF,CAR,3,23
2017,1,2017-09-10,GB,SEA,17,9
2017,1,2017-09-10,DAL,NYG,19,3
2017,1,2017-09-11,MIN,NO,29,19
2017,1,2017-09-11,DEN,LAC,24,21
2017,2,2017-09-14,CIN,HOU,9,13
2017,2,2017-09-17,CAR,BUF,9,3
2017,2,2017-09-17,TB,CHI,29,7
2017,2,2017-09-17,BAL,CLE,24,10
2017,2,2017-09-17,IND,ARI,13,16
2017,2,2017-09-17,JAX,TEN,16,37
2017,2,2017-09-17,KC,PHI,27,20
2017,2,2017-09-17,PIT,MIN,26,9
2017,2,2017-09-17,NO,NE,20,36
2017,2,2017-09-17,LAC,MIA,17,19
2017,2,2017-09-17,LV,NYJ,45,20
2017,2,2017-09-17,DEN,DAL,42,17
2017,2,2017-09-17,LAR,WAS,20,27
2017,2,2017-09-17,SEA,SF,12,9
2017,2,2017-09-17,ATL,GB,34,23
2017,2,2017-09-18,NYG,DET,10,24
2017,3,2017-09-21,SF,LAR,39,41
2017,3,2017-09-24,JAX,BAL,44,7
2017,3,2017-09-24,NYJ,MIA,20,6
2017,3,2017-09-24,DET,ATL,26,30
2017,3,2017-09-24,BUF,DEN,26,16
2017,3,2017-09-24,CAR,NO,13,34
2017,3,2017-09-24,CHI,PIT,23,17
2017,3,2017-09-24,IND,CLE,31,28
2017,3,2017-09-24,NE,HOU,36,33
2017,3,2017-09-24,MIN,TB,34,17
2017,3,2017-09-24,PHI,NYG,27,24
2017,3,2017-09-24,TEN,SEA,33,27
2017,3,2017-09-24,GB,CIN,27,24
2017,3,2017-09-24,LAC,KC,10,24
2017,3,2017-09-24,WAS,LV,27,10
2017,3,2017-09-25,ARI,DAL,17,28
2017,4,2017-09-28,GB,CHI,35,14
2017,4,2017-10-01,MIA,NO,0,20
2017,4,2017-10-01,ATL,BUF,17,23
2017,4,2017-10-01,NE,CAR,30,33
2017,4,2017-10-01,CLE,CIN,7,31
2017,4,2017-10-01,DAL,LAR,30,35
2017,4,2017-10-01,MIN,DET,7,14
2017,4,2017-10-01,HOU,TEN,57,14
2017,4,2017-10-01,NYJ,JAX,23,20
2017,4,2017-10-01,BAL,PIT,9,26
2017,4,2017-10-01,ARI,SF,18,15
2017,4,2017-10-01,TB,NYG,25,23
2017,4,2017-10-01,LAC,PHI,24,26
2017,4,2017-10-01,DEN,LV,16,10
2017,4,2017-10-01,SEA,IND,46,18
2017,4,2017-10-02,KC,WAS,29,20
2017,5,2017-10-05,TB,NE,14,19
2017,5,2017-10-08,MIA,TEN,16,10
2017,5,2017-10-08,CIN,BUF,20,16
2017,5,2017-10-08,DET,CAR,24,27
2017,5,2017-10-08,CLE,NYJ,14,17
2017,5,2017-10-08,IND,SF,26,23
2017,5,2017-10-08,PHI,ARI,34,7
2017,5,2017-10-08,PIT,JAX,9,30
2017,5,2017-10-08,NYG,LAC,22,27
2017,5,2017-10-08,LV,BAL,17,30
2017,5,2017-10-08,LAR,SEA,10,16
2017,5,2017-10-08,DAL,GB,31,35
2017,5,2017-10-08,HOU,KC,34,42
2017,5,2017-10-09,CHI,MIN,17,20
2017,6,2017-10-12,CAR,PHI,23,28
2017,6,2017-10-15,ATL,MIA,17,20
2017,6,2017-10-15,BAL,CHI,24,27
2017,6,2017-10-15,HOU,CLE,33,17
2017,6,2017-10-15,NO,DET,52,38
2017,6,2017-10-15,MIN,GB,23,10
2017,6,2017-10-15,NYJ,NE,17,24
2017,6,2017-10-15,WAS,SF,26,24
2017,6,2017-10-15,ARI,TB,38,33
2017,6,2017-10-15,JAX,LAR,17,27
2017,6,2017-10-15,KC,PIT,13,19
2017,6,2017-10-15,LV,LAC,16,17
2017,6,2017-10-15,DEN,NYG,10,23
2017,6,2017-10-16,TEN,IND,36,22
2017,7,2017-10-19,LV,KC,31,30
2017,7,2017-10-22,BUF,TB,30,27
2017,7,2017-10-22,MIA,NYJ,31,28
2017,7,2017-10-22,CHI,CAR,17,3
2017,7,2017-10-22,CLE,TEN,9,12
2017,7,2017-10-22,IND,JAX,0,27
2017,7,2017-10-22,LAR,ARI,33,0
2017,7,2017-10-22,GB,NO,17,26
2017,7,2017-10-22,MIN,BAL,24,16
2017,7,2017-10-22,SF,DAL,10,40
2017,7,2017-10-22,PIT,CIN,29,14
2017,7,2017-10-22,LAC,DEN,21,0
2017,7,2017-10-22,NYG,SEA,7,24
2017,7,2017-10-22,NE,ATL,23,7
2017,7,2017-10-23,PHI,WAS,34,24
2017,8,2017-10-26,BAL,MIA,40,0
2017,8,2017-10-29,CLE,MIN,16,33
2017,8,2017-10-29,NYJ,ATL,20,25
2017,8,2017-10-29,BUF,LV,34,14
2017,8,2017-10-29,CIN,IND,24,23
2017,8,2017-10-29,TB,CAR,3,17
2017,8,2017-10-29,NO,CHI,20,12
2017,8,2017-10-29,NE,LAC,21,13
2017,8,2017-10-29,PHI,SF,33,10
2017,8,2017-10-29,SEA,HOU,41,38
2017,8,2017-10-29,WAS,DAL,19,33
2017,8,2017-10-29,DET,PIT,15,20
2017,8,2017-10-30,KC,DEN,29,19
2017,9,2017-11-02,NYJ,BUF,34,21
2017,9,2017-11-05,CAR,ATL,20,17
2017,9,2017-11-05,JAX,CIN,23,7
2017,9,2017-11-05,PHI,DEN,51,23
2017,9,2017-11-05,NO,TB,30,10
2017,9,2017-11-05,NYG,LAR,17,51
2017,9,2017-11-05,TEN,BAL,23,20
2017,9,2017-11-05,HOU,IND,14,20
2017,9,2017-11-05,SF,ARI,10,20
2017,9,2017-11-05,SEA,WAS,14,17
2017,9,2017-11-05,DAL,KC,28,17
2017,9,2017-11-05,MIA,LV,24,27
2017,9,2017-11-06,GB,DET,17,30
2017,10,2017-11-09,ARI,SEA,16,22
2017,10,2017-11-12,BUF,NO,10,47
2017,10,2017-11-12,CHI,GB,16,23
2017,10,2017-11-12,TEN,CIN,24,20
2017,10,2017-11-12,DET,CLE,38,24
2017,10,2017-11-12,JAX,LAC,20,17
2017,10,2017-11-12,WAS,MIN,30,38
2017,10,2017-11-12,IND,PIT,17,20
2017,10,2017-11-12,TB,NYJ,15,10
2017,10,2017-11-12,LAR,HOU,33,7
2017,10,2017-11-12,ATL,DAL,27,7
2017,10,2017-11-12,SF,NYG,31,21
2017,10,2017-11-12,DEN,NE,16,41
2017,10,2017-11-13,CAR,MIA,45,21
2017,11,2017-11-16,PIT,TEN,40,17
2017,11,2017-11-19,CHI,DET,24,27
2017,11,2017-11-19,CLE,JAX,7,19
2017,11,2017-11-19,HOU,ARI,31,21
2017,11,2017-11-19,GB,BAL,0,23
2017,11,2017-11-19,NYG,KC,12,9
2017,11,2017-11-19,MIA,TB,20,30
2017,11,2017-11-19,MIN,LAR,24,7
2017,11,2017-11-19,NO,WAS,34,31
2017,11,2017-11-19,LAC,BUF,54,24
2017,11,2017-11-19,DEN,CIN,17,20
2017,11,2017-11-19,LV,NE,8,33
2017,11,2017-11-19,DAL,PHI,9,37
2017,11,2017-11-20,SEA,ATL,31,34
2017,12,2017-11-23,DET,MIN,23,30
2017,12,2017-11-23,DAL,LAC,6,28
2017,12,2017-11-23,WAS,NYG,20,10
2017,12,2017-11-26,ATL,TB,34,20
2017,12,2017-11-26,KC,BUF,10,16
2017,12,2017-11-26,NYJ,CAR,27,35
2017,12,2017-11-26,PHI,CHI,31,3
2017,12,2017-11-26,CIN,CLE,30,16
2017,12,2017-11-26,IND,TEN,16,20
2017,12,2017-11-26,NE,MIA,35,17
2017,12,2017-11-26,SF,SEA,13,24
2017,12,2017-11-26,ARI,JAX,27,24
2017,12,2017-11-26,LV,DEN,21,14
2017,12,2017-11-26,LAR,NO,26,20
2017,12,2017-11-26,PIT,GB,31,28
2017,12,2017-11-27,BAL,HOU,23,16
2017,13,2017-11-30,DAL,WAS,38,14
2017,13,2017-12-03,ATL,MIN,9,14
2017,13,2017-12-03,BUF,NE,3,23
2017,13,2017-12-03,CHI,SF,14,15
2017,13,2017-12-03,JAX,IND,30,10
2017,13,2017-12-03,MIA,DEN,35,9
2017,13,2017-12-03,BAL,DET,44,20
2017,13,2017-12-03,GB,TB,26,20
2017,13,2017-12-03,TEN,HOU,24,13
2017,13,2017-12-03,NYJ,KC,38,31
2017,13,2017-12-03,LAC,CLE,19,10
2017,13,2017-12-03,NO,CAR,31,21
2017,13,2017-12-03,ARI,LAR,16,32
2017,13,2017-12-03,LV,NYG,24,17
2017,13,2017-12-03,SEA,PHI,24,10
2017,13,2017-12-04,CIN,PIT,20,23
2017,14,2017-12-07,ATL,NO,20,17
2017,14,2017-12-10,BUF,IND,13,7
2017,14,2017-12-10,CAR,MIN,31,24
2017,14,2017-12-10,CIN,CHI,7,33
2017,14,2017-12-10,CLE,GB,21,27
2017,14,2017-12-10,NYG,DAL,10,30
2017,14,2017-12-10,TB,DET,21,24
2017,14,2017-12-10,HOU,SF,16,26
2017,14,2017-12-10,KC,LV,26,15
2017,14,2017-12-10,ARI,TEN,12,7
2017,14,2017-12-10,DEN,NYJ,23,0
2017,14,2017-12-10,LAC,WAS,30,13
2017,14,2017-12-10,JAX,SEA,30,24
2017,14,2017-12-10,LAR,PHI,35,43
2017,14,2017-12-10,PIT,BAL,39,38
2017,14,2017-12-11,MIA,NE,27,20
2017,15,2017-12-14,IND,DEN,13,25
2017,15,2017-12-16,DET,CHI,20,10
2017,15,2017-12-16,KC,LAC,30,13
2017,15,2017-12-17,BUF,MIA,24,16
2017,15,2017-12-17,CAR,GB,31,24
2017,15,2017-12-17,MIN,CIN,34,7
2017,15,2017-12-17,CLE,BAL,10,27
2017,15,2017-12-17,WAS,ARI,20,15
2017,15,2017-12-17,JAX,HOU,45,7
2017,15,2017-12-17,NO,NYJ,31,19
2017,15,2017-12-17,NYG,PHI,29,34
2017,15,2017-12-17,SEA,LAR,7,42
2017,15,2017-12-17,PIT,NE,24,27
2017,15,2017-12-17,SF,TEN,25,23
2017,15,2017-12-17,LV,DAL,17,20
2017,15,2017-12-18,TB,ATL,21,24
2017,16,2017-12-23,BAL,IND,23,16
2017,16,2017-12-23,GB,MIN,0,16
2017,16,2017-12-24,NO,ATL,23,13
2017,16,2017-12-24,NE,BUF,37,16
2017,16,2017-12-24,CAR,TB,22,19
2017,16,2017-12-24,CHI,CLE,20,3
2017,16,2017-12-24,CIN,DET,26,17
2017,16,2017-12-24,WAS,DEN,27,11
2017,16,2017-12-24,KC,MIA,29,13
2017,16,2017-12-24,NYJ,LAC,7,14
2017,16,2017-12-24,TEN,LAR,23,27
2017,16,2017-12-24,SF,JAX,44,33
2017,16,2017-12-24,ARI,NYG,23,0
2017,16,2017-12-24,DAL,SEA,12,21
2017,16,2017-12-25,HOU,PIT,6,34
2017,16,2017-12-25,PHI,LV,19,10
2017,17,2017-12-31,MIN,CHI,23,10
2017,17,2017-12-31,PIT,CLE,28,24
2017,17,2017-12-31,IND,HOU,22,13
2017,17,2017-12-31,PHI,DAL,0,6
2017,17,2017-12-31,DET,GB,35,11
2017,17,2017-12-31,NE,NYJ,26,6
2017,17,2017-12-31,NYG,WAS,18,10
2017,17,2017-12-31,ATL,CAR,22,10
2017,17,2017-12-31,MIA,BUF,16,22
2017,17,2017-12-31,BAL,CIN,27,31
2017,17,2017-12-31,SEA,ARI,24,26
2017,17,2017-12-31,DEN,KC,24,27
2017,17,2017-12-31,TEN,JAX,15,10
2017,17,2017-12-31,TB,NO,31,24
2017,17,2017-12-31,LAC,LV,30,10
2017,17,2017-12-31,LAR,SF,13,34
2018,1,2018-09-06,PHI,ATL,18,12
2018,1,2018-09-09,BAL,BUF,47,3
2018,1,2018-09-09,IND,CIN,23,34
2018,1,2018-09-09,CLE,PIT,21,21
2018,1,2018-09-09,NE,HOU,27,20
2018,1,2018-09-09,NYG,JAX,15,20
2018,1,2018-09-09,MIA,TEN,27,20
2018,1,2018-09-09,MIN,SF,24,16
2018,1,2018-09-09,NO,TB,40,48
2018,1,2018-09-09,LAC,KC,28,38
2018,1,2018-09-09,CAR,DAL,16,8
2018,1,2018-09-09,ARI,WAS,6,24
2018,1,2018-09-09,DEN,SEA,27,24
2018,1,2018-09-09,GB,CHI,24,23
2018,1,2018-09-10,DET,NYJ,17,48
2018,1,2018-09-10,LV,LAR,13,33
2018,2,2018-09-13,CIN,BAL,34,23
2018,2,2018-09-16,ATL,CAR,31,24
2018,2,2018-09-16,BUF,LAC,20,31
2018,2,2018-09-16,NO,CLE,21,18
2018,2,2018-09-16,WAS,IND,9,21
2018,2,2018-09-16,GB,MIN,29,29
2018,2,2018-09-16,TEN,HOU,20,17
2018,2,2018-09-16,PIT,KC,37,42
2018,2,2018-09-16,NYJ,MIA,12,20
2018,2,2018-09-16,TB,PHI,27,21
2018,2,2018-09-16,LAR,ARI,34,0
2018,2,2018-09-16,SF,DET,30,27
2018,2,2018-09-16,DEN,LV,20,19
2018,2,2018-09-16,JAX,NE,31,20
2018,2,2018-09-16,DAL,NYG,20,13
2018,2,2018-09-17,CHI,SEA,24,17
2018,3,2018-09-20,CLE,NYJ,21,17
2018,3,2018-09-23,ATL,NO,37,43
2018,3,2018-09-23,MIN,BUF,6,27
2018,3,2018-09-23,CAR,CIN,31,21
2018,3,2018-09-23,PHI,IND,20,16
2018,3,2018-09-23,BAL,DEN,27,14
2018,3,2018-09-23,WAS,GB,31,17
2018,3,2018-09-23,HOU,NYG,22,27
2018,3,2018-09-23,JAX,TEN,6,9
2018,3,2018-09-23,KC,SF,38,27
2018,3,2018-09-23,MIA,LV,28,20
2018,3,2018-09-23,LAR,LAC,35,23
2018,3,2018-09-23,ARI,CHI,14,16
2018,3,2018-09-23,SEA,DAL,24,13
2018,3,2018-09-23,DET,NE,26,10
2018,3,2018-09-24,TB,PIT,27,30
2018,4,2018-09-27,LAR,MIN,38,31
2018,4,2018-09-30,ATL,CIN,36,37
2018,4,2018-09-30,GB,BUF,22,0
2018,4,2018-09-30,CHI,TB,48,10
2018,4,2018-09-30,IND,HOU,34,37
2018,4,2018-09-30,DAL,DET,26,24
2018,4,2018-09-30,JAX,NYJ,31,12
2018,4,2018-09-30,NE,MIA,38,7
2018,4,2018-09-30,TEN,PHI,26,23
2018,4,2018-09-30,LV,CLE,45,42
2018,4,2018-09-30,ARI,SEA,17,20
2018,4,2018-09-30,NYG,NO,18,33
2018,4,2018-09-30,LAC,SF,29,27
2018,4,2018-09-30,PIT,BAL,14,26
2018,4,2018-10-01,DEN,KC,23,27
2018,5,2018-10-04,NE,IND,38,24
2018,5,2018-10-07,CAR,NYG,33,31
2018,5,2018-10-07,PIT,ATL,41,17
2018,5,2018-10-07,BUF,TEN,13,12
2018,5,2018-10-07,CIN,MIA,27,17
2018,5,2018-10-07,CLE,BAL,12,9
2018,5,2018-10-07,NYJ,DEN,34,16
2018,5,2018-10-07,DET,GB,31,23
2018,5,2018-10-07,KC,JAX,30,14
2018,5,2018-10-07,LAC,LV,26,10
2018,5,2018-10-07,SF,ARI,18,28
2018,5,2018-10-07,PHI,MIN,21,23
2018,5,2018-10-07,SEA,LAR,31,33
2018,5,2018-10-07,HOU,DAL,19,16
2018,5,2018-10-08,NO,WAS,43,19
2018,6,2018-10-11,NYG,PHI,13,34
2018,6,2018-10-14,WAS,CAR,23,17
2018,6,2018-10-14,MIA,CHI,31,28
2018,6,2018-10-14,ATL,TB,34,29
2018,6,2018-10-14,HOU,BUF,20,13
2018,6,2018-10-14,CIN,PIT,21,28
2018,6,2018-10-14,CLE,LAC,14,38
2018,6,2018-10-14,NYJ,IND,42,34
2018,6,2018-10-14,MIN,ARI,27,17
2018,6,2018-10-14,LV,SEA,3,27
2018,6,2018-10-14,DEN,LAR,20,23
2018,6,2018-10-14,DAL,JAX,40,7
2018,6,2018-10-14,TEN,BAL,0,21
2018,6,2018-10-14,NE,KC,43,40
2018,6,2018-10-15,GB,SF,33,30
2018,7,2018-10-18,ARI,DEN,10,45
2018,7,2018-10-21,LAC,TEN,20,19
2018,7,2018-10-21,PHI,CAR,17,21
2018,7,2018-10-21,CHI,NE,31,38
2018,7,2018-10-21,MIA,DET,21,32
2018,7,2018-10-21,IND,BUF,37,5
2018,7,2018-10-21,TB,CLE,26,23
2018,7,2018-10-21,JAX,HOU,7,20
2018,7,2018-10-21,NYJ,MIN,17,37
2018,7,2018-10-21,BAL,NO,23,24
2018,7,2018-10-21,WAS,DAL,20,17
2018,7,2018-10-21,SF,LAR,10,39
2018,7,2018-10-21,KC,CIN,45,10
2018,7,2018-10-22,ATL,NYG,23,20
2018,8,2018-10-25,HOU,MIA,42,23
2018,8,2018-10-28,JAX,PHI,18,24
2018,8,2018-10-28,CAR,BAL,36,21
2018,8,2018-10-28,CHI,NYJ,24,10
2018,8,2018-10-28,DET,SEA,14,28
2018,8,2018-10-28,CIN,TB,37,34
2018,8,2018-10-28,PIT,CLE,33,18
2018,8,2018-10-28,KC,DEN,30,23
2018,8,2018-10-28,NYG,WAS,13,20
2018,8,2018-10-28,LV,IND,28,42
2018,8,2018-10-28,LAR,GB,29,27
2018,8,2018-10-28,ARI,SF,18,15
2018,8,2018-10-28,MIN,NO,20,30
2018,8,2018-10-29,BUF,NE,6,25
2018,9,2018-11-01,SF,LV,34,3
2018,9,2018-11-04,WAS,ATL,14,38
2018,9,2018-11-04,CAR,TB,42,28
2018,9,2018-11-04,MIN,DET,24,9
2018,9,2018-11-04,BAL,PIT,16,23
2018,9,2018-11-04,BUF,CHI,9,41
2018,9,2018-11-04,CLE,KC,21,37
2018,9,2018-11-04,MIA,NYJ,13,6
2018,9,2018-11-04,SEA,LAC,17,25
2018,9,2018-11-04,DEN,HOU,17,19
2018,9,2018-11-04,NO,LAR,45,35
2018,9,2018-11-04,NE,GB,31,17
2018,9,2018-11-05,DAL,TEN,14,28
2018,10,2018-11-08,PIT,CAR,52,21
2018,10,2018-11-11,CLE,ATL,28,16
2018,10,2018-11-11,CHI,DET,34,22
2018,10,2018-11-11,CIN,NO,14,51
2018,10,2018-11-11,IND,JAX,29,26
2018,10,2018-11-11,KC,ARI,26,14
2018,10,2018-11-11,TB,WAS,3,16
2018,10,2018-11-11,NYJ,BUF,10,41
2018,10,2018-11-11,TEN,NE,34,10
2018,10,2018-11-11,LV,LAC,6,20
2018,10,2018-11-11,GB,MIA,31,12
2018,10,2018-11-11,LAR,SEA,36,31
2018,10,2018-11-11,PHI,DAL,20,27
2018,10,2018-11-12,SF,NYG,23,27
2018,11,2018-11-15,SEA,GB,27,24
2018,11,2018-11-18,ATL,DAL,19,22
2018,11,2018-11-18,DET,CAR,20,19
2018,11,2018-11-18,BAL,CIN,24,21
2018,11,2018-11-18,IND,TEN,38,10
2018,11,2018-11-18,WAS,HOU,21,23
2018,11,2018-11-18,JAX,PIT,16,20
2018,11,2018-11-18,NYG,TB,38,35
2018,11,2018-11-18,ARI,LV,21,23
2018,11,2018-11-18,LAC,DEN,22,23
2018,11,2018-11-18,NO,PHI,48,7
2018,11,2018-11-18,CHI,MIN,25,20
2018,11,2018-11-19,LAR,KC,54,51
2018,12,2018-11-22,DET,CHI,16,23
2018,12,2018-11-22,DAL,WAS,31,23
2018,12,2018-11-22,NO,ATL,31,17
2018,12,2018-11-25,BUF,JAX,24,21
2018,12,2018-11-25,CAR,SEA,27,30
2018,12,2018-11-25,CIN,CLE,20,35
2018,12,2018-11-25,NYJ,NE,13,27
2018,12,2018-11-25,PHI,NYG,25,22
2018,12,2018-11-25,BAL,LV,34,17
2018,12,2018-11-25,TB,SF,27,9
2018,12,2018-11-25,LAC,ARI,45,10
2018,12,2018-11-25,IND,MIA,27,24
2018,12,2018-11-25,DEN,PIT,24,17
2018,12,2018-11-25,MIN,GB,24,17
2018,12,2018-11-26,HOU,TEN,34,17
2018,13,2018-11-29,DAL,NO,13,10
2018,13,2018-12-02,ATL,BAL,16,26
2018,13,2018-12-02,MIA,BUF,21,17
2018,13,2018-12-02,TB,CAR,24,17
2018,13,2018-12-02,NYG,CHI,30,27
2018,13,2018-12-02,CIN,DEN,10,24
2018,13,2018-12-02,HOU,CLE,29,13
2018,13,2018-12-02,JAX,IND,6,0
2018,13,2018-12-02,GB,ARI,17,20
2018,13,2018-12-02,DET,LAR,16,30
2018,13,2018-12-02,LV,KC,33,40
2018,13,2018-12-02,TEN,NYJ,26,22
2018,13,2018-12-02,NE,MIN,24,10
2018,13,2018-12-02,SEA,SF,43,16
2018,13,2018-12-02,PIT,LAC,30,33
2018,13,2018-12-03,PHI,WAS,28,13
2018,14,2018-12-06,TEN,JAX,30,9
2018,14,2018-12-09,GB,ATL,34,20
2018,14,2018-12-09,BUF,NYJ,23,27
2018,14,2018-12-09,CLE,CAR,26,20
2018,14,2018-12-09,HOU,IND,21,24
2018,14,2018-12-09,KC,BAL,27,24
2018,14,2018-12-09,MIA,NE,34,33
2018,14,2018-12-09,TB,NO,14,28
2018,14,2018-12-09,WAS,NYG,16,40
2018,14,2018-12-09,LAC,CIN,26,21
2018,14,2018-12-09,SF,DEN,20,14
2018,14,2018-12-09,ARI,DET,3,17
2018,14,2018-12-09,DAL,PHI,29,23
2018,14,2018-12-09,LV,PIT,24,21
2018,14,2018-12-09,CHI,LAR,15,6
2018,14,2018-12-10,SEA,MIN,21,7
2018,15,2018-12-13,KC,LAC,28,29
2018,15,2018-12-15,NYJ,HOU,22,29
2018,15,2018-12-15,DEN,CLE,16,17
2018,15,2018-12-16,ATL,ARI,40,14
2018,15,2018-12-16,BUF,DET,14,13
2018,15,2018-12-16,CHI,GB,24,17
2018,15,2018-12-16,CIN,LV,30,16
2018,15,2018-12-16,IND,DAL,23,0
2018,15,2018-12-16,JAX,WAS,13,16
2018,15,2018-12-16,MIN,MIA,41,17
2018,15,2018-12-16,NYG,TEN,0,17
2018,15,2018-12-16,BAL,TB,20,12
2018,15,2018-12-16,SF,SEA,26,23
2018,15,2018-12-16,PIT,NE,17,10
2018,15,2018-12-16,LAR,PHI,23,30
2018,15,2018-12-17,CAR,NO,9,12
2018,16,2018-12-22,TEN,WAS,25,16
2018,16,2018-12-22,LAC,BAL,10,22
2018,16,2018-12-23,CAR,ATL,10,24
2018,16,2018-12-23,NE,BUF,24,12
2018,16,2018-12-23,CLE,CIN,26,18
2018,16,2018-12-23,IND,NYG,28,27
2018,16,2018-12-23,DAL,TB,27,20
2018,16,2018-12-23,DET,MIN,9,27
2018,16,2018-12-23,NYJ,GB,38,44
2018,16,2018-12-23,PHI,HOU,32,30
2018,16,2018-12-23,MIA,JAX,7,17
2018,16,2018-12-23,SF,CHI,9,14
2018,16,2018-12-23,ARI,LAR,9,31
2018,16,2018-12-23,NO,PIT,31,28
2018,16,2018-12-23,SEA,KC,38,31
2018,16,2018-12-24,LV,DEN,27,14
2018,17,2018-12-30,TB,ATL,32,34
2018,17,2018-12-30,BUF,MIA,42,17
2018,17,2018-12-30,NO,CAR,14,33
2018,17,2018-12-30,NYG,DAL,35,36
2018,17,2018-12-30,GB,DET,0,31
2018,17,2018-12-30,HOU,JAX,20,3
2018,17,2018-12-30,NE,NYJ,38,3
2018,17,2018-12-30,MIN,CHI,10,24
2018,17,2018-12-30,PIT,CIN,16,13
2018,17,2018-12-30,BAL,CLE,26,24
2018,17,2018-12-30,SEA,ARI,27,24
2018,17,2018-12-30,DEN,LAC,9,23
2018,17,2018-12-30,KC,LV,35,3
2018,17,2018-12-30,WAS,PHI,0,24
2018,17,2018-12-30,LAR,SF,48,32
2018,17,2018-12-30,TEN,IND,17,33
2019,1,2019-09-05,CHI,GB,3,10
2019,1,2019-09-08,MIN,ATL,28,12
2019,1,2019-09-08,NYJ,BUF,16,17
2019,1,2019-09-08,CAR,LAR,27,30
2019,1,2019-09-08,CLE,TEN,13,43
2019,1,2019-09-08,JAX,KC,26,40
2019,1,2019-09-08,MIA,BAL,10,59
2019,1,2019-09-08,PHI,WAS,32,27
2019,1,2019-09-08,SEA,CIN,21,20
2019,1,2019-09-08,LAC,IND,30,24
2019,1,2019-09-08,ARI,DET,27,27
2019,1,2019-09-08,DAL,NYG,35,17
2019,1,2019-09-08,TB,SF,17,31
2019,1,2019-09-08,NE,PIT,33,3
2019,1,2019-09-09,NO,HOU,30,28
2019,1,2019-09-09,LV,DEN,24,16
2019,2,2019-09-12,CAR,TB,14,20
2019,2,2019-09-15,NYG,BUF,14,28
2019,2,2019-09-15,CIN,SF,17,41
2019,2,2019-09-15,TEN,IND,17,19
2019,2,2019-09-15,BAL,ARI,23,17
2019,2,2019-09-15,WAS,DAL,21,31
2019,2,2019-09-15,DET,LAC,13,10
2019,2,2019-09-15,GB,MIN,21,16
2019,2,2019-09-15,HOU,JAX,13,12
2019,2,2019-09-15,MIA,NE,0,43
2019,2,2019-09-15,PIT,SEA,26,28
2019,2,2019-09-15,LV,KC,10,28
2019,2,2019-09-15,DEN,CHI,14,16
2019,2,2019-09-15,LAR,NO,27,9
2019,2,2019-09-15,ATL,PHI,24,20
2019,2,2019-09-16,NYJ,CLE,3,23
2019,3,2019-09-19,JAX,TEN,20,7
2019,3,2019-09-22,IND,ATL,27,24
2019,3,2019-09-22,BUF,CIN,21,17
2019,3,2019-09-22,DAL,MIA,31,6
2019,3,2019-09-22,GB,DEN,27,16
2019,3,2019-09-22,PHI,DET,24,27
2019,3,2019-09-22,KC,BAL,33,28
2019,3,2019-09-22,MIN,LV,34,14
2019,3,2019-09-22,NE,NYJ,30,14
2019,3,2019-09-22,ARI,CAR,20,38
2019,3,2019-09-22,TB,NYG,31,32
2019,3,2019-09-22,LAC,HOU,20,27
2019,3,2019-09-22,SEA,NO,27,33
2019,3,2019-09-22,SF,PIT,24,20
2019,3,2019-09-22,CLE,LAR,13,20
2019,3,2019-09-23,WAS,CHI,15,31
2019,4,2019-09-26,GB,PHI,27,34
2019,4,2019-09-29,ATL,TEN,10,24
2019,4,2019-09-29,BUF,NE,10,16
2019,4,2019-09-29,HOU,CAR,10,16
2019,4,2019-09-29,BAL,CLE,25,40
2019,4,2019-09-29,IND,LV,24,31
2019,4,2019-09-29,DET,KC,30,34
2019,4,2019-09-29,MIA,LAC,10,30
2019,4,2019-09-29,NYG,WAS,24,3
2019,4,2019-09-29,ARI,SEA,10,27
2019,4,2019-09-29,LAR,TB,40,55
2019,4,2019-09-29,CHI,MIN,16,6
2019,4,2019-09-29,DEN,JAX,24,26
2019,4,2019-09-29,NO,DAL,12,10
2019,4,2019-09-30,PIT,CIN,27,3
2019,5,2019-10-03,SEA,LAR,30,29
2019,5,2019-10-06,PHI,NYJ,31,6
2019,5,2019-10-06,HOU,ATL,53,32
2019,5,2019-10-06,TEN,BUF,7,14
2019,5,2019-10-06,CAR,JAX,34,27
2019,5,2019-10-06,LV,CHI,24,21
2019,5,2019-10-06,CIN,ARI,23,26
2019,5,2019-10-06,NYG,MIN,10,28
2019,5,2019-10-06,NO,TB,31,24
2019,5,2019-10-06,WAS,NE,7,33
2019,5,2019-10-06,PIT,BAL,23,26
2019,5,2019-10-06,LAC,DEN,13,20
2019,5,2019-10-06,DAL,GB,24,34
2019,5,2019-10-06,KC,IND,13,19
2019,5,2019-10-07,SF,CLE,31,3
2019,6,2019-10-10,NE,NYG,35,14
2019,6,2019-10-13,TB,CAR,26,37
2019,6,2019-10-13,MIA,WAS,16,17
2019,6,2019-10-13,BAL,CIN,23,17
2019,6,2019-10-13,CLE,SEA,28,32
2019,6,2019-10-13,KC,HOU,24,31
2019,6,2019-10-13,JAX,NO,6,13
2019,6,2019-10-13,MIN,PHI,38,20
2019,6,2019-10-13,ARI,ATL,34,33
2019,6,2019-10-13,LAR,SF,7,20
2019,6,2019-10-13,NYJ,DAL,24,22
2019,6,2019-10-13,DEN,TEN,16,0
2019,6,2019-10-13,LAC,PIT,17,24
2019,6,2019-10-14,GB,DET,23,22
2019,7,2019-10-17,DEN,KC,6,30
2019,7,2019-10-20,BUF,MIA,31,21
2019,7,2019-10-20,IND,HOU,30,23
2019,7,2019-10-20,DET,MIN,30,42
2019,7,2019-10-20,WAS,SF,0,9
2019,7,2019-10-20,ATL,LAR,10,37
2019,7,2019-10-20,CIN,JAX,17,27
2019,7,2019-10-20,NYG,ARI,21,27
2019,7,2019-10-20,GB,LV,42,24
2019,7,2019-10-20,TEN,LAC,23,20
2019,7,2019-10-20,CHI,NO,25,36
2019,7,2019-10-20,SEA,BAL,16,30
2019,7,2019-10-20,DAL,PHI,37,10
2019,7,2019-10-21,NYJ,NE,0,33
2019,8,2019-10-24,MIN,WAS,19,9
2019,8,2019-10-27,BUF,PHI,13,31
2019,8,2019-10-27,CHI,LAC,16,17
2019,8,2019-10-27,IND,DEN,15,13
2019,8,2019-10-27,DET,NYG,31,26
2019,8,2019-10-27,ATL,SEA,20,27
2019,8,2019-10-27,LAR,CIN,24,10
2019,8,2019-10-27,NO,ARI,31,9
2019,8,2019-10-27,JAX,NYJ,29,15
2019,8,2019-10-27,TEN,TB,27,23
2019,8,2019-10-27,SF,CAR,51,13
2019,8,2019-10-27,NE,CLE,27,13
2019,8,2019-10-27,HOU,LV,27,24
2019,8,2019-10-27,KC,GB,24,31
2019,8,2019-10-28,PIT,MIA,27,14
2019,9,2019-10-31,ARI,SF,25,28
2019,9,2019-11-03,JAX,HOU,3,26
2019,9,2019-11-03,BUF,WAS,24,9
2019,9,2019-11-03,CAR,TEN,30,20
2019,9,2019-11-03,PHI,CHI,22,14
2019,9,2019-11-03,PIT,IND,26,24
2019,9,2019-11-03,MIA,NYJ,26,18
2019,9,2019-11-03,KC,MIN,26,23
2019,9,2019-11-03,LV,DET,31,24
2019,9,2019-11-03,SEA,TB,40,34
2019,9,2019-11-03,DEN,CLE,24,19
2019,9,2019-11-03,LAC,GB,26,11
2019,9,2019-11-03,BAL,NE,37,20
2019,9,2019-11-04,NYG,DAL,18,37
2019,10,2019-11-07,LV,LAC,26,24
2019,10,2019-11-10,NO,ATL,9,26
2019,10,2019-11-10,CLE,BUF,19,16
2019,10,2019-11-10,CHI,DET,20,13
2019,10,2019-11-10,CIN,BAL,13,49
2019,10,2019-11-10,TB,ARI,30,27
2019,10,2019-11-10,TEN,KC,35,32
2019,10,2019-11-10,NYJ,NYG,34,27
2019,10,2019-11-10,IND,MIA,12,16
2019,10,2019-11-10,GB,CAR,24,16
2019,10,2019-11-10,PIT,LAR,17,12
2019,10,2019-11-10,DAL,MIN,24,28
2019,10,2019-11-11,SF,SEA,24,27
2019,11,2019-11-14,CLE,PIT,21,7
2019,11,2019-11-17,CAR,ATL,3,29
2019,11,2019-11-17,MIA,BUF,20,37
2019,11,2019-11-17,IND,JAX,33,13
2019,11,2019-11-17,DET,DAL,27,35
2019,11,2019-11-17,MIN,DEN,27,23
2019,11,2019-11-17,BAL,HOU,41,7
2019,11,2019-11-17,TB,NO,17,34
2019,11,2019-11-17,WAS,NYJ,17,34
2019,11,2019-11-17,SF,ARI,36,26
2019,11,2019-11-17,LV,CIN,17,10
2019,11,2019-11-17,PHI,NE,10,17
2019,11,2019-11-17,LAR,CHI,17,7
2019,11,2019-11-18,LAC,KC,17,24
2019,12,2019-11-21,HOU,IND,20,17
2019,12,2019-11-24,ATL,TB,22,35
2019,12,2019-11-24,BUF,DEN,20,3
2019,12,2019-11-24,NO,CAR,34,31
2019,12,2019-11-24,CHI,NYG,19,14
2019,12,2019-11-24,CIN,PIT,10,16
2019,12,2019-11-24,CLE,MIA,41,24
2019,12,2019-11-24,WAS,DET,19,16
2019,12,2019-11-24,NYJ,LV,34,3
2019,12,2019-11-24,PHI,SEA,9,17
2019,12,2019-11-24,TEN,JAX,42,20
2019,12,2019-11-24,NE,DAL,13,9
2019,12,2019-11-24,SF,GB,37,8
2019,12,2019-11-25,LAR,BAL,6,45
2019,13,2019-11-28,DET,CHI,20,24
2019,13,2019-11-28,DAL,BUF,15,26
2019,13,2019-11-28,ATL,NO,18,26
2019,13,2019-12-01,CAR,WAS,21,29
2019,13,2019-12-01,CIN,NYJ,22,6
2019,13,2019-12-01,PIT,CLE,20,13
2019,13,2019-12-01,IND,TEN,17,31
2019,13,2019-12-01,NYG,GB,13,31
2019,13,2019-12-01,JAX,TB,11,28
2019,13,2019-12-01,MIA,PHI,37,31
2019,13,2019-12-01,BAL,SF,20,17
2019,13,2019-12-01,ARI,LAR,7,34
2019,13,2019-12-01,DEN,LAC,23,20
2019,13,2019-12-01,KC,LV,40,9
2019,13,2019-12-01,HOU,NE,28,22
2019,13,2019-12-02,SEA,MIN,37,30
2019,14,2019-12-05,CHI,DAL,31,24
2019,14,2019-12-08,ATL,CAR,40,20
2019,14,2019-12-08,BUF,BAL,17,24
2019,14,2019-12-08,CLE,CIN,27,19
2019,14,2019-12-08,TB,IND,38,35
2019,14,2019-12-08,HOU,DEN,24,38
2019,14,2019-12-08,MIN,DET,20,7
2019,14,2019-12-08,GB,WAS,20,15
2019,14,2019-12-08,NYJ,MIA,22,21
2019,14,2019-12-08,NO,SF,46,48
2019,14,2019-12-08,JAX,LAC,10,45
2019,14,2019-12-08,ARI,PIT,17,23
2019,14,2019-12-08,NE,KC,16,23
2019,14,2019-12-08,LV,TEN,21,42
2019,14,2019-12-08,LAR,SEA,28,12
2019,14,2019-12-09,PHI,NYG,23,17
2019,15,2019-12-12,BAL,NYJ,42,21
2019,15,2019-12-15,CAR,SEA,24,30
2019,15,2019-12-15,GB,CHI,21,13
2019,15,2019-12-15,CIN,NE,13,34
2019,15,2019-12-15,KC,DEN,23,3
2019,15,2019-12-15,DET,TB,17,38
2019,15,2019-12-15,TEN,HOU,21,24
2019,15,2019-12-15,NYG,MIA,36,20
2019,15,2019-12-15,WAS,PHI,27,37
2019,15,2019-12-15,ARI,CLE,38,24
2019,15,2019-12-15,LV,JAX,16,20
2019,15,2019-12-15,LAC,MIN,10,39
2019,15,2019-12-15,SF,ATL,22,29
2019,15,2019-12-15,DAL,LAR,44,21
2019,15,2019-12-15,PIT,BUF,10,17
2019,15,2019-12-16,NO,IND,34,7
2019,16,2019-12-21,TB,HOU,20,23
2019,16,2019-12-21,NE,BUF,24,17
2019,16,2019-12-21,SF,LAR,34,31
2019,16,2019-12-22,ATL,JAX,24,12
2019,16,2019-12-22,IND,CAR,38,6
2019,16,2019-12-22,MIA,CIN,38,35
2019,16,2019-12-22,CLE,BAL,15,31
2019,16,2019-12-22,TEN,NO,28,38
2019,16,2019-12-22,WAS,NYG,35,41
2019,16,2019-12-22,NYJ,PIT,16,10
2019,16,2019-12-22,DEN,DET,27,17
2019,16,2019-12-22,LAC,LV,17,24
2019,16,2019-12-22,SEA,ARI,13,27
2019,16,2019-12-22,PHI,DAL,17,9
2019,16,2019-12-22,CHI,KC,3,26
2019,16,2019-12-23,MIN,GB,10,23
2019,17,2019-12-29,TB,ATL,22,28
2019,17,2019-12-29,BUF,NYJ,6,13
2019,17,2019-12-29,CAR,NO,10,42
2019,17,2019-12-29,MIN,CHI,19,21
2019,17,2019-12-29,CIN,CLE,33,23
2019,17,2019-12-29,DET,GB,20,23
2019,17,2019-12-29,KC,LAC,31,21
2019,17,2019-12-29,NE,MIA,24,27
2019,17,2019-12-29,JAX,IND,38,20
2019,17,2019-12-29,LAR,ARI,31,24
2019,17,2019-12-29,DAL,WAS,47,16
2019,17,2019-12-29,DEN,LV,16,15
2019,17,2019-12-29,HOU,TEN,14,35
2019,17,2019-12-29,NYG,PHI,17,34
2019,17,2019-12-29,BAL,PIT,28,10
2019,17,2019-12-29,SEA,SF,21,26
2020,1,2020-09-10,KC,HOU,34,20
2020,1,2020-09-13,ATL,SEA,25,38
2020,1,2020-09-13,BUF,NYJ,27,17
2020,1,2020-09-13,CAR,LV,30,34
2020,1,2020-09-13,DET,CHI,23,27
2020,1,2020-09-13,BAL,CLE,38,6
2020,1,2020-09-13,JAX,IND,27,20
2020,1,2020-09-13,MIN,GB,34,43
2020,1,2020-09-13,NE,MIA,21,11
2020,1,2020-09-13,WAS,PHI,27,17
2020,1,2020-09-13,CIN,LAC,13,16
2020,1,2020-09-13,SF,ARI,20,24
2020,1,2020-09-13,NO,TB,34,23
2020,1,2020-09-13,LAR,DAL,20,17
2020,1,2020-09-14,NYG,PIT,16,26
2020,1,2020-09-14,DEN,TEN,14,16
2020,2,2020-09-17,CLE,CIN,35,30
2020,2,2020-09-20,DAL,ATL,40,39
2020,2,2020-09-20,MIA,BUF,28,31
2020,2,2020-09-20,TB,CAR,31,17
2020,2,2020-09-20,CHI,NYG,17,13
2020,2,2020-09-20,IND,MIN,28,11
2020,2,2020-09-20,PIT,DEN,26,21
2020,2,2020-09-20,GB,DET,42,21
2020,2,2020-09-20,TEN,JAX,33,30
2020,2,2020-09-20,NYJ,SF,13,31
2020,2,2020-09-20,PHI,LAR,19,37
2020,2,2020-09-20,ARI,WAS,30,15
2020,2,2020-09-20,HOU,BAL,16,33
2020,2,2020-09-20,LAC,KC,20,23
2020,2,2020-09-20,SEA,NE,35,30
2020,2,2020-09-21,LV,NO,34,24
2020,3,2020-09-24,JAX,MIA,13,31
2020,3,2020-09-27,ATL,CHI,26,30
2020,3,2020-09-27,BUF,LAR,35,32
2020,3,2020-09-27,PHI,CIN,23,23
2020,3,2020-09-27,CLE,WAS,34,20
2020,3,2020-09-27,PIT,HOU,28,21
2020,3,2020-09-27,MIN,TEN,30,31
2020,3,2020-09-27,NE,LV,36,20
2020,3,2020-09-27,NYG,SF,9,36
2020,3,2020-09-27,LAC,CAR,16,21
2020,3,2020-09-27,IND,NYJ,36,7
2020,3,2020-09-27,ARI,DET,23,26
2020,3,2020-09-27,SEA,DAL,38,31
2020,3,2020-09-27,DEN,TB,10,28
2020,3,2020-09-27,NO,GB,30,37
2020,3,2020-09-28,BAL,KC,20,34
2020,4,2020-10-01,NYJ,DEN,28,37
2020,4,2020-10-04,CAR,ARI,31,21
2020,4,2020-10-04,CHI,IND,11,19
2020,4,2020-10-04,CIN,JAX,33,25
2020,4,2020-10-04,DAL,CLE,38,49
2020,4,2020-10-04,DET,NO,29,35
2020,4,2020-10-04,HOU,MIN,23,31
2020,4,2020-10-04,MIA,SEA,23,31
2020,4,2020-10-04,WAS,BAL,17,31
2020,4,2020-10-04,TB,LAC,38,31
2020,4,2020-10-04,LAR,NYG,17,9
2020,4,2020-10-04,LV,BUF,23,30
2020,4,2020-10-04,SF,PHI,20,25
2020,4,2020-10-05,KC,NE,26,10
2020,4,2020-10-05,GB,ATL,30,16
2020,5,2020-10-08,CHI,TB,20,19
2020,5,2020-10-11,ATL,CAR,16,23
2020,5,2020-10-11,BAL,CIN,27,3
2020,5,2020-10-11,NYJ,ARI,10,30
2020,5,2020-10-11,HOU,JAX,30,14
2020,5,2020-10-11,KC,LV,32,40
2020,5,2020-10-11,PIT,PHI,38,29
2020,5,2020-10-11,WAS,LAR,10,30
2020,5,2020-10-11,SF,MIA,17,43
2020,5,2020-10-11,CLE,IND,32,23
2020,5,2020-10-11,DAL,NYG,37,34
2020,5,2020-10-11,SEA,MIN,27,26
2020,5,2020-10-12,NO,LAC,30,27
2020,5,2020-10-13,TEN,BUF,42,16
2020,6,2020-10-18,NE,DEN,12,18
2020,6,2020-10-18,JAX,DET,16,34
2020,6,2020-10-18,MIN,ATL,23,40
2020,6,2020-10-18,CAR,CHI,16,23
2020,6,2020-10-18,IND,CIN,31,27
2020,6,2020-10-18,PIT,CLE,38,7
2020,6,2020-10-18,TEN,HOU,42,36
2020,6,2020-10-18,NYG,WAS,20,19
2020,6,2020-10-18,PHI,BAL,28,30
2020,6,2020-10-18,MIA,NYJ,24,0
2020,6,2020-10-18,TB,GB,38,10
2020,6,2020-10-18,SF,LAR,24,16
2020,6,2020-10-19,BUF,KC,17,26
2020,6,2020-10-19,DAL,ARI,10,38
2020,7,2020-10-22,PHI,NYG,22,21
2020,7,2020-10-25,HOU,GB,20,35
2020,7,2020-10-25,TEN,PIT,24,27
2020,7,2020-10-25,ATL,DET,22,23
2020,7,2020-10-25,NYJ,BUF,10,18
2020,7,2020-10-25,NO,CAR,27,24
2020,7,2020-10-25,CIN,CLE,34,37
2020,7,2020-10-25,WAS,DAL,25,3
2020,7,2020-10-25,LV,TB,20,45
2020,7,2020-10-25,DEN,KC,16,43
2020,7,2020-10-25,NE,SF,6,33
2020,7,2020-10-25,LAC,JAX,39,29
2020,7,2020-10-25,ARI,SEA,37,34
2020,7,2020-10-26,LAR,CHI,24,10
2020,8,2020-10-29,CAR,ATL,17,25
2020,8,2020-11-01,DET,IND,21,41
2020,8,2020-11-01,GB,MIN,22,28
2020,8,2020-11-01,MIA,LAR,28,17
2020,8,2020-11-01,BAL,PIT,24,28
2020,8,2020-11-01,BUF,NE,24,21
2020,8,2020-11-01,CIN,TEN,31,20
2020,8,2020-11-01,CLE,LV,6,16
2020,8,2020-11-01,KC,NYJ,35,9
2020,8,2020-11-01,DEN,LAC,31,30
2020,8,2020-11-01,SEA,SF,37,27
2020,8,2020-11-01,CHI,NO,23,26
2020,8,2020-11-01,PHI,DAL,23,9
2020,8,2020-11-02,NYG,TB,23,25
2020,9,2020-11-05,SF,GB,17,34
2020,9,2020-11-08,IND,BAL,10,24
2020,9,2020-11-08,MIN,DET,34,20
2020,9,2020-11-08,JAX,HOU,25,27
2020,9,2020-11-08,ATL,DEN,34,27
2020,9,2020-11-08,BUF,SEA,44,34
2020,9,2020-11-08,KC,CAR,33,31
2020,9,2020-11-08,TEN,CHI,24,17
2020,9,2020-11-08,WAS,NYG,20,23
2020,9,2020-11-08,LAC,LV,26,31
2020,9,2020-11-08,ARI,MIA,31,34
2020,9,2020-11-08,DAL,PIT,19,24
2020,9,2020-11-08,TB,NO,3,38
2020,9,2020-11-09,NYJ,NE,27,30
2020,10,2020-11-12,TEN,IND,17,34
2020,10,2020-11-15,CLE,HOU,10,7
2020,10,2020-11-15,DET,WAS,30,27
2020,10,2020-11-15,GB,JAX,24,20
2020,10,2020-11-15,CAR,TB,23,46
2020,10,2020-11-15,NYG,PHI,27,17
2020,10,2020-11-15,LV,DEN,37,12
2020,10,2020-11-15,MIA,LAC,29,21
2020,10,2020-11-15,ARI,BUF,32,30
2020,10,2020-11-15,PIT,CIN,36,10
2020,10,2020-11-15,NO,SF,27,13
2020,10,2020-11-15,LAR,SEA,23,16
2020,10,2020-11-15,NE,BAL,23,17
2020,10,2020-11-16,CHI,MIN,13,19
2020,11,2020-11-19,SEA,ARI,28,21
2020,11,2020-11-22,NO,ATL,24,9
2020,11,2020-11-22,WAS,CIN,20,9
2020,11,2020-11-22,CLE,PHI,22,17
2020,11,2020-11-22,HOU,NE,27,20
2020,11,2020-11-22,JAX,PIT,3,27
2020,11,2020-11-22,BAL,TEN,24,30
2020,11,2020-11-22,CAR,DET,20,0
2020,11,2020-11-22,DEN,MIA,20,13
2020,11,2020-11-22,LAC,NYJ,34,28
2020,11,2020-11-22,IND,GB,34,31
2020,11,2020-11-22,MIN,DAL,28,31
2020,11,2020-11-22,LV,KC,31,35
2020,11,2020-11-23,TB,LAR,24,27
2020,12,2020-11-26,DET,HOU,25,41
2020,12,2020-11-26,DAL,WAS,16,41
2020,12,2020-11-29,ATL,LV,43,6
2020,12,2020-11-29,BUF,LAC,27,17
2020,12,2020-11-29,CIN,NYG,17,19
2020,12,2020-11-29,JAX,CLE,25,27
2020,12,2020-11-29,IND,TEN,26,45
2020,12,2020-11-29,NE,ARI,20,17
2020,12,2020-11-29,NYJ,MIA,3,20
2020,12,2020-11-29,MIN,CAR,28,27
2020,12,2020-11-29,DEN,NO,3,31
2020,12,2020-11-29,LAR,SF,20,23
2020,12,2020-11-29,TB,KC,24,27
2020,12,2020-11-29,GB,CHI,41,25
2020,12,2020-11-30,PHI,SEA,17,23
2020,12,2020-12-02,PIT,BAL,19,14
2020,13,2020-12-06,ATL,NO,16,21
2020,13,2020-12-06,CHI,DET,30,34
2020,13,2020-12-06,MIA,CIN,19,7
2020,13,2020-12-06,TEN,CLE,35,41
2020,13,2020-12-06,HOU,IND,20,26
2020,13,2020-12-06,MIN,JAX,27,24
2020,13,2020-12-06,NYJ,LV,28,31
2020,13,2020-12-06,ARI,LAR,28,38
2020,13,2020-12-06,SEA,NYG,12,17
2020,13,2020-12-06,GB,PHI,30,16
2020,13,2020-12-06,LAC,NE,0,45
2020,13,2020-12-06,KC,DEN,22,16
2020,13,2020-12-07,PIT,WAS,17,23
2020,13,2020-12-07,SF,BUF,24,34
2020,13,2020-12-08,BAL,DAL,34,17
2020,14,2020-12-10,LAR,NE,24,3
2020,14,2020-12-13,CAR,DEN,27,32
2020,14,2020-12-13,CHI,HOU,36,7
2020,14,2020-12-13,CIN,DAL,7,30
2020,14,2020-12-13,NYG,ARI,7,26
2020,14,2020-12-13,JAX,TEN,10,31
2020,14,2020-12-13,MIA,KC,27,33
2020,14,2020-12-13,TB,MIN,26,14
2020,14,2020-12-13,LV,IND,27,44
2020,14,2020-12-13,SEA,NYJ,40,3
2020,14,2020-12-13,LAC,ATL,20,17
2020,14,2020-12-13,DET,GB,24,31
2020,14,2020-12-13,PHI,NO,24,21
2020,14,2020-12-13,SF,WAS,15,23
2020,14,2020-12-13,BUF,PIT,26,15
2020,14,2020-12-14,CLE,BAL,42,47
2020,15,2020-12-17,LV,LAC,27,30
2020,15,2020-12-19,DEN,BUF,19,48
2020,15,2020-12-19,GB,CAR,24,16
2020,15,2020-12-20,ATL,TB,27,31
2020,15,2020-12-20,MIN,CHI,27,33
2020,15,2020-12-20,IND,HOU,27,20
2020,15,2020-12-20,DAL,SF,41,33
2020,15,2020-12-20,TEN,DET,46,25
2020,15,2020-12-20,BAL,JAX,40,14
2020,15,2020-12-20,MIA,NE,22,12
2020,15,2020-12-20,WAS,SEA,15,20
2020,15,2020-12-20,ARI,PHI,33,26
2020,15,2020-12-20,LAR,NYJ,20,23
2020,15,2020-12-20,NO,KC,29,32
2020,15,2020-12-20,NYG,CLE,6,20
2020,15,2020-12-21,CIN,PIT,27,17
2020,16,2020-12-25,NO,MIN,52,33
2020,16,2020-12-26,DET,TB,7,47
2020,16,2020-12-26,ARI,SF,12,20
2020,16,2020-12-26,LV,MIA,25,26
2020,16,2020-12-27,KC,ATL,17,14
2020,16,2020-12-27,JAX,CHI,17,41
2020,16,2020-12-27,HOU,CIN,31,37
2020,16,2020-12-27,NYJ,CLE,23,16
2020,16,2020-12-27,PIT,IND,28,24
2020,16,2020-12-27,BAL,NYG,27,13
2020,16,2020-12-27,WAS,CAR,13,20
2020,16,2020-12-27,LAC,DEN,19,16
2020,16,2020-12-27,DAL,PHI,37,17
2020,16,2020-12-27,SEA,LAR,20,9
2020,16,2020-12-27,GB,TEN,40,14
2020,16,2020-12-28,NE,BUF,9,38
2020,17,2021-01-03,TB,ATL,44,27
2020,17,2021-01-03,BUF,MIA,56,26
2020,17,2021-01-03,CIN,BAL,3,38
2020,17,2021-01-03,CLE,PIT,24,22
2020,17,2021-01-03,NYG,DAL,23,19
2020,17,2021-01-03,DET,MIN,35,37
2020,17,2021-01-03,NE,NYJ,28,14
2020,17,2021-01-03,CAR,NO,7,33
2020,17,2021-01-03,CHI,GB,16,35
2020,17,2021-01-03,IND,JAX,28,14
2020,17,2021-01-03,LAR,ARI,18,7
2020,17,2021-01-03,DEN,LV,31,32
2020,17,2021-01-03,HOU,TEN,38,41
2020,17,2021-01-03,KC,LAC,21,38
2020,17,2021-01-03,SF,SEA,23,26
2020,17,2021-01-03,PHI,WAS,14,20
2021,1,2021-09-09,TB,DAL,31,29
2021,1,2021-09-12,ATL,PHI,6,32
2021,1,2021-09-12,BUF,PIT,16,23
2021,1,2021-09-12,CAR,NYJ,19,14
2021,1,2021-09-12,CIN,MIN,27,24
2021,1,2021-09-12,IND,SEA,16,28
2021,1,2021-09-12,TEN,ARI,13,38
2021,1,2021-09-12,DET,SF,33,41
2021,1,2021-09-12,HOU,JAX,37,21
2021,1,2021-09-12,WAS,LAC,16,20
2021,1,2021-09-12,KC,CLE,33,29
2021,1,2021-09-12,NYG,DEN,13,27
2021,1,2021-09-12,NO,GB,38,3
2021,1,2021-09-12,NE,MIA,16,17
2021,1,2021-09-12,LAR,CHI,34,14
2021,1,2021-09-13,LV,BAL,33,27
2021,2,2021-09-16,WAS,NYG,30,29
2021,2,2021-09-19,MIA,BUF,0,35
2021,2,2021-09-19,CAR,NO,26,7
2021,2,2021-09-19,CHI,CIN,20,17
2021,2,2021-09-19,CLE,HOU,31,21
2021,2,2021-09-19,IND,LAR,24,27
2021,2,2021-09-19,JAX,DEN,13,23
2021,2,2021-09-19,NYJ,NE,6,25
2021,2,2021-09-19,PHI,SF,11,17
2021,2,2021-09-19,PIT,LV,17,26
2021,2,2021-09-19,TB,ATL,48,25
2021,2,2021-09-19,ARI,MIN,34,33
2021,2,2021-09-19,LAC,DAL,17,20
2021,2,2021-09-19,SEA,TEN,30,33
2021,2,2021-09-19,BAL,KC,36,35
2021,2,2021-09-20,GB,DET,35,17
2021,3,2021-09-23,HOU,CAR,9,24
2021,3,2021-09-26,NYG,ATL,14,17
2021,3,2021-09-26,BUF,WAS,43,21
2021,3,2021-09-26,CLE,CHI,26,6
2021,3,2021-09-26,PIT,CIN,10,24
2021,3,2021-09-26,TEN,IND,25,16
2021,3,2021-09-26,JAX,ARI,19,31
2021,3,2021-09-26,DET,BAL,17,19
2021,3,2021-09-26,KC,LAC,24,30
2021,3,2021-09-26,NE,NO,13,28
2021,3,2021-09-26,DEN,NYJ,26,0
2021,3,2021-09-26,LV,MIA,31,28
2021,3,2021-09-26,MIN,SEA,30,17
2021,3,2021-09-26,LAR,TB,34,24
2021,3,2021-09-26,SF,GB,28,30
2021,3,2021-09-27,DAL,PHI,41,21
2021,4,2021-09-30,CIN,JAX,24,21
2021,4,2021-10-03,ATL,WAS,30,34
2021,4,2021-10-03,BUF,HOU,40,0
2021,4,2021-10-03,DAL,CAR,36,28
2021,4,2021-10-03,CHI,DET,24,14
2021,4,2021-10-03,MIN,CLE,7,14
2021,4,2021-10-03,MIA,IND,17,27
2021,4,2021-10-03,PHI,KC,30,42
2021,4,2021-10-03,NO,NYG,21,27
2021,4,2021-10-03,NYJ,TEN,27,24
2021,4,2021-10-03,LAR,ARI,20,37
2021,4,2021-10-03,SF,SEA,21,28
2021,4,2021-10-03,DEN,BAL,7,23
2021,4,2021-10-03,GB,PIT,27,17
2021,4,2021-10-03,NE,TB,17,19
2021,4,2021-10-04,LAC,LV,28,14
2021,5,2021-10-07,SEA,LAR,17,26
2021,5,2021-10-10,ATL,NYJ,27,20
2021,5,2021-10-10,CAR,PHI,18,21
2021,5,2021-10-10,CIN,GB,22,25
2021,5,2021-10-10,PIT,DEN,27,19
2021,5,2021-10-10,MIN,DET,19,17
2021,5,2021-10-10,HOU,NE,22,25
2021,5,2021-10-10,JAX,TEN,19,37
2021,5,2021-10-10,TB,MIA,45,17
2021,5,2021-10-10,WAS,NO,22,33
2021,5,2021-10-10,LV,CHI,9,20
2021,5,2021-10-10,LAC,CLE,47,42
2021,5,2021-10-10,ARI,SF,17,10
2021,5,2021-10-10,DAL,NYG,44,20
2021,5,2021-10-10,KC,BUF,20,38
2021,5,2021-10-11,BAL,IND,31,25
2021,6,2021-10-14,PHI,TB,22,28
2021,6,2021-10-17,JAX,MIA,23,20
2021,6,2021-10-17,CAR,MIN,28,34
2021,6,2021-10-17,CHI,GB,14,24
2021,6,2021-10-17,DET,CIN,11,34
2021,6,2021-10-17,IND,HOU,31,3
2021,6,2021-10-17,WAS,KC,13,31
2021,6,2021-10-17,NYG,LAR,11,38
2021,6,2021-10-17,BAL,LAC,34,6
2021,6,2021-10-17,CLE,ARI,14,37
2021,6,2021-10-17,NE,DAL,29,35
2021,6,2021-10-17,DEN,LV,24,34
2021,6,2021-10-17,PIT,SEA,23,20
2021,6,2021-10-18,TEN,BUF,34,31
2021,7,2021-10-21,CLE,DEN,17,14
2021,7,2021-10-24,MIA,ATL,28,30
2021,7,2021-10-24,NYG,CAR,25,3
2021,7,2021-10-24,BAL,CIN,17,41
2021,7,2021-10-24,GB,WAS,24,10
2021,7,2021-10-24,TEN,KC,27,3
2021,7,2021-10-24,NE,NYJ,54,13
2021,7,2021-10-24,LAR,DET,28,19
2021,7,2021-10-24,LV,PHI,33,22
2021,7,2021-10-24,TB,CHI,38,3
2021,7,2021-10-24,ARI,HOU,31,5
2021,7,2021-10-24,SF,IND,18,30
2021,7,2021-10-25,SEA,NO,10,13
2021,8,2021-10-28,ARI,GB,21,24
2021,8,2021-10-31,ATL,CAR,13,19
2021,8,2021-10-31,BUF,MIA,26,11
2021,8,2021-10-31,CHI,SF,22,33
2021,8,2021-10-31,NYJ,CIN,34,31
2021,8,2021-10-31,CLE,PIT,10,15
2021,8,2021-10-31,IND,TEN,31,34
2021,8,2021-10-31,DET,PHI,6,44
2021,8,2021-10-31,HOU,LAR,22,38
2021,8,2021-10-31,SEA,JAX,31,7
2021,8,2021-10-31,LAC,NE,24,27
2021,8,2021-10-31,NO,TB,36,27
2021,8,2021-10-31,DEN,WAS,17,10
2021,8,2021-10-31,MIN,DAL,16,20
2021,8,2021-11-01,KC,NYG,20,17
2021,9,2021-11-04,IND,NYJ,45,30
2021,9,2021-11-07,NO,ATL,25,27
2021,9,2021-11-07,JAX,BUF,9,6
2021,9,2021-11-07,DAL,DEN,16,30
2021,9,2021-11-07,BAL,MIN,34,31
2021,9,2021-11-07,CAR,NE,6,24
2021,9,2021-11-07,CIN,CLE,16,41
2021,9,2021-11-07,MIA,HOU,17,9
2021,9,2021-11-07,NYG,LV,23,16
2021,9,2021-11-07,PHI,LAC,24,27
2021,9,2021-11-07,SF,ARI,17,31
2021,9,2021-11-07,KC,GB,13,7
2021,9,2021-11-07,LAR,TEN,16,28
2021,9,2021-11-08,PIT,CHI,29,27
2021,10,2021-11-11,MIA,BAL,22,10
2021,10,2021-11-14,DAL,ATL,43,3
2021,10,2021-11-14,NYJ,BUF,17,45
2021,10,2021-11-14,PIT,DET,16,16
2021,10,2021-11-14,TEN,NO,23,21
2021,10,2021-11-14,WAS,TB,29,19
2021,10,2021-11-14,NE,CLE,45,7
2021,10,2021-11-14,IND,JAX,23,17
2021,10,2021-11-14,LAC,MIN,20,27
2021,10,2021-11-14,ARI,CAR,10,34
2021,10,2021-11-14,DEN,PHI,13,30
2021,10,2021-11-14,GB,SEA,17,0
2021,10,2021-11-14,LV,KC,14,41
2021,10,2021-11-15,SF,LAR,31,10
2021,11,2021-11-18,ATL,NE,0,25
2021,11,2021-11-21,BUF,IND,15,41
2021,11,2021-11-21,CHI,BAL,13,16
2021,11,2021-11-21,TEN,HOU,13,22
2021,11,2021-11-21,JAX,SF,10,30
2021,11,2021-11-21,PHI,NO,40,29
2021,11,2021-11-21,CAR,WAS,21,27
2021,11,2021-11-21,CLE,DET,13,10
2021,11,2021-11-21,MIN,GB,34,31
2021,11,2021-11-21,NYJ,MIA,17,24
2021,11,2021-11-21,LV,CIN,13,32
2021,11,2021-11-21,KC,DAL,19,9
2021,11,2021-11-21,SEA,ARI,13,23
2021,11,2021-11-21,LAC,PIT,41,37
2021,11,2021-11-22,TB,NYG,30,10
2021,12,2021-11-25,DET,CHI,14,16
2021,12,2021-11-25,DAL,LV,33,36
2021,12,2021-11-25,NO,BUF,6,31
2021,12,2021-11-28,JAX,ATL,14,21
2021,12,2021-11-28,CIN,PIT,41,10
2021,12,2021-11-28,HOU,NYJ,14,21
2021,12,2021-11-28,NYG,PHI,13,7
2021,12,2021-11-28,MIA,CAR,33,10
2021,12,2021-11-28,IND,TB,31,38
2021,12,2021-11-28,NE,TEN,36,13
2021,12,2021-11-28,DEN,LAC,28,13
2021,12,2021-11-28,SF,MIN,34,26
2021,12,2021-11-28,GB,LAR,36,28
2021,12,2021-11-28,BAL,CLE,16,10
2021,12,2021-11-29,WAS,SEA,17,15
2021,13,2021-12-02,NO,DAL,17,27
2021,13,2021-12-05,ATL,TB,17,30
2021,13,2021-12-05,CHI,ARI,22,33
2021,13,2021-12-05,CIN,LAC,22,41
2021,13,2021-12-05,DET,MIN,29,27
2021,13,2021-12-05,NYJ,PHI,18,33
2021,13,2021-12-05,HOU,IND,0,31
2021,13,2021-12-05,MIA,NYG,20,9
2021,13,2021-12-05,SEA,SF,30,23
2021,13,2021-12-05,LV,WAS,15,17
2021,13,2021-12-05,LAR,JAX,37,7
2021,13,2021-12-05,PIT,BAL,20,19
2021,13,2021-12-05,KC,DEN,22,9
2021,13,2021-12-06,BUF,NE,10,14
2021,14,2021-12-09,MIN,PIT,36,28
2021,14,2021-12-12,CAR,ATL,21,29
2021,14,2021-12-12,CIN,SF,23,26
2021,14,2021-12-12,CLE,BAL,24,22
2021,14,2021-12-12,WAS,DAL,20,27
2021,14,2021-12-12,HOU,SEA,13,33
2021,14,2021-12-12,TEN,JAX,20,0
2021,14,2021-12-12,KC,LV,48,9
2021,14,2021-12-12,NYJ,NO,9,30
2021,14,2021-12-12,DEN,DET,38,10
2021,14,2021-12-12,LAC,NYG,37,21
2021,14,2021-12-12,TB,BUF,33,27
2021,14,2021-12-12,GB,CHI,45,30
2021,14,2021-12-13,ARI,LAR,23,30
2021,15,2021-12-16,LAC,KC,28,34
2021,15,2021-12-18,IND,NE,27,17
2021,15,2021-12-19,BUF,CAR,31,14
2021,15,2021-12-19,DET,ARI,30,12
2021,15,2021-12-19,NYG,DAL,6,21
2021,15,2021-12-19,BAL,GB,30,31
2021,15,2021-12-19,JAX,HOU,16,30
2021,15,2021-12-19,MIA,NYJ,31,24
2021,15,2021-12-19,PIT,TEN,19,13
2021,15,2021-12-19,SF,ATL,31,13
2021,15,2021-12-19,DEN,CIN,10,15
2021,15,2021-12-19,TB,NO,0,9
2021,15,2021-12-20,CLE,LV,14,16
2021,15,2021-12-20,CHI,MIN,9,17
2021,15,2021-12-21,PHI,WAS,27,17
2021,15,2021-12-21,LAR,SEA,20,10
2021,16,2021-12-23,TEN,SF,20,17
2021,16,2021-12-25,GB,CLE,24,22
2021,16,2021-12-25,ARI,IND,16,22
2021,16,2021-12-26,ATL,DET,20,16
2021,16,2021-12-26,NE,BUF,21,33
2021,16,2021-12-26,CAR,TB,6,32
2021,16,2021-12-26,CIN,BAL,41,21
2021,16,2021-12-26,HOU,LAC,41,29
2021,16,2021-12-26,NYJ,JAX,26,21
2021,16,2021-12-26,MIN,LAR,23,30
2021,16,2021-12-26,PHI,NYG,34,10
2021,16,2021-12-26,SEA,CHI,24,25
2021,16,2021-12-26,LV,DEN,17,13
2021,16,2021-12-26,KC,PIT,36,10
2021,16,2021-12-26,DAL,WAS,56,14
2021,16,2021-12-27,NO,MIA,3,20
2021,17,2022-01-02,BUF,ATL,29,15
2021,17,2022-01-02,NO,CAR,18,10
2021,17,2022-01-02,CHI,NYG,29,3
2021,17,2022-01-02,CIN,KC,34,31
2021,17,2022-01-02,IND,LV,20,23
2021,17,2022-01-02,NE,JAX,50,10
2021,17,2022-01-02,TEN,MIA,34,3
2021,17,2022-01-02,NYJ,TB,24,28
2021,17,2022-01-02,WAS,PHI,16,20
2021,17,2022-01-02,LAC,DEN,34,13
2021,17,2022-01-02,SF,HOU,23,7
2021,17,2022-01-02,DAL,ARI,22,25
2021,17,2022-01-02,SEA,DET,51,29
2021,17,2022-01-02,BAL,LAR,19,20
2021,17,2022-01-02,GB,MIN,37,10
2021,17,2022-01-03,PIT,CLE,26,14
2021,18,2022-01-08,DEN,KC,24,28
2021,18,2022-01-08,PHI,DAL,26,51
2021,18,2022-01-09,ATL,NO,20,30
2021,18,2022-01-09,TB,CAR,41,17
2021,18,2022-01-09,MIN,CHI,31,17
2021,18,2022-01-09,CLE,CIN,21,16
2021,18,2022-01-09,JAX,IND,26,11
2021,18,2022-01-09,DET,GB,37,30
2021,18,2022-01-09,HOU,TEN,25,28
2021,18,2022-01-09,MIA,NE,33,24
2021,18,2022-01-09,NYG,WAS,7,22
2021,18,2022-01-09,BAL,PIT,13,16
2021,18,2022-01-09,BUF,NYJ,27,10
2021,18,2022-01-09,ARI,SEA,30,38
2021,18,2022-01-09,LAR,SF,24,27
2021,18,2022-01-09,LV,LAC,35,32
2022,1,2022-09-08,LAR,BUF,10,31
2022,1,2022-09-11,ATL,NO,26,27
2022,1,2022-09-11,CAR,CLE,24,26
2022,1,2022-09-11,CHI,SF,19,10
2022,1,2022-09-11,CIN,PIT,20,23
2022,1,2022-09-11,HOU,IND,20,20
2022,1,2022-09-11,DET,PHI,35,38
2022,1,2022-09-11,WAS,JAX,28,22
2022,1,2022-09-11,MIA,NE,20,7
2022,1,2022-09-11,NYJ,BAL,9,24
2022,1,2022-09-11,ARI,KC,21,44
2022,1,2022-09-11,MIN,GB,23,7
2022,1,2022-09-11,TEN,NYG,20,21
2022,1,2022-09-11,LAC,LV,24,19
2022,1,2022-09-11,DAL,TB,3,19
2022,1,2022-09-12,SEA,DEN,17,16
2022,2,2022-09-15,KC,LAC,27,24
2022,2,2022-09-18,NYG,CAR,19,16
2022,2,2022-09-18,CLE,NYJ,30,31
2022,2,2022-09-18,JAX,IND,24,0
2022,2,2022-09-18,DET,WAS,36,27
2022,2,2022-09-18,BAL,MIA,38,42
2022,2,2022-09-18,NO,TB,10,20
2022,2,2022-09-18,PIT,NE,14,17
2022,2,2022-09-18,LAR,ATL,31,27
2022,2,2022-09-18,SF,SEA,27,7
2022,2,2022-09-18,DAL,CIN,20,17
2022,2,2022-09-18,LV,ARI,23,29
2022,2,2022-09-18,DEN,HOU,16,9
2022,2,2022-09-18,GB,CHI,27,10
2022,2,2022-09-19,BUF,TEN,41,7
2022,2,2022-09-19,PHI,MIN,24,7
2022,3,2022-09-22,CLE,PIT,29,17
2022,3,2022-09-25,MIA,BUF,21,19
2022,3,2022-09-25,CAR,NO,22,14
2022,3,2022-09-25,CHI,HOU,23,20
2022,3,2022-09-25,NYJ,CIN,12,27
2022,3,2022-09-25,IND,KC,20,17
2022,3,2022-09-25,MIN,DET,28,24
2022,3,2022-09-25,NE,BAL,26,37
2022,3,2022-09-25,TEN,LV,24,22
2022,3,2022-09-25,WAS,PHI,8,24
2022,3,2022-09-25,LAC,JAX,10,38
2022,3,2022-09-25,SEA,ATL,23,27
2022,3,2022-09-25,ARI,LAR,12,20
2022,3,2022-09-25,TB,GB,12,14
2022,3,2022-09-25,DEN,SF,11,10
2022,3,2022-09-26,NYG,DAL,16,23
2022,4,2022-09-29,CIN,MIA,27,15
2022,4,2022-10-02,NO,MIN,25,28
2022,4,2022-10-02,ATL,CLE,23,20
2022,4,2022-10-02,BAL,BUF,20,23
2022,4,2022-10-02,NYG,CHI,20,12
2022,4,2022-10-02,IND,TEN,17,24
2022,4,2022-10-02,DAL,WAS,25,10
2022,4,2022-10-02,DET,SEA,45,48
2022,4,2022-10-02,HOU,LAC,24,34
2022,4,2022-10-02,PHI,JAX,29,21
2022,4,2022-10-02,PIT,NYJ,20,24
2022,4,2022-10-02,CAR,ARI,16,26
2022,4,2022-10-02,LV,DEN,32,23
2022,4,2022-10-02,GB,NE,27,24
2022,4,2022-10-02,TB,KC,31,41
2022,4,2022-10-03,SF,LAR,24,9
2022,5,2022-10-06,DEN,IND,9,12
2022,5,2022-10-09,GB,NYG,22,27
2022,5,2022-10-09,TB,ATL,21,15
2022,5,2022-10-09,BUF,PIT,38,3
2022,5,2022-10-09,MIN,CHI,29,22
2022,5,2022-10-09,CLE,LAC,28,30
2022,5,2022-10-09,NE,DET,29,0
2022,5,2022-10-09,JAX,HOU,6,13
2022,5,2022-10-09,NYJ,MIA,40,17
2022,5,2022-10-09,NO,SEA,39,32
2022,5,2022-10-09,WAS,TEN,17,21
2022,5,2022-10-09,CAR,SF,15,37
2022,5,2022-10-09,ARI,PHI,17,20
2022,5,2022-10-09,LAR,DAL,10,22
2022,5,2022-10-09,BAL,CIN,19,17
2022,5,2022-10-10,KC,LV,30,29
2022,6,2022-10-13,CHI,WAS,7,12
2022,6,2022-10-16,ATL,SF,28,14
2022,6,2022-10-16,NO,CIN,26,30
2022,6,2022-10-16,CLE,NE,15,38
2022,6,2022-10-16,IND,JAX,34,27
2022,6,2022-10-16,GB,NYJ,10,27
2022,6,2022-10-16,MIA,MIN,16,24
2022,6,2022-10-16,NYG,BAL,24,20
2022,6,2022-10-16,PIT,TB,20,18
2022,6,2022-10-16,LAR,CAR,24,10
2022,6,2022-10-16,SEA,ARI,19,9
2022,6,2022-10-16,KC,BUF,20,24
2022,6,2022-10-16,PHI,DAL,26,17
2022,6,2022-10-17,LAC,DEN,19,16
2022,7,2022-10-20,ARI,NO,42,34
2022,7,2022-10-23,CIN,ATL,35,17
2022,7,2022-10-23,CAR,TB,21,3
2022,7,2022-10-23,BAL,CLE,23,20
2022,7,2022-10-23,TEN,IND,19,10
2022,7,2022-10-23,DAL,DET,24,6
2022,7,2022-10-23,WAS,GB,23,21
2022,7,2022-10-23,JAX,NYG,17,23
2022,7,2022-10-23,LV,HOU,38,20
2022,7,2022-10-23,DEN,NYJ,9,16
2022,7,2022-10-23,SF,KC,23,44
2022,7,2022-10-23,LAC,SEA,23,37
2022,7,2022-10-23,MIA,PIT,16,10
2022,7,2022-10-24,NE,CHI,14,33
2022,8,2022-10-27,TB,BAL,22,27
2022,8,2022-10-30,JAX,DEN,17,21
2022,8,2022-10-30,DET,MIA,27,31
2022,8,2022-10-30,PHI,PIT,35,13
2022,8,2022-10-30,ATL,CAR,37,34
2022,8,2022-10-30,DAL,CHI,49,29
2022,8,2022-10-30,MIN,ARI,34,26
2022,8,2022-10-30,NO,LV,24,0
2022,8,2022-10-30,NYJ,NE,17,22
2022,8,2022-10-30,HOU,TEN,10,17
2022,8,2022-10-30,LAR,SF,14,31
2022,8,2022-10-30,IND,WAS,16,17
2022,8,2022-10-30,SEA,NYG,27,13
2022,8,2022-10-30,BUF,GB,27,17
2022,8,2022-10-31,CLE,CIN,32,13
2022,9,2022-11-03,HOU,PHI,17,29
2022,9,2022-11-06,NYJ,BUF,20,17
2022,9,2022-11-06,DET,GB,15,9
2022,9,2022-11-06,WAS,MIN,17,20
2022,9,2022-11-06,ATL,LAC,17,20
2022,9,2022-11-06,CIN,CAR,42,21
2022,9,2022-11-06,CHI,MIA,32,35
2022,9,2022-11-06,NE,IND,26,3
2022,9,2022-11-06,JAX,LV,27,20
2022,9,2022-11-06,ARI,SEA,21,31
2022,9,2022-11-06,TB,LAR,16,13
2022,9,2022-11-06,KC,TEN,20,17
2022,9,2022-11-07,NO,BAL,13,27
2022,10,2022-11-10,CAR,ATL,25,15
2022,10,2022-11-13,TB,SEA,21,16
2022,10,2022-11-13,BUF,MIN,30,33
2022,10,2022-11-13,MIA,CLE,39,17
2022,10,2022-11-13,TEN,DEN,17,10
2022,10,2022-11-13,NYG,HOU,24,16
2022,10,2022-11-13,CHI,DET,30,31
2022,10,2022-11-13,KC,JAX,27,17
2022,10,2022-11-13,PIT,NO,20,10
2022,10,2022-11-13,LV,IND,20,25
2022,10,2022-11-13,GB,DAL,31,28
2022,10,2022-11-13,LAR,ARI,17,27
2022,10,2022-11-13,SF,LAC,22,16
2022,10,2022-11-14,PHI,WAS,21,32
2022,11,2022-11-17,GB,TEN,17,27
2022,11,2022-11-20,BUF,CLE,31,23
2022,11,2022-11-20,NYG,DET,18,31
2022,11,2022-11-20,HOU,WAS,10,23
2022,11,2022-11-20,NE,NYJ,10,3
2022,11,2022-11-20,ATL,CHI,27,24
2022,11,2022-11-20,BAL,CAR,13,3
2022,11,2022-11-20,IND,PHI,16,17
2022,11,2022-11-20,NO,LAR,27,20
2022,11,2022-11-20,DEN,LV,16,22
2022,11,2022-11-20,PIT,CIN,30,37
2022,11,2022-11-20,MIN,DAL,3,40
2022,11,2022-11-20,LAC,KC,27,30
2022,11,2022-11-21,ARI,SF,10,38
2022,12,2022-11-24,DET,BUF,25,28
2022,12,2022-11-24,DAL,NYG,28,20
2022,12,2022-11-24,MIN,NE,33,26
2022,12,2022-11-27,TEN,CIN,16,20
2022,12,2022-11-27,CLE,TB,23,17
2022,12,2022-11-27,MIA,HOU,30,15
2022,12,2022-11-27,JAX,BAL,28,27
2022,12,2022-11-27,WAS,ATL,19,13
2022,12,2022-11-27,CAR,DEN,23,10
2022,12,2022-11-27,NYJ,CHI,31,10
2022,12,2022-11-27,SEA,LV,34,40
2022,12,2022-11-27,ARI,LAC,24,25
2022,12,2022-11-27,KC,LAR,26,10
2022,12,2022-11-27,SF,NO,13,0
2022,12,2022-11-27,PHI,GB,40,33
2022,12,2022-11-28,IND,PIT,17,24
2022,13,2022-12-01,NE,BUF,10,24
2022,13,2022-12-04,HOU,CLE,14,27
2022,13,2022-12-04,BAL,DEN,10,9
2022,13,2022-12-04,DET,JAX,40,14
2022,13,2022-12-04,MIN,NYJ,27,22
2022,13,2022-12-04,NYG,WAS,20,20
2022,13,2022-12-04,PHI,TEN,35,10
2022,13,2022-12-04,ATL,PIT,16,19
2022,13,2022-12-04,CHI,GB,19,28
2022,13,2022-12-04,SF,MIA,33,17
2022,13,2022-12-04,LAR,SEA,23,27
2022,13,2022-12-04,CIN,KC,27,24
2022,13,2022-12-04,LV,LAC,27,20
2022,13,2022-12-04,DAL,IND,54,19
2022,13,2022-12-05,TB,NO,17,16
2022,14,2022-12-08,LAR,LV,17,16
2022,14,2022-12-11,BUF,NYJ,20,12
2022,14,2022-12-11,CIN,CLE,23,10
2022,14,2022-12-11,DAL,HOU,27,23
2022,14,2022-12-11,DET,MIN,34,23
2022,14,2022-12-11,TEN,JAX,22,36
2022,14,2022-12-11,NYG,PHI,22,48
2022,14,2022-12-11,PIT,BAL,14,16
2022,14,2022-12-11,DEN,KC,28,34
2022,14,2022-12-11,SEA,CAR,24,30
2022,14,2022-12-11,SF,TB,35,7
2022,14,2022-12-11,LAC,MIA,23,17
2022,14,2022-12-12,ARI,NE,13,27
2022,15,2022-12-15,SEA,SF,13,21
2022,15,2022-12-17,MIN,IND,39,36
2022,15,2022-12-17,CLE,BAL,13,3
2022,15,2022-12-17,BUF,MIA,32,29
2022,15,2022-12-18,NO,ATL,21,18
2022,15,2022-12-18,CAR,PIT,16,24
2022,15,2022-12-18,CHI,PHI,20,25
2022,15,2022-12-18,JAX,DAL,40,34
2022,15,2022-12-18,NYJ,DET,17,20
2022,15,2022-12-18,HOU,KC,24,30
2022,15,2022-12-18,DEN,ARI,24,15
2022,15,2022-12-18,LV,NE,30,24
2022,15,2022-12-18,TB,CIN,23,34
2022,15,2022-12-18,LAC,TEN,17,14
2022,15,2022-12-18,WAS,NYG,12,20
2022,15,2022-12-19,GB,LAR,24,12
2022,16,2022-12-22,NYJ,JAX,3,19
2022,16,2022-12-24,BAL,ATL,17,9
2022,16,2022-12-24,CHI,BUF,13,35
2022,16,2022-12-24,CAR,DET,37,23
2022,16,2022-12-24,NE,CIN,18,22
2022,16,2022-12-24,CLE,NO,10,17
2022,16,2022-12-24,TEN,HOU,14,19
2022,16,2022-12-24,KC,SEA,24,10
2022,16,2022-12-24,MIN,NYG,27,24
2022,16,2022-12-24,SF,WAS,37,20
2022,16,2022-12-24,DAL,PHI,40,34
2022,16,2022-12-24,PIT,LV,13,10
2022,16,2022-12-25,MIA,GB,20,26
2022,16,2022-12-25,LAR,DEN,51,14
2022,16,2022-12-25,ARI,TB,16,19
2022,16,2022-12-26,IND,LAC,3,20
2022,17,2022-12-29,TEN,DAL,13,27
2022,17,2023-01-01,ATL,ARI,20,19
2022,17,2023-01-01,TB,CAR,30,24
2022,17,2023-01-01,DET,CHI,41,10
2022,17,2023-01-01,WAS,CLE,10,24
2022,17,2023-01-01,NYG,IND,38,10
2022,17,2023-01-01,KC,DEN,27,24
2022,17,2023-01-01,HOU,JAX,3,31
2022,17,2023-01-01,NE,MIA,23,21
2022,17,2023-01-01,PHI,NO,10,20
2022,17,2023-01-01,SEA,NYJ,23,6
2022,17,2023-01-01,LV,SF,34,37
2022,17,2023-01-01,GB,MIN,41,17
2022,17,2023-01-01,LAC,LAR,31,10
2022,17,2023-01-01,BAL,PIT,13,16
2022,18,2023-01-07,LV,KC,13,31
2022,18,2023-01-07,JAX,TEN,20,16
2022,18,2023-01-08,BUF,NE,35,23
2022,18,2023-01-08,CIN,BAL,27,16
2022,18,2023-01-08,ATL,TB,30,17
2022,18,2023-01-08,NO,CAR,7,10
2022,18,2023-01-08,CHI,MIN,13,29
2022,18,2023-01-08,PIT,CLE,28,14
2022,18,2023-01-08,IND,HOU,31,32
2022,18,2023-01-08,MIA,NYJ,11,6
2022,18,2023-01-08,SF,ARI,38,13
2022,18,2023-01-08,WAS,DAL,26,6
2022,18,2023-01-08,DEN,LAC,31,28
2022,18,2023-01-08,PHI,NYG,22,16
2022,18,2023-01-08,SEA,LAR,19,16
2022,18,2023-01-08,GB,DET,16,20
2023,1,2023-09-07,KC,DET,20,21
2023,1,2023-09-10,ATL,CAR,24,10
2023,1,2023-09-10,CLE,CIN,24,3
2023,1,2023-09-10,IND,JAX,21,31
2023,1,2023-09-10,WAS,ARI,20,16
2023,1,2023-09-10,BAL,HOU,25,9
2023,1,2023-09-10,MIN,TB,17,20
2023,1,2023-09-10,NO,TEN,16,15
2023,1,2023-09-10,PIT,SF,7,30
2023,1,2023-09-10,CHI,GB,20,38
2023,1,2023-09-10,DEN,LV,16,17
2023,1,2023-09-10,LAC,MIA,34,36
2023,1,2023-09-10,NE,PHI,20,25
2023,1,2023-09-10,SEA,LAR,13,30
2023,1,2023-09-10,NYG,DAL,0,40
2023,1,2023-09-11,NYJ,BUF,22,16
2023,2,2023-09-14,PHI,MIN,34,28
2023,2,2023-09-17,ATL,GB,25,24
2023,2,2023-09-17,BUF,LV,38,10
2023,2,2023-09-17,TB,CHI,27,17
2023,2,2023-09-17,CIN,BAL,24,27
2023,2,2023-09-17,HOU,IND,20,31
2023,2,2023-09-17,DET,SEA,31,37
2023,2,2023-09-17,JAX,KC,9,17
2023,2,2023-09-17,TEN,LAC,27,24
2023,2,2023-09-17,ARI,NYG,28,31
2023,2,2023-09-17,LAR,SF,23,30
2023,2,2023-09-17,DAL,NYJ,30,10
2023,2,2023-09-17,DEN,WAS,33,35
2023,2,2023-09-17,NE,MIA,17,24
2023,2,2023-09-18,CAR,NO,17,20
2023,2,2023-09-18,PIT,CLE,26,22
2023,3,2023-09-21,SF,NYG,30,12
2023,3,2023-09-24,DET,ATL,20,6
2023,3,2023-09-24,WAS,BUF,3,37
2023,3,2023-09-24,CLE,TEN,27,3
2023,3,2023-09-24,BAL,IND,19,22
2023,3,2023-09-24,MIA,DEN,70,20
2023,3,2023-09-24,GB,NO,18,17
2023,3,2023-09-24,JAX,HOU,17,37
2023,3,2023-09-24,MIN,LAC,24,28
2023,3,2023-09-24,NYJ,NE,10,15
2023,3,2023-09-24,SEA,CAR,37,27
2023,3,2023-09-24,KC,CHI,41,10
2023,3,2023-09-24,ARI,DAL,28,16
2023,3,2023-09-24,LV,PIT,18,23
2023,3,2023-09-25,TB,PHI,11,25
2023,3,2023-09-25,CIN,LAR,19,16
2023,4,2023-09-28,GB,DET,20,34
2023,4,2023-10-01,JAX,ATL,23,7
2023,4,2023-10-01,BUF,MIA,48,20
2023,4,2023-10-01,CAR,MIN,13,21
2023,4,2023-10-01,CHI,DEN,28,31
2023,4,2023-10-01,TEN,CIN,27,3
2023,4,2023-10-01,CLE,BAL,3,28
2023,4,2023-10-01,IND,LAR,23,29
2023,4,2023-10-01,HOU,PIT,30,6
2023,4,2023-10-01,NO,TB,9,26
2023,4,2023-10-01,PHI,WAS,34,31
2023,4,2023-10-01,LAC,LV,24,17
2023,4,2023-10-01,SF,ARI,35,16
2023,4,2023-10-01,DAL,NE,38,3
2023,4,2023-10-01,NYJ,KC,20,23
2023,4,2023-10-02,NYG,SEA,3,24
2023,5,2023-10-05,WAS,CHI,20,40
2023,5,2023-10-08,BUF,JAX,20,25
2023,5,2023-10-08,ATL,HOU,21,19
2023,5,2023-10-08,DET,CAR,42,24
2023,5,2023-10-08,IND,TEN,23,16
2023,5,2023-10-08,MIA,NYG,31,16
2023,5,2023-10-08,NE,NO,0,34
2023,5,2023-10-08,PIT,BAL,17,10
2023,5,2023-10-08,ARI,CIN,20,34
2023,5,2023-10-08,LAR,PHI,14,23
2023,5,2023-10-08,DEN,NYJ,21,31
2023,5,2023-10-08,MIN,KC,20,27
2023,5,2023-10-08,SF,DAL,42,10
2023,5,2023-10-09,LV,GB,17,13
2023,6,2023-10-12,KC,DEN,19,8
2023,6,2023-10-15,TEN,BAL,16,24
2023,6,2023-10-15,CLE,SF,19,17
2023,6,2023-10-15,ATL,WAS,16,24
2023,6,2023-10-15,MIA,CAR,42,21
2023,6,2023-10-15,CHI,MIN,13,19
2023,6,2023-10-15,CIN,SEA,17,13
2023,6,2023-10-15,JAX,IND,37,20
2023,6,2023-10-15,HOU,NO,20,13
2023,6,2023-10-15,LV,NE,21,17
2023,6,2023-10-15,LAR,ARI,26,9
2023,6,2023-10-15,TB,DET,6,20
2023,6,2023-10-15,NYJ,PHI,20,14
2023,6,2023-10-15,BUF,NYG,14,9
2023,6,2023-10-16,LAC,DAL,17,20
2023,7,2023-10-19,NO,JAX,24,31
2023,7,2023-10-22,IND,CLE,38,39
2023,7,2023-10-22,TB,ATL,13,16
2023,7,2023-10-22,NE,BUF,29,25
2023,7,2023-10-22,CHI,LV,30,12
2023,7,2023-10-22,BAL,DET,38,6
2023,7,2023-10-22,NYG,WAS,14,7
2023,7,2023-10-22,LAR,PIT,17,24
2023,7,2023-10-22,SEA,ARI,20,10
2023,7,2023-10-22,DEN,GB,19,17
2023,7,2023-10-22,KC,LAC,31,17
2023,7,2023-10-22,PHI,MIA,31,17
2023,7,2023-10-23,MIN,SF,22,17
2023,8,2023-10-26,BUF,TB,24,18
2023,8,2023-10-29,CAR,HOU,15,13
2023,8,2023-10-29,DAL,LAR,43,20
2023,8,2023-10-29,GB,MIN,10,24
2023,8,2023-10-29,TEN,ATL,28,23
2023,8,2023-10-29,IND,NO,27,38
2023,8,2023-10-29,PIT,JAX,10,20
2023,8,2023-10-29,MIA,NE,31,17
2023,8,2023-10-29,NYG,NYJ,10,13
2023,8,2023-10-29,WAS,PHI,31,38
2023,8,2023-10-29,SEA,CLE,24,20
2023,8,2023-10-29,SF,CIN,17,31
2023,8,2023-10-29,ARI,BAL,24,31
2023,8,2023-10-29,DEN,KC,24,9
2023,8,2023-10-29,LAC,CHI,30,13
2023,8,2023-10-30,DET,LV,26,14
2023,9,2023-11-02,PIT,TEN,20,16
2023,9,2023-11-05,KC,MIA,21,14
2023,9,2023-11-05,CLE,ARI,27,0
2023,9,2023-11-05,GB,LAR,20,3
2023,9,2023-11-05,HOU,TB,39,37
2023,9,2023-11-05,ATL,MIN,28,31
2023,9,2023-11-05,NO,CHI,24,17
2023,9,2023-11-05,NE,WAS,17,20
2023,9,2023-11-05,BAL,SEA,37,3
2023,9,2023-11-05,CAR,IND,13,27
2023,9,2023-11-05,PHI,DAL,28,23
2023,9,2023-11-05,LV,NYG,30,6
2023,9,2023-11-05,CIN,BUF,24,18
2023,9,2023-11-06,NYJ,LAC,6,27
2023,10,2023-11-09,CHI,CAR,16,13
2023,10,2023-11-12,NE,IND,6,10
2023,10,2023-11-12,CIN,HOU,27,30
2023,10,2023-11-12,BAL,CLE,31,33
2023,10,2023-11-12,PIT,GB,23,19
2023,10,2023-11-12,JAX,SF,3,34
2023,10,2023-11-12,TB,TEN,20,6
2023,10,2023-11-12,MIN,NO,27,19
2023,10,2023-11-12,LAC,DET,38,41
2023,10,2023-11-12,ARI,ATL,25,23
2023,10,2023-11-12,DAL,NYG,49,17
2023,10,2023-11-12,SEA,WAS,29,26
2023,10,2023-11-12,LV,NYJ,16,12
2023,10,2023-11-13,BUF,DEN,22,24
2023,11,2023-11-16,BAL,CIN,34,20
2023,11,2023-11-19,CAR,DAL,10,33
2023,11,2023-11-19,CLE,PIT,13,10
2023,11,2023-11-19,GB,LAC,23,20
2023,11,2023-11-19,JAX,TEN,34,14
2023,11,2023-11-19,MIA,LV,20,13
2023,11,2023-11-19,DET,CHI,31,26
2023,11,2023-11-19,HOU,ARI,21,16
2023,11,2023-11-19,WAS,NYG,19,31
2023,11,2023-11-19,SF,TB,27,14
2023,11,2023-11-19,LAR,SEA,17,16
2023,11,2023-11-19,BUF,NYJ,32,6
2023,11,2023-11-19,DEN,MIN,21,20
2023,11,2023-11-20,KC,PHI,17,21
2023,12,2023-11-23,DET,GB,22,29
2023,12,2023-11-23,DAL,WAS,45,10
2023,12,2023-11-23,SEA,SF,13,31
2023,12,2023-11-24,NYJ,MIA,13,34
2023,12,2023-11-26,ATL,NO,24,15
2023,12,2023-11-26,TEN,CAR,17,10
2023,12,2023-11-26,CIN,PIT,10,16
2023,12,2023-11-26,IND,TB,27,20
2023,12,2023-11-26,HOU,JAX,21,24
2023,12,2023-11-26,NYG,NE,10,7
2023,12,2023-11-26,DEN,CLE,29,12
2023,12,2023-11-26,ARI,LAR,14,37
2023,12,2023-11-26,LV,KC,17,31
2023,12,2023-11-26,PHI,BUF,37,34
2023,12,2023-11-26,LAC,BAL,10,20
2023,12,2023-11-27,MIN,CHI,10,12
2023,13,2023-11-30,DAL,SEA,41,35
2023,13,2023-12-03,NYJ,ATL,8,13
2023,13,2023-12-03,TEN,IND,28,31
2023,13,2023-12-03,HOU,DEN,22,17
2023,13,2023-12-03,NO,DET,28,33
2023,13,2023-12-03,WAS,MIA,15,45
2023,13,2023-12-03,NE,LAC,0,6
2023,13,2023-12-03,PIT,ARI,10,24
2023,13,2023-12-03,TB,CAR,21,18
2023,13,2023-12-03,LAR,CLE,36,19
2023,13,2023-12-03,PHI,SF,19,42
2023,13,2023-12-03,GB,KC,27,19
2023,13,2023-12-04,JAX,CIN,31,34
2023,14,2023-12-07,PIT,NE,18,21
2023,14,2023-12-10,ATL,TB,25,29
2023,14,2023-12-10,NO,CAR,28,6
2023,14,2023-12-10,CHI,DET,28,13
2023,14,2023-12-10,CIN,IND,34,14
2023,14,2023-12-10,CLE,JAX,31,27
2023,14,2023-12-10,NYJ,HOU,30,6
2023,14,2023-12-10,BAL,LAR,37,31
2023,14,2023-12-10,LV,MIN,0,3
2023,14,2023-12-10,SF,SEA,28,16
2023,14,2023-12-10,KC,BUF,17,20
2023,14,2023-12-10,LAC,DEN,7,24
2023,14,2023-12-10,DAL,PHI,33,13
2023,14,2023-12-11,NYG,GB,24,22
2023,14,2023-12-11,MIA,TEN,27,28
2023,15,2023-12-14,LV,LAC,63,21
2023,15,2023-12-16,CIN,MIN,27,24
2023,15,2023-12-16,IND,PIT,30,13
2023,15,2023-12-16,DET,DEN,42,17
2023,15,2023-12-17,CAR,ATL,9,7
2023,15,2023-12-17,CLE,CHI,20,17
2023,15,2023-12-17,GB,TB,20,34
2023,15,2023-12-17,TEN,HOU,16,19
2023,15,2023-12-17,NE,KC,17,27
2023,15,2023-12-17,MIA,NYJ,30,0
2023,15,2023-12-17,NO,NYG,24,6
2023,15,2023-12-17,ARI,SF,29,45
2023,15,2023-12-17,LAR,WAS,28,20
2023,15,2023-12-17,BUF,DAL,31,10
2023,15,2023-12-17,JAX,BAL,7,23
2023,15,2023-12-18,SEA,PHI,20,17
2023,16,2023-12-21,LAR,NO,30,22
2023,16,2023-12-23,PIT,CIN,34,11
2023,16,2023-12-23,LAC,BUF,22,24
2023,16,2023-12-24,ATL,IND,29,10
2023,16,2023-12-24,CAR,GB,30,33
2023,16,2023-12-24,HOU,CLE,22,36
2023,16,2023-12-24,MIN,DET,24,30
2023,16,2023-12-24,NYJ,WAS,30,28
2023,16,2023-12-24,TEN,SEA,17,20
2023,16,2023-12-24,TB,JAX,30,12
2023,16,2023-12-24,CHI,ARI,27,16
2023,16,2023-12-24,MIA,DAL,22,20
2023,16,2023-12-24,DEN,NE,23,26
2023,16,2023-12-25,KC,LV,14,20
2023,16,2023-12-25,PHI,NYG,33,25
2023,16,2023-12-25,SF,BAL,19,33
2023,17,2023-12-28,CLE,NYJ,37,20
2023,17,2023-12-30,DAL,DET,20,19
2023,17,2023-12-31,CHI,ATL,37,17
2023,17,2023-12-31,BUF,NE,27,21
2023,17,2023-12-31,JAX,CAR,26,0
2023,17,2023-12-31,IND,LV,23,20
2023,17,2023-12-31,PHI,ARI,31,35
2023,17,2023-12-31,HOU,TEN,26,3
2023,17,2023-12-31,BAL,MIA,56,19
2023,17,2023-12-31,TB,NO,13,23
2023,17,2023-12-31,NYG,LAR,25,26
2023,17,2023-12-31,WAS,SF,10,27
2023,17,2023-12-31,SEA,PIT,23,30
2023,17,2023-12-31,KC,CIN,25,17
2023,17,2023-12-31,DEN,LAC,16,9
2023,17,2023-12-31,MIN,GB,10,33
2023,18,2024-01-06,BAL,PIT,10,17
2023,18,2024-01-06,IND,HOU,19,23
2023,18,2024-01-07,NO,ATL,48,17
2023,18,2024-01-07,CAR,TB,0,9
2023,18,2024-01-07,CIN,CLE,31,14
2023,18,2024-01-07,DET,MIN,30,20
2023,18,2024-01-07,TEN,JAX,28,20
2023,18,2024-01-07,NE,NYJ,3,17
2023,18,2024-01-07,GB,CHI,17,9
2023,18,2024-01-07,ARI,SEA,20,21
2023,18,2024-01-07,WAS,DAL,10,38
2023,18,2024-01-07,LV,DEN,27,14
2023,18,2024-01-07,LAC,KC,12,13
2023,18,2024-01-07,NYG,PHI,27,10
2023,18,2024-01-07,SF,LAR,20,21
2023,18,2024-01-07,MIA,BUF,14,21
2024,1,2024-09-05,KC,BAL,27,20
2024,1,2024-09-06,PHI,GB,34,29
2024,1,2024-09-08,ATL,PIT,10,18
2024,1,2024-09-08,BUF,ARI,34,28
2024,1,2024-09-08,NO,CAR,47,10
2024,1,2024-09-08,CHI,TEN,24,17
2024,1,2024-09-08,CIN,NE,10,16
2024,1,2024-09-08,IND,HOU,27,29
2024,1,2024-09-08,MIA,JAX,20,17
2024,1,2024-09-08,NYG,MIN,6,28
2024,1,2024-09-08,SEA,DEN,26,20
2024,1,2024-09-08,LAC,LV,22,10
2024,1,2024-09-08,CLE,DAL,17,33
2024,1,2024-09-08,TB,WAS,37,20
2024,1,2024-09-08,DET,LAR,26,20
2024,1,2024-09-09,SF,NYJ,32,19
2024,2,2024-09-12,MIA,BUF,10,31
2024,2,2024-09-15,CAR,LAC,3,26
2024,2,2024-09-15,JAX,CLE,13,18
2024,2,2024-09-15,GB,IND,16,10
2024,2,2024-09-15,DAL,NO,19,44
2024,2,2024-09-15,DET,TB,16,20
2024,2,2024-09-15,MIN,SF,23,17
2024,2,2024-09-15,NE,SEA,20,23
2024,2,2024-09-15,WAS,NYG,21,18
2024,2,2024-09-15,TEN,NYJ,17,24
2024,2,2024-09-15,BAL,LV,23,26
2024,2,2024-09-15,ARI,LAR,41,10
2024,2,2024-09-15,KC,CIN,26,25
2024,2,2024-09-15,DEN,PIT,6,13
2024,2,2024-09-15,HOU,CHI,19,13
2024,2,2024-09-16,PHI,ATL,21,22
2024,3,2024-09-19,NYJ,NE,24,3
2024,3,2024-09-22,IND,CHI,21,16
2024,3,2024-09-22,CLE,NYG,15,21
2024,3,2024-09-22,TB,DEN,7,26
2024,3,2024-09-22,TEN,GB,14,30
2024,3,2024-09-22,MIN,HOU,34,7
2024,3,2024-09-22,NO,PHI,12,15
2024,3,2024-09-22,PIT,LAC,20,10
2024,3,2024-09-22,LV,CAR,22,36
2024,3,2024-09-22,SEA,MIA,24,3
2024,3,2024-09-22,ARI,DET,13,20
2024,3,2024-09-22,DAL,BAL,25,28
2024,3,2024-09-22,LAR,SF,27,24
2024,3,2024-09-22,ATL,KC,17,22
2024,3,2024-09-23,BUF,JAX,47,10
2024,3,2024-09-23,CIN,WAS,33,38
2024,4,2024-09-26,NYG,DAL,15,20
2024,4,2024-09-29,ATL,NO,26,24
2024,4,2024-09-29,CAR,CIN,24,34
2024,4,2024-09-29,CHI,LAR,24,18
2024,4,2024-09-29,IND,PIT,27,24
2024,4,2024-09-29,NYJ,DEN,9,10
2024,4,2024-09-29,GB,MIN,29,31
2024,4,2024-09-29,HOU,JAX,24,20
2024,4,2024-09-29,TB,PHI,33,16
2024,4,2024-09-29,ARI,WAS,14,42
2024,4,2024-09-29,SF,NE,30,13
2024,4,2024-09-29,LV,CLE,20,16
2024,4,2024-09-29,LAC,KC,10,17
2024,4,2024-09-29,BAL,BUF,35,10
2024,4,2024-09-30,MIA,TEN,12,31
2024,4,2024-09-30,DET,SEA,42,29
2024,5,2024-10-03,ATL,TB,36,30
2024,5,2024-10-06,MIN,NYJ,23,17
2024,5,2024-10-06,HOU,BUF,23,20
2024,5,2024-10-06,CHI,CAR,36,10
2024,5,2024-10-06,CIN,BAL,38,41
2024,5,2024-10-06,WAS,CLE,34,13
2024,5,2024-10-06,JAX,IND,37,34
2024,5,2024-10-06,NE,MIA,10,15
2024,5,2024-10-06,SF,ARI,23,24
2024,5,2024-10-06,DEN,LV,34,18
2024,5,2024-10-06,LAR,GB,19,24
2024,5,2024-10-06,SEA,NYG,20,29
2024,5,2024-10-06,PIT,DAL,17,20
2024,5,2024-10-07,KC,NO,26,13
2024,6,2024-10-10,SEA,SF,24,36
2024,6,2024-10-13,CHI,JAX,35,16
2024,6,2024-10-13,PHI,CLE,20,16
2024,6,2024-10-13,TEN,IND,17,20
2024,6,2024-10-13,GB,ARI,34,13
2024,6,2024-10-13,NE,HOU,21,41
2024,6,2024-10-13,NO,TB,27,51
2024,6,2024-10-13,BAL,WAS,30,23
2024,6,2024-10-13,DEN,LAC,16,23
2024,6,2024-10-13,LV,PIT,13,32
2024,6,2024-10-13,CAR,ATL,20,38
2024,6,2024-10-13,DAL,DET,9,47
2024,6,2024-10-13,NYG,CIN,7,17
2024,6,2024-10-14,NYJ,BUF,20,23
2024,7,2024-10-17,NO,DEN,10,33
2024,7,2024-10-20,JAX,NE,32,16
2024,7,2024-10-20,MIN,DET,29,31
2024,7,2024-10-20,ATL,SEA,14,34
2024,7,2024-10-20,BUF,TEN,34,10
2024,7,2024-10-20,CLE,CIN,14,21
2024,7,2024-10-20,IND,MIA,16,10
2024,7,2024-10-20,GB,HOU,24,22
2024,7,2024-10-20,NYG,PHI,3,28
2024,7,2024-10-20,WAS,CAR,40,7
2024,7,2024-10-20,LAR,LV,20,15
2024,7,2024-10-20,SF,KC,18,28
2024,7,2024-10-20,PIT,NYJ,37,15
2024,7,2024-10-21,TB,BAL,31,41
2024,7,2024-10-21,ARI,LAC,17,15
2024,8,2024-10-24,LAR,MIN,30,20
2024,8,2024-10-27,DET,TEN,52,14
2024,8,2024-10-27,TB,ATL,26,31
2024,8,2024-10-27,CIN,PHI,17,37
2024,8,2024-10-27,CLE,BAL,29,24
2024,8,2024-10-27,HOU,IND,23,20
2024,8,2024-10-27,MIA,ARI,27,28
2024,8,2024-10-27,JAX,GB,27,30
2024,8,2024-10-27,NE,NYJ,25,22
2024,8,2024-10-27,SEA,BUF,10,31
2024,8,2024-10-27,LAC,NO,26,8
2024,8,2024-10-27,WAS,CHI,18,15
2024,8,2024-10-27,LV,KC,20,27
2024,8,2024-10-27,DEN,CAR,28,14
2024,8,2024-10-27,SF,DAL,30,24
2024,8,2024-10-28,PIT,NYG,26,18
2024,9,2024-10-31,NYJ,HOU,21,13
2024,9,2024-11-03,ATL,DAL,27,21
2024,9,2024-11-03,BUF,MIA,30,27
2024,9,2024-11-03,CAR,NO,23,22
2024,9,2024-11-03,CIN,LV,41,24
2024,9,2024-11-03,CLE,LAC,10,27
2024,9,2024-11-03,BAL,DEN,41,10
2024,9,2024-11-03,TEN,NE,20,17
2024,9,2024-11-03,NYG,WAS,22,27
2024,9,2024-11-03,ARI,CHI,29,9
2024,9,2024-11-03,PHI,JAX,28,23
2024,9,2024-11-03,GB,DET,14,24
2024,9,2024-11-03,SEA,LAR,20,26
2024,9,2024-11-03,MIN,IND,21,13
2024,9,2024-11-04,KC,TB,30,24
2024,10,2024-11-07,BAL,CIN,35,34
2024,10,2024-11-10,CAR,NYG,20,17
2024,10,2024-11-10,CHI,NE,3,19
2024,10,2024-11-10,WAS,PIT,27,28
2024,10,2024-11-10,TB,SF,20,23
2024,10,2024-11-10,NO,ATL,20,17
2024,10,2024-11-10,IND,BUF,20,30
2024,10,2024-11-10,KC,DEN,16,14
2024,10,2024-11-10,JAX,MIN,7,12
2024,10,2024-11-10,LAC,TEN,27,17
2024,10,2024-11-10,DAL,PHI,6,34
2024,10,2024-11-10,ARI,NYJ,31,6
2024,10,2024-11-10,HOU,DET,23,26
2024,10,2024-11-11,LAR,MIA,15,23
2024,11,2024-11-14,PHI,WAS,26,18
2024,11,2024-11-17,CHI,GB,19,20
2024,11,2024-11-17,NO,CLE,35,14
2024,11,2024-11-17,DET,JAX,52,6
2024,11,2024-11-17,MIA,LV,34,19
2024,11,2024-11-17,TEN,MIN,13,23
2024,11,2024-11-17,PIT,BAL,18,16
2024,11,2024-11-17,NYJ,IND,27,28
2024,11,2024-11-17,NE,LAR,22,28
2024,11,2024-11-17,SF,SEA,17,20
2024,11,2024-11-17,DEN,ATL,38,6
2024,11,2024-11-17,BUF,KC,30,21
2024,11,2024-11-17,LAC,CIN,34,27
2024,11,2024-11-18,DAL,HOU,10,34
2024,12,2024-11-21,CLE,PIT,24,19
2024,12,2024-11-24,CAR,KC,27,30
2024,12,2024-11-24,CHI,MIN,27,30
2024,12,2024-11-24,WAS,DAL,26,34
2024,12,2024-11-24,MIA,NE,34,15
2024,12,2024-11-24,NYG,TB,7,30
2024,12,2024-11-24,IND,DET,6,24
2024,12,2024-11-24,HOU,TEN,27,32
2024,12,2024-11-24,LV,DEN,19,29
2024,12,2024-11-24,SEA,ARI,16,6
2024,12,2024-11-24,GB,SF,38,10
2024,12,2024-11-24,LAR,PHI,20,37
2024,12,2024-11-25,LAC,BAL,23,30
2024,13,2024-11-28,DET,CHI,23,20
2024,13,2024-11-28,DAL,NYG,27,20
2024,13,2024-11-28,GB,MIA,30,17
2024,13,2024-11-29,KC,LV,19,17
2024,13,2024-12-01,ATL,LAC,13,17
2024,13,2024-12-01,CIN,PIT,38,44
2024,13,2024-12-01,MIN,ARI,23,22
2024,13,2024-12-01,NYJ,SEA,21,26
2024,13,2024-12-01,WAS,TEN,42,19
2024,13,2024-12-01,NE,IND,24,25
2024,13,2024-12-01,JAX,HOU,20,23
2024,13,2024-12-01,CAR,TB,23,26
2024,13,2024-12-01,NO,LAR,14,21
2024,13,2024-12-01,BAL,PHI,19,24
2024,13,2024-12-01,BUF,SF,35,10
2024,13,2024-12-02,DEN,CLE,41,32
2024,14,2024-12-05,DET,GB,34,31
2024,14,2024-12-08,MIN,ATL,42,21
2024,14,2024-12-08,PHI,CAR,22,16
2024,14,2024-12-08,PIT,CLE,27,14
2024,14,2024-12-08,TEN,JAX,6,10
2024,14,2024-12-08,MIA,NYJ,32,26
2024,14,2024-12-08,NYG,NO,11,14
2024,14,2024-12-08,TB,LV,28,13
2024,14,2024-12-08,ARI,SEA,18,30
2024,14,2024-12-08,LAR,BUF,44,42
2024,14,2024-12-08,SF,CHI,38,13
2024,14,2024-12-08,KC,LAC,19,17
2024,14,2024-12-09,DAL,CIN,20,27
2024,15,2024-12-12,SF,LAR,6,12
2024,15,2024-12-15,CAR,DAL,14,30
2024,15,2024-12-15,TEN,CIN,27,37
2024,15,2024-12-15,CLE,KC,7,21
2024,15,2024-12-15,HOU,MIA,20,12
2024,15,2024-12-15,JAX,NYJ,25,32
2024,15,2024-12-15,NO,WAS,19,20
2024,15,2024-12-15,NYG,BAL,14,35
2024,15,2024-12-15,DET,BUF,42,48
2024,15,2024-12-15,DEN,IND,31,13
2024,15,2024-12-15,ARI,NE,30,17
2024,15,2024-12-15,PHI,PIT,27,13
2024,15,2024-12-15,LAC,TB,17,40
2024,15,2024-12-15,SEA,GB,13,30
2024,15,2024-12-16,MIN,CHI,30,12
2024,15,2024-12-16,LV,ATL,9,15
2024,16,2024-12-19,LAC,DEN,34,27
2024,16,2024-12-21,KC,HOU,27,19
2024,16,2024-12-21,BAL,PIT,34,17
2024,16,2024-12-22,ATL,NYG,34,7
2024,16,2024-12-22,CAR,ARI,36,30
2024,16,2024-12-22,CHI,DET,17,34
2024,16,2024-12-22,CIN,CLE,24,6
2024,16,2024-12-22,IND,TEN,38,30
2024,16,2024-12-22,NYJ,LAR,9,19
2024,16,2024-12-22,WAS,PHI,36,33
2024,16,2024-12-22,SEA,MIN,24,27
2024,16,2024-12-22,BUF,NE,24,21
2024,16,2024-12-22,LV,JAX,19,14
2024,16,2024-12-22,MIA,SF,29,17
2024,16,2024-12-22,DAL,TB,26,24
2024,16,2024-12-23,GB,NO,34,0
2024,17,2024-12-25,PIT,KC,10,29
2024,17,2024-12-25,HOU,BAL,2,31
2024,17,2024-12-26,CHI,SEA,3,6
2024,17,2024-12-28,NE,LAC,7,40
2024,17,2024-12-28,CIN,DEN,30,24
2024,17,2024-12-28,LAR,ARI,13,9
2024,17,2024-12-29,BUF,NYJ,40,14
2024,17,2024-12-29,TB,CAR,48,14
2024,17,2024-12-29,NYG,IND,45,33
2024,17,2024-12-29,PHI,DAL,41,7
2024,17,2024-12-29,JAX,TEN,20,13
2024,17,2024-12-29,NO,LV,10,25
2024,17,2024-12-29,CLE,MIA,3,20
2024,17,2024-12-29,MIN,GB,27,25
2024,17,2024-12-29,WAS,ATL,30,24
2024,17,2024-12-30,SF,DET,34,40
2024,18,2025-01-04,BAL,CLE,35,10
2024,18,2025-01-04,PIT,CIN,17,19
2024,18,2025-01-05,ATL,CAR,38,44
2024,18,2025-01-05,NE,BUF,23,16
2024,18,2025-01-05,GB,CHI,22,24
2024,18,2025-01-05,IND,JAX,26,23
2024,18,2025-01-05,DAL,WAS,19,23
2024,18,2025-01-05,TEN,HOU,14,23
2024,18,2025-01-05,TB,NO,27,19
2024,18,2025-01-05,PHI,NYG,20,13
2024,18,2025-01-05,ARI,SF,47,24
2024,18,2025-01-05,DEN,KC,38,0
2024,18,2025-01-05,NYJ,MIA,32,20
2024,18,2025-01-05,LV,LAC,20,34
2024,18,2025-01-05,LAR,SEA,25,30
2024,18,2025-01-05,DET,MIN,31,9
2025,1,2025-09-04,PHI,DAL,24,20
2025,1,2025-09-05,LAC,KC,27,21
2025,1,2025-09-07,ATL,TB,20,23
2025,1,2025-09-07,JAX,CAR,26,10
2025,1,2025-09-07,CLE,CIN,16,17
2025,1,2025-09-07,IND,MIA,33,8
2025,1,2025-09-07,NO,ARI,13,20
2025,1,2025-09-07,NE,LV,13,20
2025,1,2025-09-07,WAS,NYG,21,6
2025,1,2025-09-07,NYJ,PIT,32,34
2025,1,2025-09-07,DEN,TEN,20,12
2025,1,2025-09-07,SEA,SF,13,17
2025,1,2025-09-07,GB,DET,27,13
2025,1,2025-09-07,LAR,HOU,14,9
2025,1,2025-09-07,BUF,BAL,41,40
2025,1,2025-09-08,CHI,MIN,24,27
2025,2,2025-09-11,GB,WAS,27,18
2025,2,2025-09-14,NYJ,BUF,10,30
2025,2,2025-09-14,DET,CHI,52,21
2025,2,2025-09-14,CIN,JAX,31,27
2025,2,2025-09-14,BAL,CLE,41,17
2025,2,2025-09-14,DAL,NYG,40,37
2025,2,2025-09-14,MIA,NE,27,33
2025,2,2025-09-14,NO,SF,21,26
2025,2,2025-09-14,TEN,LAR,19,33
2025,2,2025-09-14,PIT,SEA,17,31
2025,2,2025-09-14,ARI,CAR,27,22
2025,2,2025-09-14,IND,DEN,29,28
2025,2,2025-09-14,KC,PHI,17,20
2025,2,2025-09-14,MIN,ATL,6,22
2025,2,2025-09-15,HOU,TB,19,20
2025,2,2025-09-15,LV,LAC,9,20
2025,3,2025-09-18,BUF,MIA,31,21
2025,3,2025-09-21,CAR,ATL,30,0
2025,3,2025-09-21,MIN,CIN,48,10
2025,3,2025-09-21,CLE,GB,13,10
2025,3,2025-09-21,TEN,IND,20,41
2025,3,2025-09-21,JAX,HOU,17,10
2025,3,2025-09-21,NE,PIT,14,21
2025,3,2025-09-21,TB,NYJ,29,27
2025,3,2025-09-21,PHI,LAR,33,26
2025,3,2025-09-21,WAS,LV,41,24
2025,3,2025-09-21,LAC,DEN,23,20
2025,3,2025-09-21,SEA,NO,44,13
2025,3,2025-09-21,CHI,DAL,31,14
2025,3,2025-09-21,SF,ARI,16,15
2025,3,2025-09-21,NYG,KC,9,22
2025,3,2025-09-22,BAL,DET,30,38
2025,4,2025-09-25,ARI,SEA,20,23
2025,4,2025-09-28,PIT,MIN,24,21
2025,4,2025-09-28,ATL,WAS,34,27
2025,4,2025-09-28,BUF,NO,31,19
2025,4,2025-09-28,NE,CAR,42,13
2025,4,2025-09-28,DET,CLE,34,10
2025,4,2025-09-28,HOU,TEN,26,0
2025,4,2025-09-28,NYG,LAC,21,18
2025,4,2025-09-28,TB,PHI,25,31
2025,4,2025-09-28,LAR,IND,27,20
2025,4,2025-09-28,SF,JAX,21,26
2025,4,2025-09-28,LV,CHI,24,25
2025,4,2025-09-28,KC,BAL,37,20
2025,4,2025-09-28,DAL,GB,40,40
2025,4,2025-09-29,MIA,NYJ,27,21
2025,4,2025-09-29,DEN,CIN,28,3
2025,5,2025-10-02,LAR,SF,23,26
2025,5,2025-10-05,CLE,MIN,17,21
2025,5,2025-10-05,CAR,MIA,27,24
2025,5,2025-10-05,IND,LV,40,6
2025,5,2025-10-05,NYJ,DAL,22,37
2025,5,2025-10-05,PHI,DEN,17,21
2025,5,2025-10-05,BAL,HOU,10,44
2025,5,2025-10-05,NO,NYG,26,14
2025,5,2025-10-05,ARI,TEN,21,22
2025,5,2025-10-05,SEA,TB,35,38
2025,5,2025-10-05,CIN,DET,24,37
2025,5,2025-10-05,LAC,WAS,10,27
2025,5,2025-10-05,BUF,NE,20,23
2025,5,2025-10-06,JAX,KC,31,28
2025,6,2025-10-09,NYG,PHI,34,17
2025,6,2025-10-12,NYJ,DEN,11,13
2025,6,2025-10-12,CAR,DAL,30,27
2025,6,2025-10-12,PIT,CLE,23,9
2025,6,2025-10-12,IND,ARI,31,27
2025,6,2025-10-12,JAX,SEA,12,20
2025,6,2025-10-12,MIA,LAC,27,29
2025,6,2025-10-12,NO,NE,19,25
2025,6,2025-10-12,BAL,LAR,3,17
2025,6,2025-10-12,LV,TEN,20,10
2025,6,2025-10-12,GB,CIN,27,18
2025,6,2025-10-12,TB,SF,30,19
2025,6,2025-10-12,KC,DET,30,17
2025,6,2025-10-13,ATL,BUF,24,14
2025,6,2025-10-13,WAS,CHI,24,25
2025,7,2025-10-16,CIN,PIT,33,31
2025,7,2025-10-19,JAX,LAR,7,35
2025,7,2025-10-19,CHI,NO,26,14
2025,7,2025-10-19,MIN,PHI,22,28
2025,7,2025-10-19,NYJ,CAR,6,13
2025,7,2025-10-19,CLE,MIA,31,6
2025,7,2025-10-19,KC,LV,31,0
2025,7,2025-10-19,TEN,NE,13,31
2025,7,2025-10-19,LAC,IND,24,38
2025,7,2025-10-19,DEN,NYG,33,32
2025,7,2025-10-19,ARI,GB,23,27
2025,7,2025-10-19,DAL,WAS,44,22
2025,7,2025-10-19,SF,ATL,20,10
2025,7,2025-10-20,DET,TB,24,9
2025,7,2025-10-20,SEA,HOU,27,19
2025,8,2025-10-23,LAC,MIN,37,10
2025,8,2025-10-26,ATL,MIA,10,34
2025,8,2025-10-26,CAR,BUF,9,40
2025,8,2025-10-26,BAL,CHI,30,16
2025,8,2025-10-26,HOU,SF,26,15
2025,8,2025-10-26,CIN,NYJ,38,39
2025,8,2025-10-26,NE,CLE,32,13
2025,8,2025-10-26,PHI,NYG,38,20
2025,8,2025-10-26,NO,TB,3,23
2025,8,2025-10-26,IND,TEN,38,14
2025,8,2025-10-26,DEN,DAL,44,24
2025,8,2025-10-26,PIT,GB,25,35
2025,8,2025-10-27,KC,WAS,28,7
2025,9,2025-10-30,MIA,BAL,6,28
2025,9,2025-11-02,NE,ATL,24,23
2025,9,2025-11-02,CIN,CHI,42,47
2025,9,2025-11-02,DET,MIN,24,27
2025,9,2025-11-02,GB,CAR,13,16
2025,9,2025-11-02,PIT,IND,27,20
2025,9,2025-11-02,HOU,DEN,15,18
2025,9,2025-11-02,NYG,SF,24,34
2025,9,2025-11-02,TEN,LAC,20,27
2025,9,2025-11-02,LV,JAX,29,30
2025,9,2025-11-02,LAR,NO,34,10
2025,9,2025-11-02,BUF,KC,28,21
2025,9,2025-11-02,WAS,SEA,14,38
2025,9,2025-11-03,DAL,ARI,17,27
2025,10,2025-11-06,DEN,LV,10,7
2025,10,2025-11-09,IND,ATL,31,25
2025,10,2025-11-09,MIA,BUF,30,13
2025,10,2025-11-09,CHI,NYG,24,20
2025,10,2025-11-09,NYJ,CLE,27,20
2025,10,2025-11-09,HOU,JAX,36,29
2025,10,2025-11-09,MIN,BAL,19,27
2025,10,2025-11-09,CAR,NO,7,17
2025,10,2025-11-09,TB,NE,23,28
2025,10,2025-11-09,SEA,ARI,44,22
2025,10,2025-11-09,WAS,DET,22,44
2025,10,2025-11-09,SF,LAR,26,42
2025,10,2025-11-09,LAC,PIT,25,10
2025,10,2025-11-10,GB,PHI,7,10
2025,11,2025-11-13,NE,NYJ,27,14
2025,11,2025-11-16,MIA,WAS,16,13
2025,11,2025-11-16,ATL,CAR,27,30
2025,11,2025-11-16,BUF,TB,44,32
2025,11,2025-11-16,MIN,CHI,17,19
2025,11,2025-11-16,PIT,CIN,34,12
2025,11,2025-11-16,NYG,GB,20,27
2025,11,2025-11-16,TEN,HOU,13,16
2025,11,2025-11-16,JAX,LAC,35,6
2025,11,2025-11-16,ARI,SF,22,41
2025,11,2025-11-16,LAR,SEA,21,19
2025,11,2025-11-16,CLE,BAL,16,23
2025,11,2025-11-16,DEN,KC,22,19
2025,11,2025-11-16,PHI,DET,16,9
2025,11,2025-11-17,LV,DAL,16,33
2025,12,2025-11-20,HOU,BUF,23,19
2025,12,2025-11-23,CHI,PIT,31,28
2025,12,2025-11-23,CIN,NE,20,26
2025,12,2025-11-23,KC,IND,23,20
2025,12,2025-11-23,DET,NYG,34,27
2025,12,2025-11-23,GB,MIN,23,6
2025,12,2025-11-23,BAL,NYJ,23,10
2025,12,2025-11-23,TEN,SEA,24,30
2025,12,2025-11-23,LV,CLE,10,24
2025,12,2025-11-23,ARI,JAX,24,27
2025,12,2025-11-23,NO,ATL,10,24
2025,12,2025-11-23,DAL,PHI,24,21
2025,12,2025-11-23,LAR,TB,34,7
2025,12,2025-11-24,SF,CAR,20,9
2025,13,2025-11-27,DET,GB,24,31
2025,13,2025-11-27,DAL,KC,31,28
2025,13,2025-11-27,BAL,CIN,14,32
2025,13,2025-11-28,PHI,CHI,15,24
2025,13,2025-11-30,NYJ,ATL,27,24
2025,13,2025-11-30,CLE,SF,8,26
2025,13,2025-11-30,IND,HOU,16,20
2025,13,2025-11-30,TB,ARI,20,17
2025,13,2025-11-30,TEN,JAX,3,25
2025,13,2025-11-30,MIA,NO,21,17
2025,13,2025-11-30,CAR,LAR,31,28
2025,13,2025-11-30,SEA,MIN,26,0
2025,13,2025-11-30,PIT,BUF,7,26
2025,13,2025-11-30,LAC,LV,31,14
2025,13,2025-11-30,WAS,DEN,26,27
2025,13,2025-12-01,NE,NYG,33,15
2025,14,2025-12-04,DET,DAL,44,30
2025,14,2025-12-07,ATL,SEA,9,37
2025,14,2025-12-07,BUF,CIN,39,34
2025,14,2025-12-07,CLE,TEN,29,31
2025,14,2025-12-07,JAX,IND,36,19
2025,14,2025-12-07,NYJ,MIA,10,34
2025,14,2025-12-07,MIN,WAS,31,0
2025,14,2025-12-07,TB,NO,20,24
2025,14,2025-12-07,BAL,PIT,22,27
2025,14,2025-12-07,LV,DEN,17,24
2025,14,2025-12-07,GB,CHI,28,21
2025,14,2025-12-07,ARI,LAR,17,45
2025,14,2025-12-07,KC,HOU,10,20
2025,14,2025-12-08,LAC,PHI,22,19
2025,15,2025-12-11,TB,ATL,28,29
2025,15,2025-12-14,NE,BUF,31,35
2025,15,2025-12-14,CHI,CLE,31,3
2025,15,2025-12-14,CIN,BAL,0,24
2025,15,2025-12-14,HOU,ARI,40,20
2025,15,2025-12-14,JAX,NYJ,48,20
2025,15,2025-12-14,KC,LAC,13,16
2025,15,2025-12-14,NYG,WAS,21,29
2025,15,2025-12-14,PHI,LV,31,0
2025,15,2025-12-14,NO,CAR,20,17
2025,15,2025-12-14,SEA,IND,18,16
2025,15,2025-12-14,DEN,GB,34,26
2025,15,2025-12-14,LAR,DET,41,34
2025,15,2025-12-14,SF,TEN,37,24
2025,15,2025-12-14,DAL,MIN,26,34
2025,15,2025-12-15,PIT,MIA,28,15
2025,16,2025-12-18,SEA,LAR,38,37
2025,16,2025-12-20,WAS,PHI,18,29
2025,16,2025-12-20,CHI,GB,22,16
2025,16,2025-12-21,CLE,BUF,20,23
2025,16,2025-12-21,CAR,TB,23,20
2025,16,2025-12-21,MIA,CIN,21,45
2025,16,2025-12-21,DAL,LAC,17,34
2025,16,2025-12-21,TEN,KC,26,9
2025,16,2025-12-21,NYG,MIN,13,16
2025,16,2025-12-21,NO,NYJ,29,6
2025,16,2025-12-21,ARI,ATL,19,26
2025,16,2025-12-21,DEN,JAX,20,34
2025,16,2025-12-21,DET,PIT,24,29
2025,16,2025-12-21,HOU,LV,23,21
2025,16,2025-12-21,BAL,NE,24,28
2025,16,2025-12-22,IND,SF,27,48
2025,17,2025-12-25,WAS,DAL,23,30
2025,17,2025-12-25,MIN,DET,23,10
2025,17,2025-12-25,KC,DEN,13,20
2025,17,2025-12-27,LAC,HOU,16,20
2025,17,2025-12-27,GB,BAL,24,41
2025,17,2025-12-28,CAR,SEA,10,27
2025,17,2025-12-28,CIN,ARI,37,14
2025,17,2025-12-28,CLE,PIT,13,6
2025,17,2025-12-28,IND,JAX,17,23
2025,17,2025-12-28,MIA,TB,20,17
2025,17,2025-12-28,TEN,NO,26,34
2025,17,2025-12-28,NYJ,NE,10,42
2025,17,2025-12-28,LV,NYG,10,34
2025,17,2025-12-28,BUF,PHI,12,13
2025,17,2025-12-28,SF,CHI,42,38
2025,17,2025-12-29,ATL,LAR,27,24
2025,18,2026-01-03,TB,CAR,16,14
2025,18,2026-01-03,SF,SEA,3,13
2025,18,2026-01-04,ATL,NO,19,17
2025,18,2026-01-04,CIN,CLE,18,20
2025,18,2026-01-04,HOU,IND,38,30
2025,18,2026-01-04,NYG,DAL,34,17
2025,18,2026-01-04,MIN,GB,16,3
2025,18,2026-01-04,JAX,TEN,41,7
2025,18,2026-01-04,BUF,NYJ,35,8
2025,18,2026-01-04,CHI,DET,16,19
2025,18,2026-01-04,LAR,ARI,37,20
2025,18,2026-01-04,DEN,LAC,19,3
2025,18,2026-01-04,LV,KC,14,12
2025,18,2026-01-04,NE,MIA,38,10
2025,18,2026-01-04,PHI,WAS,17,24
2025,18,2026-01-04,PIT,BAL,26,24
