year,team,n_games,sos_this_year_line,n_opponents_with_line,sos_prior_year_wins,n_opponents_with_prior_wins
2015,ARI,16,8.438,16,,0
2015,ATL,16,7.75,16,,0
2015,BAL,16,7.938,16,,0
2015,BUF,16,8.406,16,,0
2015,CAR,16,8.219,16,,0
2015,CHI,16,8.281,16,,0
2015,CIN,16,8.156,16,,0
2015,CLE,16,8.156,16,,0
2015,DAL,16,8.562,16,,0
2015,DEN,16,8.219,16,,0
2015,DET,16,8.438,16,,0
2015,GB,16,8.094,16,,0
2015,HOU,16,7.938,16,,0
2015,IND,16,7.781,16,,0
2015,JAX,16,8.312,16,,0
2015,KC,16,8.156,16,,0
2015,LAC,16,8.062,16,,0
2015,LAR,16,8.156,16,,0
2015,LV,16,8.281,16,,0
2015,MIA,16,8.344,16,,0
2015,MIN,16,8.375,16,,0
2015,NE,16,8.25,16,,0
2015,NO,16,7.906,16,,0
2015,NYG,16,8.281,16,,0
2015,NYJ,16,8.219,16,,0
2015,PHI,16,8.188,16,,0
2015,PIT,16,8.406,16,,0
2015,SEA,16,8.094,16,,0
2015,SF,16,8.562,16,,0
2015,TB,16,8.031,16,,0
2015,TEN,16,8.0,16,,0
2015,WAS,16,8.5,16,,0
2016,ARI,16,8.0,16,8.5,16
2016,ATL,16,8.375,16,8.875,16
2016,BAL,16,8.094,16,7.75,16
2016,BUF,16,8.344,16,8.312,16
2016,CAR,16,7.875,16,8.188,16
2016,CHI,16,7.906,16,7.375,16
2016,CIN,16,8.094,16,7.438,16
2016,CLE,16,8.406,16,7.688,16
2016,DAL,16,7.75,16,7.438,16
2016,DEN,16,8.281,16,8.062,16
2016,DET,16,8.094,16,7.438,16
2016,GB,16,7.844,16,7.312,16
2016,HOU,16,8.312,16,7.75,16
2016,IND,16,8.156,16,7.625,16
2016,JAX,16,8.219,16,7.562,16
2016,KC,16,8.188,16,7.938,16
2016,LAC,16,8.062,16,8.125,16
2016,LAR,16,8.281,16,8.812,16
2016,LV,16,8.188,16,8.0,16
2016,MIA,16,8.281,16,8.25,16
2016,MIN,16,8.281,16,7.812,16
2016,NE,16,8.156,16,8.375,16
2016,NO,16,8.281,16,8.75,16
2016,NYG,16,7.875,16,7.375,16
2016,NYJ,16,8.5,16,8.5,16
2016,PHI,16,8.312,16,7.5,16
2016,PIT,16,8.0,16,7.562,16
2016,SEA,16,8.0,16,8.688,16
2016,SF,16,8.562,16,8.875,16
2016,TB,16,8.312,16,8.688,16
2016,TEN,16,8.094,16,7.562,16
2016,WAS,16,8.375,16,7.875,16
2017,ARI,16,7.844,16,7.375,16
2017,ATL,16,8.281,16,8.312,16
2017,BAL,16,7.969,16,7.312,16
2017,BUF,16,8.219,16,8.938,16
2017,CAR,16,7.938,16,8.062,16
2017,CHI,16,8.344,16,7.625,16
2017,CIN,16,7.844,16,7.188,16
2017,CLE,16,8.125,16,7.438,16
2017,DAL,16,8.375,16,8.375,16
2017,DEN,16,8.281,16,9.188,16
2017,DET,16,8.344,16,7.438,16
2017,GB,16,8.125,16,7.625,16
2017,HOU,16,8.156,16,7.188,16
2017,IND,16,7.781,16,6.688,16
2017,JAX,16,7.75,16,6.938,16
2017,KC,16,8.312,16,9.188,16
2017,LAC,16,8.0,16,9.062,16
2017,LAR,16,8.188,16,7.562,16
2017,LV,16,8.156,16,9.0,16
2017,MIA,16,8.219,16,8.75,16
2017,MIN,16,7.969,16,7.188,16
2017,NE,16,7.625,16,8.438,16
2017,NO,16,8.062,16,8.125,16
2017,NYG,16,8.188,16,8.438,16
2017,NYJ,16,8.25,16,8.562,16
2017,PHI,16,8.156,16,8.375,16
2017,PIT,16,8.031,16,7.188,16
2017,SEA,16,7.844,16,7.188,16
2017,SF,16,8.188,16,7.438,16
2017,TB,16,8.25,16,8.25,16
2017,TEN,16,7.781,16,6.938,16
2017,WAS,16,8.406,16,8.625,16
2018,ARI,16,8.5,16,8.312,16
2018,ATL,16,8.125,16,8.125,16
2018,BAL,16,7.938,16,7.812,16
2018,BUF,16,8.312,16,7.938,16
2018,CAR,16,8.188,16,8.188,16
2018,CHI,16,8.094,16,8.312,16
2018,CIN,16,8.156,16,7.562,16
2018,CLE,16,8.312,16,8.375,16
2018,DAL,16,8.188,16,8.0,16
2018,DEN,16,8.094,16,7.625,16
2018,DET,16,8.312,16,8.562,16
2018,GB,16,7.969,16,8.625,16
2018,HOU,16,7.75,16,7.25,16
2018,IND,16,7.969,16,7.75,16
2018,JAX,16,8.062,16,7.625,16
2018,KC,16,8.25,16,7.875,16
2018,LAC,16,7.719,16,7.688,16
2018,LAR,16,8.219,16,8.375,16
2018,LV,16,8.0,16,7.562,16
2018,MIA,16,7.969,16,8.0,16
2018,MIN,16,8.188,16,8.312,16
2018,NE,16,7.688,16,7.75,16
2018,NO,16,8.375,16,8.562,16
2018,NYG,16,8.438,16,8.312,16
2018,NYJ,16,7.938,16,7.625,16
2018,PHI,16,8.25,16,7.875,16
2018,PIT,16,8.094,16,7.625,16
2018,SEA,16,8.344,16,8.375,16
2018,SF,16,8.0,16,8.0,16
2018,TB,16,8.5,16,8.5,16
2018,TEN,16,8.125,16,7.438,16
2018,WAS,16,8.438,16,8.062,16
2019,ARI,16,8.375,16,8.062,16
2019,ATL,16,8.344,16,8.25,16
2019,BAL,16,8.188,16,7.812,16
2019,BUF,16,7.875,16,7.625,16
2019,CAR,16,8.156,16,8.0,16
2019,CHI,16,8.406,16,8.188,16
2019,CIN,16,8.188,16,7.438,16
2019,CLE,16,7.875,16,7.688,16
2019,DAL,16,8.062,16,8.0,16
2019,DEN,16,8.406,16,8.5,16
2019,DET,16,8.125,16,7.812,16
2019,GB,16,8.094,16,8.0,16
2019,HOU,16,8.375,16,8.438,16
2019,IND,16,8.125,16,8.25,16
2019,JAX,16,8.031,16,8.5,16
2019,KC,16,8.219,16,8.25,16
2019,LAC,16,7.906,16,7.938,16
2019,LAR,16,8.031,16,7.5,16
2019,LV,16,8.375,16,8.562,16
2019,MIA,16,8.344,16,7.938,16
2019,MIN,16,8.188,16,8.125,16
2019,NE,16,7.562,16,7.5,16
2019,NO,16,8.031,16,7.812,16
2019,NYG,16,7.844,16,7.5,16
2019,NYJ,16,7.75,16,7.5,16
2019,PHI,16,7.719,16,7.562,16
2019,PIT,16,7.969,16,7.875,16
2019,SEA,16,8.281,16,7.562,16
2019,SF,16,8.156,16,8.062,16
2019,TB,16,8.188,16,8.125,16
2019,TEN,16,8.188,16,8.188,16
2019,WAS,16,8.125,16,7.438,16
2020,ARI,16,8.188,16,8.25,16
2020,ATL,16,8.594,16,8.375,16
2020,BAL,16,8.031,16,7.0,16
2020,BUF,16,8.219,16,8.375,16
2020,CAR,16,8.406,16,7.938,16
2020,CHI,16,7.938,16,8.062,16
2020,CIN,16,8.375,16,7.625,16
2020,CLE,16,8.0,16,7.375,16
2020,DAL,16,8.094,16,7.312,16
2020,DEN,16,8.469,16,8.188,16
2020,DET,16,7.906,16,8.375,16
2020,GB,16,8.188,16,8.0,16
2020,HOU,16,8.312,16,8.25,16
2020,IND,16,7.656,16,8.0,16
2020,JAX,16,8.281,16,7.875,16
2020,KC,16,8.031,16,8.0,16
2020,LAC,16,7.906,16,7.875,16
2020,LAR,16,8.375,16,8.188,16
2020,LV,16,8.469,16,7.938,16
2020,MIA,16,8.094,16,8.438,16
2020,MIN,16,8.094,16,8.188,16
2020,NE,16,8.281,16,8.562,16
2020,NO,16,8.25,16,7.812,16
2020,NYG,16,8.594,16,7.688,16
2020,NYJ,16,8.531,16,8.5,16
2020,PHI,16,8.312,16,7.75,16
2020,PIT,16,8.031,16,7.312,16
2020,SEA,16,8.188,16,8.062,16
2020,SF,16,8.219,16,8.375,16
2020,TB,16,8.062,16,8.0,16
2020,TEN,16,7.938,16,7.938,16
2020,WAS,16,8.469,16,7.375,16
2021,ARI,17,8.735,17,8.118,17
2021,ATL,17,8.559,17,7.235,17
2021,BAL,17,8.794,17,8.941,17
2021,BUF,17,8.441,17,7.647,17
2021,CAR,17,8.559,17,7.529,17
2021,CHI,17,8.794,17,8.765,17
2021,CIN,17,8.941,17,8.471,17
2021,CLE,17,8.412,17,8.235,17
2021,DAL,17,8.559,17,7.176,17
2021,DEN,17,8.412,17,7.471,17
2021,DET,17,8.941,17,8.412,17
2021,GB,17,8.647,17,8.647,17
2021,HOU,17,8.971,17,8.059,17
2021,IND,17,8.529,17,7.647,17
2021,JAX,17,8.412,17,7.824,17
2021,KC,17,8.853,17,8.118,17
2021,LAC,17,8.676,17,7.824,17
2021,LAR,17,8.647,17,8.235,17
2021,LV,17,9.088,17,8.353,17
2021,MIA,17,8.471,17,7.529,17
2021,MIN,17,8.588,17,8.471,17
2021,NE,17,8.647,17,7.824,17
2021,NO,17,8.853,17,7.706,17
2021,NYG,17,8.794,17,7.529,17
2021,NYJ,17,8.647,17,7.765,17
2021,PHI,17,8.5,17,6.882,17
2021,PIT,17,9.147,17,9.118,17
2021,SEA,17,8.559,17,8.176,17
2021,SF,17,8.118,17,7.765,17
2021,TB,17,8.353,17,7.412,17
2021,TEN,17,8.471,17,8.118,17
2021,WAS,17,8.882,17,8.0,17
2022,ARI,17,8.853,17,9.235,17
2022,ATL,17,8.618,17,8.882,17
2022,BAL,17,8.206,17,8.0,17
2022,BUF,16,8.406,16,8.562,16
2022,CAR,17,8.382,17,8.647,17
2022,CHI,17,8.382,17,7.941,17
2022,CIN,16,8.469,16,8.938,16
2022,CLE,17,8.441,17,8.353,17
2022,DAL,17,8.382,17,7.824,17
2022,DEN,17,8.588,17,8.647,17
2022,DET,17,8.235,17,7.941,17
2022,GB,17,8.412,17,8.059,17
2022,HOU,17,8.676,17,8.294,17
2022,IND,17,8.206,17,7.941,17
2022,JAX,17,8.441,17,7.941,17
2022,KC,17,9.118,17,9.059,17
2022,LAC,17,8.471,17,8.824,17
2022,LAR,17,8.912,17,9.647,17
2022,LV,17,8.912,17,8.941,17
2022,MIA,17,8.529,17,8.118,17
2022,MIN,17,8.412,17,8.176,17
2022,NE,17,8.706,17,8.412,17
2022,NO,17,8.353,17,8.941,17
2022,NYG,17,8.235,17,7.882,17
2022,NYJ,17,8.765,17,8.353,17
2022,PHI,17,8.029,17,7.824,17
2022,PIT,17,8.853,17,8.706,17
2022,SEA,17,8.676,17,8.765,17
2022,SF,17,8.324,17,9.059,17
2022,TB,17,8.324,17,9.059,17
2022,TEN,17,8.735,17,8.0,17
2022,WAS,17,8.176,17,7.824,17
2023,ARI,17,8.824,17,8.706,17
2023,ATL,17,7.618,17,7.0,17
2023,BAL,17,8.676,17,8.118,17
2023,BUF,17,8.882,17,9.118,17
2023,CAR,17,8.206,17,7.647,17
2023,CHI,17,8.147,17,8.412,17
2023,CIN,17,8.676,17,8.588,17
2023,CLE,17,8.618,17,7.706,17
2023,DAL,17,8.559,17,9.176,17
2023,DEN,17,8.647,17,8.706,17
2023,DET,17,8.441,17,8.412,17
2023,GB,17,8.324,17,8.059,17
2023,HOU,17,8.235,17,7.235,17
2023,IND,17,8.118,17,7.294,17
2023,JAX,17,8.5,17,7.941,17
2023,KC,17,8.882,17,8.647,17
2023,LAC,17,8.853,17,8.765,17
2023,LAR,17,8.647,17,8.941,17
2023,LV,17,8.941,17,8.824,17
2023,MIA,17,8.912,17,9.294,17
2023,MIN,17,8.824,17,8.412,17
2023,NE,17,9.147,17,9.176,17
2023,NO,17,7.559,17,7.176,17
2023,NYG,17,8.676,17,9.235,17
2023,NYJ,17,8.853,17,9.118,17
2023,PHI,17,8.353,17,9.471,17
2023,PIT,17,8.382,17,7.882,17
2023,SEA,17,8.412,17,8.706,17
2023,SF,17,8.147,17,8.647,17
2023,TB,17,8.647,17,8.118,17
2023,TEN,17,8.441,17,7.471,17
2023,WAS,17,8.853,17,9.0,17
2024,ARI,17,8.559,17,8.294,17
2024,ATL,17,7.588,17,7.706,17
2024,BAL,17,8.647,17,9.118,17
2024,BUF,17,8.706,17,8.765,17
2024,CAR,17,8.294,17,7.941,17
2024,CHI,17,8.118,17,7.941,17
2024,CIN,17,8.029,17,8.529,17
2024,CLE,17,8.824,17,9.294,17
2024,DAL,17,8.588,17,8.588,17
2024,DEN,17,8.647,17,8.412,17
2024,DET,17,8.529,17,8.647,17
2024,GB,17,8.618,17,8.941,17
2024,HOU,17,8.735,17,8.941,17
2024,IND,17,8.147,17,8.353,17
2024,JAX,17,8.471,17,8.706,17
2024,KC,17,8.265,17,8.529,17
2024,LAC,17,7.794,17,8.118,17
2024,LAR,17,8.588,17,8.588,17
2024,LV,17,8.618,17,8.706,17
2024,MIA,17,8.265,17,8.294,17
2024,MIN,17,8.882,17,8.529,17
2024,NE,17,9.088,17,8.706,17
2024,NO,17,8.118,17,7.706,17
2024,NYG,17,8.471,17,8.765,17
2024,NYJ,17,8.029,17,8.588,17
2024,PHI,17,8.265,17,8.353,17
2024,PIT,17,8.971,17,9.059,17
2024,SEA,17,8.529,17,8.294,17
2024,SF,17,8.5,17,8.588,17
2024,TB,17,8.441,17,8.118,17
2024,TEN,17,8.735,17,8.353,17
2024,WAS,17,8.441,17,8.529,17
2025,ARI,17,8.5,17,7.765,17
2025,ATL,17,8.206,17,8.118,17
2025,BAL,17,8.794,17,9.059,17
2025,BUF,17,8.265,17,7.941,17
2025,CAR,17,8.382,17,7.765,17
2025,CHI,17,8.853,17,9.706,17
2025,CIN,17,8.735,17,8.647,17
2025,CLE,17,9.206,17,8.824,17
2025,DAL,17,8.853,17,9.471,17
2025,DEN,17,8.618,17,8.588,17
2025,DET,17,9.147,17,9.706,17
2025,GB,17,8.794,17,9.471,17
2025,HOU,17,8.853,17,8.176,17
2025,IND,17,8.559,17,7.882,17
2025,JAX,17,8.441,17,7.941,17
2025,KC,17,8.853,17,8.882,17
2025,LAC,17,8.559,17,8.882,17
2025,LAR,17,8.735,17,8.353,17
2025,LV,17,8.676,17,8.529,17
2025,MIA,17,8.5,17,8.059,17
2025,MIN,17,9.029,17,9.471,17
2025,NE,17,7.912,17,7.294,17
2025,NO,17,8.324,17,7.118,17
2025,NYG,17,9.206,17,9.765,17
2025,NYJ,17,8.5,17,7.824,17
2025,PHI,17,8.971,17,9.529,17
2025,PIT,17,8.853,17,8.941,17
2025,SEA,17,8.5,17,8.059,17
2025,SF,17,7.735,17,7.059,17
2025,TB,17,8.382,17,8.176,17
2025,TEN,17,8.265,17,7.647,17
2025,WAS,17,8.794,17,9.353,17
