year,team,games,points_for,points_against,point_diff,avg_point_diff,pyth_win_pct,pyth_wins
2015,ARI,16,489,313,176,11.0,0.7422,11.88
2015,ATL,16,339,345,-6,-0.375,0.4896,7.83
2015,BAL,16,328,401,-73,-4.562,0.3831,6.13
2015,BUF,16,379,359,20,1.25,0.5321,8.51
2015,CAR,16,500,308,192,12.0,0.7592,12.15
2015,CHI,16,335,397,-62,-3.875,0.4007,6.41
2015,CIN,16,419,279,140,8.75,0.7239,11.58
2015,CLE,16,278,432,-154,-9.625,0.2602,4.16
2015,DAL,16,275,374,-99,-6.188,0.3255,5.21
2015,DEN,16,355,296,59,3.688,0.6061,9.7
2015,DET,16,358,400,-42,-2.625,0.4346,6.95
2015,GB,16,368,323,45,2.812,0.5767,9.23
2015,HOU,16,339,313,26,1.625,0.5471,8.75
2015,IND,16,333,408,-75,-4.688,0.3819,6.11
2015,JAX,16,376,448,-72,-4.5,0.3977,6.36
2015,KC,16,405,287,118,7.375,0.6934,11.1
2015,LAC,16,320,398,-78,-4.875,0.3736,5.98
2015,LAR,16,280,330,-50,-3.125,0.4039,6.46
2015,LV,16,359,399,-40,-2.5,0.4377,7.0
2015,MIA,16,310,389,-79,-4.938,0.3687,5.9
2015,MIN,16,365,302,63,3.938,0.6104,9.77
2015,NE,16,465,315,150,9.375,0.7157,11.45
2015,NO,16,408,476,-68,-4.25,0.4097,6.55
2015,NYG,16,420,442,-22,-1.375,0.4698,7.52
2015,NYJ,16,387,314,73,4.562,0.6214,9.94
2015,PHI,16,377,430,-53,-3.312,0.4227,6.76
2015,PIT,16,423,319,104,6.5,0.6612,10.58
2015,SEA,16,423,277,146,9.125,0.7317,11.71
2015,SF,16,238,387,-149,-9.312,0.2401,3.84
2015,TB,16,342,417,-75,-4.688,0.3846,6.15
2015,TEN,16,299,423,-124,-7.75,0.3053,4.88
2015,WAS,16,388,379,9,0.562,0.5139,8.22
2016,ARI,16,418,362,56,3.5,0.5844,9.35
2016,ATL,16,540,406,134,8.375,0.6628,10.61
2016,BAL,16,343,321,22,1.375,0.5392,8.63
2016,BUF,16,399,378,21,1.312,0.532,8.51
2016,CAR,16,369,402,-33,-2.062,0.4494,7.19
2016,CHI,16,279,399,-120,-7.5,0.2999,4.8
2016,CIN,16,325,315,10,0.625,0.5185,8.3
2016,CLE,16,264,452,-188,-11.75,0.2185,3.5
2016,DAL,16,421,306,115,7.188,0.6805,10.89
2016,DEN,16,333,297,36,2.25,0.5674,9.08
2016,DET,16,346,358,-12,-0.75,0.4798,7.68
2016,GB,16,432,388,44,2.75,0.5633,9.01
2016,HOU,16,279,328,-49,-3.062,0.4053,6.48
2016,IND,16,411,392,19,1.188,0.528,8.45
2016,JAX,16,318,400,-82,-5.125,0.3673,5.88
2016,KC,16,389,311,78,4.875,0.6296,10.07
2016,LAC,16,410,423,-13,-0.812,0.4815,7.7
2016,LAR,16,224,394,-170,-10.625,0.2078,3.32
2016,LV,16,416,385,31,1.938,0.5458,8.73
2016,MIA,16,363,380,-17,-1.062,0.4729,7.57
2016,MIN,16,327,307,20,1.25,0.5373,8.6
2016,NE,16,441,250,191,11.938,0.7933,12.69
2016,NO,16,469,454,15,0.938,0.5193,8.31
2016,NYG,16,310,284,26,1.625,0.5517,8.83
2016,NYJ,16,275,409,-134,-8.375,0.2807,4.49
2016,PHI,16,367,331,36,2.25,0.5609,8.97
2016,PIT,16,399,327,72,4.5,0.6158,9.85
2016,SEA,16,354,292,62,3.875,0.6121,9.79
2016,SF,16,309,480,-171,-10.688,0.2604,4.17
2016,TB,16,354,369,-15,-0.938,0.4754,7.61
2016,TEN,16,381,378,3,0.188,0.5047,8.07
2016,WAS,16,396,383,13,0.812,0.5198,8.32
2017,ARI,16,295,361,-66,-4.125,0.3826,6.12
2017,ATL,16,353,315,38,2.375,0.5671,9.07
2017,BAL,16,395,303,92,5.75,0.6521,10.43
2017,BUF,16,302,359,-57,-3.562,0.399,6.38
2017,CAR,16,363,327,36,2.25,0.5616,8.99
2017,CHI,16,264,320,-56,-3.5,0.388,6.21
2017,CIN,16,290,349,-59,-3.688,0.392,6.27
2017,CLE,16,234,410,-176,-11.0,0.2093,3.35
2017,DAL,16,354,332,22,1.375,0.5379,8.61
2017,DEN,16,289,382,-93,-5.812,0.3405,5.45
2017,DET,16,410,376,34,2.125,0.5511,8.82
2017,GB,16,320,384,-64,-4.0,0.3936,6.3
2017,HOU,16,338,436,-98,-6.125,0.3536,5.66
2017,IND,16,263,404,-141,-8.812,0.2655,4.25
2017,JAX,16,417,268,149,9.312,0.7403,11.85
2017,KC,16,415,339,76,4.75,0.6176,9.88
2017,LAC,16,355,272,83,5.188,0.6528,10.44
2017,LAR,16,478,329,149,9.312,0.7079,11.33
2017,LV,16,301,373,-72,-4.5,0.3756,6.01
2017,MIA,16,281,393,-112,-7.0,0.3111,4.98
2017,MIN,16,382,252,130,8.125,0.7283,11.65
2017,NE,16,458,296,162,10.125,0.7378,11.8
2017,NO,16,448,326,122,7.625,0.6799,10.88
2017,NYG,16,246,388,-142,-8.875,0.2535,4.06
2017,NYJ,16,298,382,-84,-5.25,0.357,5.71
2017,PHI,16,457,295,162,10.125,0.7383,11.81
2017,PIT,16,406,308,98,6.125,0.6581,10.53
2017,SEA,16,366,332,34,2.125,0.5575,8.92
2017,SF,16,331,383,-52,-3.25,0.4144,6.63
2017,TB,16,335,382,-47,-2.938,0.4228,6.77
2017,TEN,16,334,356,-22,-1.375,0.4623,7.4
2017,WAS,16,342,388,-46,-2.875,0.4258,6.81
2018,ARI,16,225,425,-200,-12.5,0.1813,2.9
2018,ATL,16,414,423,-9,-0.562,0.4873,7.8
2018,BAL,16,389,287,102,6.375,0.6728,10.76
2018,BUF,16,269,374,-105,-6.562,0.3141,5.03
2018,CAR,16,376,382,-6,-0.375,0.4906,7.85
2018,CHI,16,421,283,138,8.625,0.7194,11.51
2018,CIN,16,368,455,-87,-5.438,0.3768,6.03
2018,CLE,16,359,392,-33,-2.062,0.4481,7.17
2018,DAL,16,339,324,15,0.938,0.5268,8.43
2018,DEN,16,329,349,-20,-1.25,0.4651,7.44
2018,DET,16,324,360,-36,-2.25,0.4379,7.01
2018,GB,16,376,400,-24,-1.5,0.4634,7.41
2018,HOU,16,402,316,86,5.375,0.6389,10.22
2018,IND,16,433,344,89,5.562,0.6331,10.13
2018,JAX,16,245,316,-71,-4.438,0.3536,5.66
2018,KC,16,565,421,144,9.0,0.6676,10.68
2018,LAC,16,428,329,99,6.188,0.651,10.42
2018,LAR,16,527,384,143,8.938,0.6792,10.87
2018,LV,16,290,467,-177,-11.062,0.2443,3.91
2018,MIA,16,319,433,-114,-7.125,0.3265,5.22
2018,MIN,16,360,341,19,1.188,0.5321,8.51
2018,NE,16,436,325,111,6.938,0.6674,10.68
2018,NO,16,504,353,151,9.438,0.6993,11.19
2018,NYG,16,369,412,-43,-2.688,0.4351,6.96
2018,NYJ,16,333,441,-108,-6.75,0.3395,5.43
2018,PHI,16,367,348,19,1.188,0.5315,8.5
2018,PIT,16,428,360,68,4.25,0.6011,9.62
2018,SEA,16,428,347,81,5.062,0.6218,9.95
2018,SF,16,342,435,-93,-5.812,0.3612,5.78
2018,TB,16,396,464,-68,-4.25,0.4072,6.52
2018,TEN,16,310,303,7,0.438,0.5135,8.22
2018,WAS,16,281,359,-78,-4.875,0.3588,5.74
2019,ARI,16,361,442,-81,-5.062,0.3823,6.12
2019,ATL,16,381,399,-18,-1.125,0.4727,7.56
2019,BAL,16,531,282,249,15.562,0.8176,13.08
2019,BUF,16,314,259,55,3.438,0.6122,9.79
2019,CAR,16,340,470,-130,-8.125,0.317,5.07
2019,CHI,16,280,298,-18,-1.125,0.4632,7.41
2019,CIN,16,279,420,-141,-8.812,0.275,4.4
2019,CLE,16,335,393,-58,-3.625,0.4065,6.5
2019,DAL,16,434,321,113,7.062,0.6715,10.74
2019,DEN,16,282,316,-34,-2.125,0.433,6.93
2019,DET,16,341,423,-82,-5.125,0.375,6.0
2019,GB,16,376,313,63,3.938,0.607,9.71
2019,HOU,16,378,385,-7,-0.438,0.4891,7.83
2019,IND,16,361,373,-12,-0.75,0.4806,7.69
2019,JAX,16,300,397,-97,-6.062,0.3398,5.44
2019,KC,16,451,308,143,8.938,0.7117,11.39
2019,LAC,16,337,345,-8,-0.5,0.4861,7.78
2019,LAR,16,394,364,30,1.875,0.5468,8.75
2019,LV,16,313,419,-106,-6.625,0.3338,5.34
2019,MIA,16,306,494,-188,-11.75,0.2432,3.89
2019,MIN,16,407,303,104,6.5,0.668,10.69
2019,NE,16,420,225,195,12.188,0.8145,13.03
2019,NO,16,458,341,117,7.312,0.668,10.69
2019,NYG,16,341,451,-110,-6.875,0.3402,5.44
2019,NYJ,16,276,359,-83,-5.188,0.3491,5.59
2019,PHI,16,385,354,31,1.938,0.5496,8.79
2019,PIT,16,289,303,-14,-0.875,0.472,7.55
2019,SEA,16,405,398,7,0.438,0.5103,8.17
2019,SF,16,479,310,169,10.562,0.7372,11.79
2019,TB,16,458,449,9,0.562,0.5118,8.19
2019,TEN,16,402,331,71,4.438,0.6131,9.81
2019,WAS,16,266,435,-169,-10.562,0.2376,3.8
2020,ARI,16,410,367,43,2.688,0.5653,9.04
2020,ATL,16,396,414,-18,-1.125,0.4737,7.58
2020,BAL,16,468,303,165,10.312,0.737,11.79
2020,BUF,16,501,375,126,7.875,0.6652,10.64
2020,CAR,16,350,402,-52,-3.25,0.4187,6.7
2020,CHI,16,372,370,2,0.125,0.5032,8.05
2020,CIN,16,311,424,-113,-7.062,0.3242,5.19
2020,CLE,16,408,419,-11,-0.688,0.4842,7.75
2020,DAL,16,395,473,-78,-4.875,0.3948,6.32
2020,DEN,16,323,446,-123,-7.688,0.3176,5.08
2020,DET,16,377,519,-142,-8.875,0.3192,5.11
2020,GB,16,509,369,140,8.75,0.6819,10.91
2020,HOU,16,384,464,-80,-5.0,0.3897,6.24
2020,IND,16,451,362,89,5.562,0.6274,10.04
2020,JAX,16,306,492,-186,-11.625,0.245,3.92
2020,KC,16,473,362,111,6.938,0.6534,10.45
2020,LAC,16,384,426,-42,-2.625,0.4388,7.02
2020,LAR,16,372,296,76,4.75,0.6322,10.12
2020,LV,16,434,478,-44,-2.75,0.443,7.09
2020,MIA,16,404,338,66,4.125,0.6041,9.67
2020,MIN,16,430,475,-45,-2.812,0.4413,7.06
2020,NE,16,326,353,-27,-1.688,0.453,7.25
2020,NO,16,482,337,145,9.062,0.7002,11.2
2020,NYG,16,280,357,-77,-4.812,0.3599,5.76
2020,NYJ,16,243,457,-214,-13.375,0.1829,2.93
2020,PHI,16,334,418,-84,-5.25,0.3701,5.92
2020,PIT,16,416,312,104,6.5,0.6641,10.63
2020,SEA,16,459,371,88,5.5,0.6235,9.98
2020,SF,16,376,390,-14,-0.875,0.4784,7.65
2020,TB,16,492,355,137,8.562,0.6843,10.95
2020,TEN,16,491,439,52,3.25,0.5659,9.06
2020,WAS,16,335,329,6,0.375,0.5107,8.17
2021,ARI,17,449,366,83,4.882,0.6188,10.52
2021,ATL,17,313,459,-146,-8.588,0.2875,4.89
2021,BAL,17,387,392,-5,-0.294,0.4924,8.37
2021,BUF,17,483,289,194,11.412,0.7716,13.12
2021,CAR,17,304,404,-100,-5.882,0.3376,5.74
2021,CHI,17,311,407,-96,-5.647,0.3458,5.88
2021,CIN,17,460,376,84,4.941,0.6172,10.49
2021,CLE,17,349,371,-22,-1.294,0.4638,7.89
2021,DAL,17,530,358,172,10.118,0.717,12.19
2021,DEN,17,335,322,13,0.765,0.5234,8.9
2021,DET,17,325,467,-142,-8.353,0.2975,5.06
2021,GB,17,450,371,79,4.647,0.6124,10.41
2021,HOU,17,280,452,-172,-10.118,0.2432,4.14
2021,IND,17,451,365,86,5.059,0.6228,10.59
2021,JAX,17,253,457,-204,-12.0,0.1976,3.36
2021,KC,17,480,364,116,6.824,0.6583,11.19
2021,LAC,17,474,459,15,0.882,0.519,8.82
2021,LAR,17,460,372,88,5.176,0.6232,10.59
2021,LV,17,374,439,-65,-3.824,0.4062,6.91
2021,MIA,17,341,373,-32,-1.882,0.4471,7.6
2021,MIN,17,425,426,-1,-0.059,0.4986,8.48
2021,NE,17,462,303,159,9.353,0.731,12.43
2021,NO,17,364,335,29,1.706,0.549,9.33
2021,NYG,17,258,416,-158,-9.294,0.2438,4.14
2021,NYJ,17,310,504,-194,-11.412,0.2402,4.08
2021,PHI,17,444,385,59,3.471,0.5837,9.92
2021,PIT,17,343,398,-55,-3.235,0.4128,7.02
2021,SEA,17,395,366,29,1.706,0.5451,9.27
2021,SF,17,427,365,62,3.647,0.5919,10.06
2021,TB,17,511,353,158,9.294,0.7061,12.0
2021,TEN,17,419,354,65,3.824,0.5986,10.18
2021,WAS,17,335,434,-99,-5.824,0.3512,5.97
2022,ARI,17,340,449,-109,-6.412,0.341,5.8
2022,ATL,17,365,386,-21,-1.235,0.4669,7.94
2022,BAL,17,350,315,35,2.059,0.5621,9.56
2022,BUF,16,455,286,169,10.562,0.7503,12.01
2022,CAR,17,347,374,-27,-1.588,0.4557,7.75
2022,CHI,17,326,463,-137,-8.059,0.3033,5.16
2022,CIN,16,418,322,96,6.0,0.6499,10.4
2022,CLE,17,361,381,-20,-1.176,0.4681,7.96
2022,DAL,17,467,342,125,7.353,0.6766,11.5
2022,DEN,17,287,359,-72,-4.235,0.3704,6.3
2022,DET,17,453,427,26,1.529,0.535,9.09
2022,GB,17,370,371,-1,-0.059,0.4984,8.47
2022,HOU,17,289,420,-131,-7.706,0.2919,4.96
2022,IND,17,289,427,-138,-8.118,0.2839,4.83
2022,JAX,17,404,350,54,3.176,0.5842,9.93
2022,KC,17,496,369,127,7.471,0.6684,11.36
2022,LAC,17,391,384,7,0.412,0.5107,8.68
2022,LAR,17,307,384,-77,-4.529,0.3704,6.3
2022,LV,17,395,418,-23,-1.353,0.4665,7.93
2022,MIA,17,397,399,-2,-0.118,0.497,8.45
2022,MIN,17,424,427,-3,-0.176,0.4958,8.43
2022,NE,17,364,347,17,1.0,0.5283,8.98
2022,NO,17,330,345,-15,-0.882,0.4737,8.05
2022,NYG,17,365,371,-6,-0.353,0.4903,8.34
2022,NYJ,17,296,316,-20,-1.176,0.4613,7.84
2022,PHI,17,477,344,133,7.824,0.6845,11.64
2022,PIT,17,308,346,-38,-2.235,0.4315,7.34
2022,SEA,17,407,401,6,0.353,0.5088,8.65
2022,SF,17,450,277,173,10.176,0.7595,12.91
2022,TB,17,313,358,-45,-2.647,0.4211,7.16
2022,TEN,17,298,359,-61,-3.588,0.3914,6.65
2022,WAS,17,321,343,-22,-1.294,0.4608,7.83
2023,ARI,17,330,455,-125,-7.353,0.3184,5.41
2023,ATL,17,321,373,-52,-3.059,0.412,7.0
2023,BAL,17,483,280,203,11.941,0.7845,13.34
2023,BUF,17,451,311,140,8.235,0.707,12.02
2023,CAR,17,236,416,-180,-10.588,0.2069,3.52
2023,CHI,17,360,379,-19,-1.118,0.4696,7.98
2023,CIN,17,366,384,-18,-1.059,0.4716,8.02
2023,CLE,17,396,362,34,2.0,0.553,9.4
2023,DAL,17,509,315,194,11.412,0.7572,12.87
2023,DEN,17,357,413,-56,-3.294,0.4145,7.05
2023,DET,17,461,395,66,3.882,0.5905,10.04
2023,GB,17,383,350,33,1.941,0.5532,9.4
2023,HOU,17,377,353,24,1.412,0.5389,9.16
2023,IND,17,396,415,-19,-1.118,0.4723,8.03
2023,JAX,17,377,371,6,0.353,0.5095,8.66
2023,KC,17,371,294,77,4.529,0.6344,10.79
2023,LAC,17,346,398,-52,-3.059,0.4178,7.1
2023,LAR,17,404,377,27,1.588,0.5409,9.2
2023,LV,17,332,331,1,0.059,0.5018,8.53
2023,MIA,17,496,391,105,6.176,0.6373,10.83
2023,MIN,17,344,362,-18,-1.059,0.4698,7.99
2023,NE,17,236,366,-130,-7.647,0.2612,4.44
2023,NO,17,402,327,75,4.412,0.62,10.54
2023,NYG,17,266,407,-141,-8.294,0.2674,4.55
2023,NYJ,17,268,355,-87,-5.118,0.3393,5.77
2023,PHI,17,433,428,5,0.294,0.5069,8.62
2023,PIT,17,304,324,-20,-1.176,0.4623,7.86
2023,SEA,17,364,402,-38,-2.235,0.4414,7.5
2023,SF,17,491,298,193,11.353,0.7656,13.01
2023,TB,17,348,325,23,1.353,0.5404,9.19
2023,TEN,17,305,367,-62,-3.647,0.3921,6.67
2023,WAS,17,329,518,-189,-11.118,0.2543,4.32
2024,ARI,17,400,379,21,1.235,0.5319,9.04
2024,ATL,17,389,423,-34,-2.0,0.4505,7.66
2024,BAL,17,518,361,157,9.235,0.7018,11.93
2024,BUF,17,525,368,157,9.235,0.6989,11.88
2024,CAR,17,341,534,-193,-11.353,0.2567,4.36
2024,CHI,17,310,370,-60,-3.529,0.3967,6.74
2024,CIN,17,472,434,38,2.235,0.5496,9.34
2024,CLE,17,258,435,-177,-10.412,0.2248,3.82
2024,DAL,17,350,468,-118,-6.941,0.3344,5.68
2024,DEN,17,425,311,114,6.706,0.677,11.51
2024,DET,17,564,342,222,13.059,0.7659,13.02
2024,GB,17,460,338,122,7.176,0.6749,11.47
2024,HOU,17,372,372,0,0.0,0.5,8.5
2024,IND,17,377,427,-50,-2.941,0.4267,7.25
2024,JAX,17,320,435,-115,-6.765,0.3257,5.54
2024,KC,17,385,326,59,3.471,0.5973,10.15
2024,LAC,17,402,301,101,5.941,0.665,11.31
2024,LAR,17,367,386,-19,-1.118,0.4701,7.99
2024,LV,17,309,434,-125,-7.353,0.3089,5.25
2024,MIA,17,345,364,-19,-1.118,0.4683,7.96
2024,MIN,17,432,332,100,5.882,0.6511,11.07
2024,NE,17,289,417,-128,-7.529,0.2955,5.02
2024,NO,17,338,398,-60,-3.529,0.4044,6.87
2024,NYG,17,273,415,-142,-8.353,0.2704,4.6
2024,NYJ,17,338,404,-66,-3.882,0.3959,6.73
2024,PHI,17,463,303,160,9.412,0.732,12.44
2024,PIT,17,380,347,33,1.941,0.5536,9.41
2024,SEA,17,375,368,7,0.412,0.5112,8.69
2024,SF,17,389,436,-47,-2.765,0.4328,7.36
2024,TB,17,502,385,117,6.882,0.6522,11.09
2024,TEN,17,311,460,-149,-8.765,0.2834,4.82
2024,WAS,17,485,391,94,5.529,0.6249,10.62
2025,ARI,17,355,488,-133,-7.824,0.3199,5.44
2025,ATL,17,353,401,-48,-2.824,0.425,7.23
2025,BAL,17,424,398,26,1.529,0.5374,9.14
2025,BUF,17,481,365,116,6.824,0.6579,11.18
2025,CAR,17,311,380,-69,-4.059,0.3835,6.52
2025,CHI,17,441,415,26,1.529,0.5359,9.11
2025,CIN,17,414,492,-78,-4.588,0.3991,6.79
2025,CLE,17,279,379,-100,-5.882,0.3261,5.54
2025,DAL,17,471,511,-40,-2.353,0.4519,7.68
2025,DEN,17,401,311,90,5.294,0.6462,10.99
2025,DET,17,481,413,68,4.0,0.5893,10.02
2025,GB,17,391,360,31,1.824,0.5488,9.33
2025,HOU,17,404,295,109,6.412,0.6781,11.53
2025,IND,17,466,412,54,3.176,0.5725,9.73
2025,JAX,17,474,336,138,8.118,0.6933,11.79
2025,KC,17,362,328,34,2.0,0.5582,9.49
2025,LAC,17,368,340,28,1.647,0.5468,9.29
2025,LAR,17,518,346,172,10.118,0.7224,12.28
2025,LV,17,241,432,-191,-11.235,0.2005,3.41
2025,MIA,17,347,424,-77,-4.529,0.3834,6.52
2025,MIN,17,344,333,11,0.647,0.5192,8.83
2025,NE,17,490,320,170,10.0,0.733,12.46
2025,NO,17,306,383,-77,-4.529,0.3701,6.29
2025,NYG,17,381,439,-58,-3.412,0.4168,7.09
2025,NYJ,17,300,503,-203,-11.941,0.2271,3.86
2025,PHI,17,379,325,54,3.176,0.5901,10.03
2025,PIT,17,397,387,10,0.588,0.5151,8.76
2025,SEA,17,483,292,191,11.235,0.7672,13.04
2025,SF,17,437,371,66,3.882,0.5958,10.13
2025,TB,17,380,411,-31,-1.824,0.4537,7.71
2025,TEN,17,284,478,-194,-11.412,0.2255,3.83
2025,WAS,17,356,451,-95,-5.588,0.3634,6.18
