year,rank,name,team,pos,pos_rank,adp
2015,1,Andrew Luck,IND,QB,QB1,1.3
2015,2,Aaron Rodgers,GB,QB,QB2,2.4
2015,3,Adrian Peterson,MIN,RB,RB1,2.4
2015,4,Le'Veon Bell,PIT,RB,RB2,4.0
2015,5,Antonio Brown,PIT,WR,WR1,4.6
2015,6,Eddie Lacy,GB,RB,RB3,5.1
2015,7,Jamaal Charles,KC,RB,RB4,6.8
2015,8,Russell Wilson,SEA,QB,QB3,7.3
2015,9,Peyton Manning,DEN,QB,QB4,7.4
2015,10,Drew Brees,NO,QB,QB5,9.1
2015,11,Marshawn Lynch,SEA,RB,RB5,9.2
2015,12,Julio Jones,ATL,WR,WR2,11.1
2015,13,Ben Roethlisberger,PIT,QB,QB6,11.6
2015,14,Dez Bryant,DAL,WR,WR3,13.9
2015,15,Demaryius Thomas,DEN,WR,WR4,14.8
2015,16,CJ Anderson,DEN,RB,RB6,16.3
2015,17,Matt Ryan,ATL,QB,QB7,16.5
2015,18,Matt Forte,CHI,RB,RB7,16.9
2015,19,Calvin Johnson,DET,WR,WR5,19.2
2015,20,Odell Beckham Jr.,NYG,WR,WR6,19.5
2015,21,Rob Gronkowski,NE,TE,TE1,19.9
2015,22,Tony Romo,DAL,QB,QB8,20.8
2015,23,Jeremy Hill,CIN,RB,RB8,22.6
2015,24,DeMarco Murray,PHI,RB,RB9,22.8
2015,25,Randall Cobb,GB,WR,WR7,25.3
2015,26,Tom Brady,NE,QB,QB9,25.7
2015,27,A.J. Green,CIN,WR,WR8,25.7
2015,28,Eli Manning,NYG,QB,QB10,27.3
2015,29,LeSean McCoy,BUF,RB,RB10,27.6
2015,30,Justin Forsett,BAL,RB,RB11,27.6
2015,31,Ryan Tannehill,MIA,QB,QB11,29.3
2015,32,Matthew Stafford,DET,QB,QB12,29.6
2015,33,T.Y. Hilton,IND,WR,WR9,31.2
2015,34,Alshon Jeffery,CHI,WR,WR10,31.7
2015,35,Frank Gore,IND,RB,RB12,34.5
2015,36,Lamar Miller,MIA,RB,RB13,34.9
2015,37,Brandin Cooks,NO,WR,WR11,35.7
2015,38,Philip Rivers,LAC,QB,QB13,36.0
2015,39,Jimmy Graham,SEA,TE,TE2,37.4
2015,40,Cam Newton,CAR,QB,QB14,39.3
2015,41,Mike Evans,TB,WR,WR12,40.6
2015,42,Sam Bradford,PHI,QB,QB15,40.7
2015,43,Jordan Matthews,PHI,WR,WR13,43.1
2015,44,Alfred Morris,WAS,RB,RB14,43.3
2015,45,Emmanuel Sanders,DEN,WR,WR14,44.8
2015,46,Mark Ingram II,NO,RB,RB15,46.4
2015,47,Teddy Bridgewater,MIN,QB,QB16,46.6
2015,48,DeAndre Hopkins,HOU,WR,WR15,46.7
2015,49,Latavius Murray,LV,RB,RB16,47.1
2015,50,Melvin Gordon III,LAC,RB,RB17,48.0
2015,51,Andre Johnson,IND,WR,WR16,50.2
2015,52,Carson Palmer,ARI,QB,QB17,50.3
2015,53,Joseph Randle,DAL,RB,RB18,51.0
2015,54,Carlos Hyde,SF,RB,RB19,52.0
2015,55,Joe Flacco,BAL,QB,QB18,52.5
2015,56,Jonathan Stewart,CAR,RB,RB20,53.6
2015,57,Julian Edelman,NE,WR,WR17,53.8
2015,58,Golden Tate,DET,WR,WR18,55.0
2015,59,Andre Ellington,ARI,RB,RB21,55.5
2015,60,Colin Kaepernick,SF,QB,QB19,56.0
2015,61,Keenan Allen,LAC,WR,WR19,58.1
2015,62,Amari Cooper,LV,WR,WR20,58.4
2015,63,Arian Foster,HOU,RB,RB22,61.0
2015,64,Ameer Abdullah,DET,RB,RB23,61.9
2015,65,Travis Kelce,KC,TE,TE3,62.9
2015,66,Martavis Bryant,PIT,WR,WR21,64.4
2015,67,Jay Cutler,CHI,QB,QB20,65.9
2015,68,Greg Olsen,CAR,TE,TE4,66.5
2015,69,Jarvis Landry,MIA,WR,WR22,66.6
2015,70,Brandon Marshall,NYJ,WR,WR23,67.6
2015,71,Todd Gurley II,LAR,RB,RB24,68.2
2015,72,Andy Dalton,CIN,QB,QB21,70.0
2015,73,Jeremy Maclin,KC,WR,WR24,70.3
2015,74,CJ Spiller,NO,RB,RB25,70.3
2015,75,Doug Martin,TB,RB,RB26,70.5
2015,76,Sammy Watkins,BUF,WR,WR25,73.7
2015,77,T.J. Yeldon,JAX,RB,RB27,75.4
2015,78,Martellus Bennett,CHI,TE,TE5,76.4
2015,79,Chris Ivory,NYJ,RB,RB28,76.5
2015,80,Davante Adams,GB,WR,WR26,76.7
2015,81,LeGarrette Blount,NE,RB,RB29,77.9
2015,82,Rashad Jennings,NYG,RB,RB30,78.7
2015,83,Victor Cruz,NYG,WR,WR27,78.9
2015,84,DeSean Jackson,WAS,WR,WR28,81.2
2015,85,Derek Carr,LV,QB,QB22,81.8
2015,86,Allen Robinson II,JAX,WR,WR29,84.3
2015,87,Vincent Jackson,TB,WR,WR30,86.7
2015,88,Alex Smith,KC,QB,QB23,87.9
2015,89,Nelson Agholor,PHI,WR,WR31,88.5
2015,90,Jordan Cameron,MIA,TE,TE6,88.7
2015,91,Jason Witten,DAL,TE,TE7,91.0
2015,92,Charles Johnson,MIN,WR,WR32,91.3
2015,93,Joique Bell,DET,RB,RB31,92.8
2015,94,Giovani Bernard,CIN,RB,RB32,94.0
2015,95,Marcus Mariota,TEN,QB,QB24,95.0
2015,96,Ryan Mathews,PHI,RB,RB33,95.3
2015,97,Alfred Blue,HOU,RB,RB34,95.6
2015,98,Jameis Winston,TB,QB,QB25,95.7
2015,99,Mike Wallace,MIN,WR,WR33,96.1
2015,100,Tevin Coleman,ATL,RB,RB35,96.9
2016,1,Antonio Brown,PIT,WR,WR1,1.8
2016,2,Cam Newton,CAR,QB,QB1,2.9
2016,3,Aaron Rodgers,GB,QB,QB2,3.2
2016,4,Odell Beckham Jr.,NYG,WR,WR2,3.5
2016,5,Julio Jones,ATL,WR,WR3,5.3
2016,6,Le'Veon Bell,PIT,RB,RB2,6.3
2016,7,Todd Gurley II,LAR,RB,RB1,6.3
2016,8,Russell Wilson,SEA,QB,QB3,7.2
2016,9,David Johnson,ARI,RB,RB3,8.7
2016,10,Adrian Peterson,MIN,RB,RB4,8.8
2016,11,Andrew Luck,IND,QB,QB4,10.4
2016,12,DeAndre Hopkins,HOU,WR,WR4,10.9
2016,13,Ezekiel Elliott,DAL,RB,RB5,11.8
2016,14,A.J. Green,CIN,WR,WR5,12.8
2016,15,Drew Brees,NO,QB,QB5,14.3
2016,16,Lamar Miller,HOU,RB,RB6,14.8
2016,17,Dez Bryant,DAL,WR,WR6,16.2
2016,18,Rob Gronkowski,NE,TE,TE1,17.3
2016,19,Allen Robinson II,JAX,WR,WR7,18.6
2016,20,Jamaal Charles,KC,RB,RB7,20.3
2016,21,Jordy Nelson,GB,WR,WR8,20.3
2016,22,Ben Roethlisberger,PIT,QB,QB6,21.6
2016,23,Devonta Freeman,ATL,RB,RB8,21.9
2016,24,Keenan Allen,LAC,WR,WR9,23.1
2016,25,Carson Palmer,ARI,QB,QB7,24.6
2016,26,Eddie Lacy,GB,RB,RB9,24.8
2016,27,Mike Evans,TB,WR,WR10,26.2
2016,28,Tom Brady,NE,QB,QB8,27.1
2016,29,Amari Cooper,LV,WR,WR11,28.4
2016,30,Alshon Jeffery,CHI,WR,WR12,28.6
2016,31,Doug Martin,TB,RB,RB10,29.7
2016,32,Blake Bortles,JAX,QB,QB9,30.4
2016,33,Brandon Marshall,NYJ,WR,WR13,30.5
2016,34,LeSean McCoy,BUF,RB,RB11,30.6
2016,35,Mark Ingram II,NO,RB,RB12,31.0
2016,36,Eli Manning,NYG,QB,QB10,34.3
2016,37,Brandin Cooks,NO,WR,WR14,34.9
2016,38,Thomas Rawls,SEA,RB,RB13,36.3
2016,39,T.Y. Hilton,IND,WR,WR15,38.1
2016,40,Demaryius Thomas,DEN,WR,WR16,40.2
2016,41,Kelvin Benjamin,CAR,WR,WR17,40.4
2016,42,Philip Rivers,LAC,QB,QB11,41.8
2016,43,Matt Forte,NYJ,RB,RB14,42.8
2016,44,Sammy Watkins,BUF,WR,WR18,43.5
2016,45,CJ Anderson,DEN,RB,RB15,43.5
2016,46,Tony Romo,DAL,QB,QB12,44.4
2016,47,Latavius Murray,LV,RB,RB16,46.1
2016,48,Randall Cobb,GB,WR,WR19,46.4
2016,49,Derek Carr,LV,QB,QB13,47.7
2016,50,Jarvis Landry,MIA,WR,WR20,48.1
2016,51,Carlos Hyde,SF,RB,RB17,48.1
2016,52,Jordan Reed,WAS,TE,TE2,50.2
2016,53,DeMarco Murray,TEN,RB,RB18,51.6
2016,54,Julian Edelman,NE,WR,WR21,51.8
2016,55,Matthew Stafford,DET,QB,QB14,52.1
2016,56,Jeremy Langford,CHI,RB,RB19,54.3
2016,57,Golden Tate,DET,WR,WR22,55.0
2016,58,Andy Dalton,CIN,QB,QB15,57.4
2016,59,Doug Baldwin,SEA,WR,WR23,58.2
2016,60,Greg Olsen,CAR,TE,TE3,58.5
2016,61,Jeremy Maclin,KC,WR,WR24,59.9
2016,62,Jameis Winston,TB,QB,QB16,60.5
2016,63,Kirk Cousins,WAS,QB,QB17,61.9
2016,64,Matt Jones,WAS,RB,RB20,62.9
2016,65,Jeremy Hill,CIN,RB,RB21,63.2
2016,66,Michael Floyd,ARI,WR,WR25,63.8
2016,67,Ryan Mathews,PHI,RB,RB22,64.8
2016,68,Jonathan Stewart,CAR,RB,RB23,66.2
2016,69,Donte Moncrief,IND,WR,WR26,67.1
2016,70,Eric Decker,NYJ,WR,WR27,70.5
2016,71,Allen Hurns,JAX,WR,WR28,71.5
2016,72,Tyrod Taylor,BUF,QB,QB18,73.5
2016,73,Frank Gore,IND,RB,RB24,73.8
2016,74,Tyler Eifert,CIN,TE,TE4,74.0
2016,75,Larry Fitzgerald,ARI,WR,WR29,76.2
2016,76,Matt Ryan,ATL,QB,QB19,76.6
2016,77,Jay Ajayi,MIA,RB,RB25,76.6
2016,78,Melvin Gordon III,LAC,RB,RB26,76.7
2016,79,Travis Kelce,KC,TE,TE5,76.9
2016,80,Chris Ivory,JAX,RB,RB27,76.9
2016,81,Emmanuel Sanders,DEN,WR,WR30,77.1
2016,82,Ameer Abdullah,DET,RB,RB28,77.5
2016,83,Jordan Matthews,PHI,WR,WR31,79.5
2016,84,Duke Johnson,CLE,RB,RB29,81.0
2016,85,Delanie Walker,TEN,TE,TE6,82.5
2016,86,Giovani Bernard,CIN,RB,RB30,83.4
2016,87,Marcus Mariota,TEN,QB,QB20,84.1
2016,88,Coby Fleener,NO,TE,TE7,84.5
2016,89,Danny Woodhead,LAC,RB,RB31,87.1
2016,90,Tyler Lockett,SEA,WR,WR32,87.9
2016,91,DeVante Parker,MIA,WR,WR34,88.3
2016,92,John Brown,ARI,WR,WR33,88.3
2016,93,Arian Foster,MIA,RB,RB32,89.5
2016,94,Justin Forsett,BAL,RB,RB33,90.9
2016,95,Ryan Tannehill,MIA,QB,QB21,91.7
2016,96,Rashad Jennings,NYG,RB,RB34,93.9
2016,97,Kevin White,CHI,WR,WR35,94.1
2016,98,DeSean Jackson,WAS,WR,WR36,94.6
2016,99,Marvin Jones Jr.,DET,WR,WR37,97.3
2016,100,Michael Crabtree,LV,WR,WR38,98.9
2017,1,David Johnson,ARI,RB,RB1,1.3
2017,2,Le'Veon Bell,PIT,RB,RB2,2.4
2017,3,Aaron Rodgers,GB,QB,QB1,3.1
2017,4,Antonio Brown,PIT,WR,WR1,4.0
2017,5,Tom Brady,NE,QB,QB2,5.0
2017,6,Julio Jones,ATL,WR,WR2,6.0
2017,7,LeSean McCoy,BUF,RB,RB3,7.4
2017,8,Drew Brees,NO,QB,QB3,7.7
2017,9,Odell Beckham Jr.,NYG,WR,WR3,8.3
2017,10,Mike Evans,TB,WR,WR4,9.9
2017,11,Melvin Gordon III,LAC,RB,RB4,10.9
2017,12,A.J. Green,CIN,WR,WR5,12.2
2017,13,Devonta Freeman,ATL,RB,RB5,12.3
2017,14,Jordy Nelson,GB,WR,WR6,14.0
2017,15,Matt Ryan,ATL,QB,QB4,14.4
2017,16,Jay Ajayi,MIA,RB,RB6,16.0
2017,17,Russell Wilson,SEA,QB,QB5,17.0
2017,18,Michael Thomas,NO,WR,WR7,17.8
2017,19,DeMarco Murray,TEN,RB,RB7,17.9
2017,20,Ezekiel Elliott,DAL,RB,RB8,18.1
2017,21,Jordan Howard,CHI,RB,RB9,19.9
2017,22,Rob Gronkowski,NE,TE,TE1,22.2
2017,23,Todd Gurley II,LAR,RB,RB10,22.6
2017,24,Dez Bryant,DAL,WR,WR8,23.0
2017,25,Derek Carr,LV,QB,QB6,24.1
2017,26,Amari Cooper,LV,WR,WR9,24.3
2017,27,Kirk Cousins,WAS,QB,QB7,27.1
2017,28,Marcus Mariota,TEN,QB,QB8,27.5
2017,29,Leonard Fournette,JAX,RB,RB11,28.6
2017,30,Brandin Cooks,NE,WR,WR10,28.7
2017,31,Doug Baldwin,SEA,WR,WR11,28.9
2017,32,Andrew Luck,IND,QB,QB9,29.6
2017,33,Christian McCaffrey,CAR,RB,RB12,31.6
2017,34,Cam Newton,CAR,QB,QB10,31.6
2017,35,T.Y. Hilton,IND,WR,WR12,33.2
2017,36,Jameis Winston,TB,QB,QB11,33.8
2017,37,Isaiah Crowell,CLE,RB,RB13,36.2
2017,38,Lamar Miller,HOU,RB,RB14,36.8
2017,39,Ben Roethlisberger,PIT,QB,QB12,37.7
2017,40,Keenan Allen,LAC,WR,WR13,38.0
2017,41,Dalvin Cook,MIN,RB,RB15,39.4
2017,42,Terrelle Pryor,WAS,WR,WR14,40.2
2017,43,Matthew Stafford,DET,QB,QB13,42.2
2017,44,DeAndre Hopkins,HOU,WR,WR15,42.5
2017,45,Philip Rivers,LAC,QB,QB14,43.7
2017,46,Marshawn Lynch,LV,RB,RB16,43.9
2017,47,Dak Prescott,DAL,QB,QB15,44.8
2017,48,Travis Kelce,KC,TE,TE2,44.9
2017,49,Demaryius Thomas,DEN,WR,WR16,45.0
2017,50,Carlos Hyde,SF,RB,RB17,47.4
2017,51,Alshon Jeffery,PHI,WR,WR17,48.6
2017,52,Ty Montgomery II,GB,RB,RB18,51.1
2017,53,Davante Adams,GB,WR,WR18,52.6
2017,54,Tyreek Hill,KC,WR,WR19,54.1
2017,55,Andy Dalton,CIN,QB,QB16,54.2
2017,56,Eli Manning,NYG,QB,QB17,55.7
2017,57,Michael Crabtree,LV,WR,WR20,56.9
2017,58,Jordan Reed,WAS,TE,TE3,57.1
2017,59,CJ Anderson,DEN,RB,RB19,57.6
2017,60,Martavis Bryant,PIT,WR,WR21,59.8
2017,61,Greg Olsen,CAR,TE,TE4,60.9
2017,62,Joe Mixon,CIN,RB,RB20,61.2
2017,63,Kelvin Benjamin,CAR,WR,WR22,61.3
2017,64,Carson Wentz,PHI,QB,QB18,62.0
2017,65,Doug Martin,TB,RB,RB21,62.1
2017,66,Spencer Ware,KC,RB,RB22,64.6
2017,67,Jimmy Graham,SEA,TE,TE5,65.7
2017,68,Allen Robinson II,JAX,WR,WR23,65.9
2017,69,Kareem Hunt,KC,RB,RB23,67.2
2017,70,Larry Fitzgerald,ARI,WR,WR24,68.9
2017,71,Carson Palmer,ARI,QB,QB19,70.0
2017,72,Mark Ingram II,NO,RB,RB24,70.4
2017,73,Jarvis Landry,MIA,WR,WR25,70.9
2017,74,Tyrod Taylor,BUF,QB,QB20,71.8
2017,75,Bilal Powell,NYJ,RB,RB25,72.2
2017,76,Adrian Peterson,NO,RB,RB26,74.6
2017,77,Golden Tate,DET,WR,WR26,75.4
2017,78,Ameer Abdullah,DET,RB,RB27,75.9
2017,79,Sammy Watkins,LAR,WR,WR27,75.9
2017,80,Tyler Eifert,CIN,TE,TE6,76.0
2017,81,Danny Woodhead,BAL,RB,RB28,77.9
2017,82,Julian Edelman,NE,WR,WR28,78.7
2017,83,Jamison Crowder,WAS,WR,WR29,81.2
2017,84,Mike Gillislee,NE,RB,RB29,81.8
2017,85,LeGarrette Blount,PHI,RB,RB30,81.8
2017,86,Stefon Diggs,MIN,WR,WR31,82.0
2017,87,Brandon Marshall,NYG,WR,WR30,82.0
2017,88,DeVante Parker,MIA,WR,WR32,85.1
2017,89,Tevin Coleman,ATL,RB,RB31,87.2
2017,90,Joe Flacco,BAL,QB,QB21,87.6
2017,91,Delanie Walker,TEN,TE,TE7,88.1
2017,92,Willie Snead IV,NO,WR,WR33,88.6
2017,93,Sam Bradford,MIN,QB,QB22,89.1
2017,94,Kyle Rudolph,MIN,TE,TE8,92.6
2017,95,Derrick Henry,TEN,RB,RB33,92.7
2017,96,Rob Kelley,WAS,RB,RB32,92.7
2017,97,Emmanuel Sanders,DEN,WR,WR34,92.8
2017,98,Jay Cutler,MIA,QB,QB23,92.8
2017,99,Frank Gore,IND,RB,RB34,93.4
2017,100,Darren McFadden,DAL,RB,RB35,93.7
2018,1,Todd Gurley II,LAR,RB,RB1,1.5
2018,2,Le'Veon Bell,PIT,RB,RB2,2.4
2018,3,David Johnson,ARI,RB,RB3,3.2
2018,4,Ezekiel Elliott,DAL,RB,RB4,4.1
2018,5,Antonio Brown,PIT,WR,WR1,5.4
2018,6,Saquon Barkley,NYG,RB,RB5,6.4
2018,7,Aaron Rodgers,GB,QB,QB1,6.7
2018,8,Alvin Kamara,NO,RB,RB6,6.7
2018,9,Leonard Fournette,JAX,RB,RB7,9.0
2018,10,Melvin Gordon III,LAC,RB,RB8,9.4
2018,11,DeAndre Hopkins,HOU,WR,WR2,10.9
2018,12,Kareem Hunt,KC,RB,RB9,12.0
2018,13,Odell Beckham Jr.,NYG,WR,WR3,12.6
2018,14,Christian McCaffrey,CAR,RB,RB10,14.6
2018,15,Dalvin Cook,MIN,RB,RB11,15.0
2018,16,Deshaun Watson,HOU,QB,QB2,16.2
2018,17,Julio Jones,ATL,WR,WR4,16.3
2018,18,Russell Wilson,SEA,QB,QB3,18.4
2018,19,Michael Thomas,NO,WR,WR5,19.7
2018,20,Tom Brady,NE,QB,QB4,19.9
2018,21,Keenan Allen,LAC,WR,WR6,20.2
2018,22,Devonta Freeman,ATL,RB,RB12,20.7
2018,23,Davante Adams,GB,WR,WR7,22.6
2018,24,Jordan Howard,CHI,RB,RB13,22.7
2018,25,A.J. Green,CIN,WR,WR8,25.2
2018,26,Cam Newton,CAR,QB,QB5,25.7
2018,27,Drew Brees,NO,QB,QB6,26.4
2018,28,Rob Gronkowski,NE,TE,TE1,26.7
2018,29,Joe Mixon,CIN,RB,RB14,28.2
2018,30,Mike Evans,TB,WR,WR9,29.8
2018,31,T.Y. Hilton,IND,WR,WR10,31.5
2018,32,Stefon Diggs,MIN,WR,WR11,32.7
2018,33,LeSean McCoy,BUF,RB,RB15,32.9
2018,34,Tyreek Hill,KC,WR,WR12,34.4
2018,35,Carson Wentz,PHI,QB,QB7,35.1
2018,36,Kirk Cousins,MIN,QB,QB8,35.3
2018,37,Andrew Luck,IND,QB,QB9,36.9
2018,38,Travis Kelce,KC,TE,TE2,37.5
2018,39,Derrick Henry,TEN,RB,RB16,38.6
2018,40,Jimmy Garoppolo,SF,QB,QB10,40.7
2018,41,Doug Baldwin,SEA,WR,WR13,41.3
2018,42,Matthew Stafford,DET,QB,QB11,41.5
2018,43,Alex Collins,BAL,RB,RB17,43.4
2018,44,Amari Cooper,LV,WR,WR14,43.6
2018,45,Adam Thielen,MIN,WR,WR15,44.3
2018,46,Kenyan Drake,MIA,RB,RB18,45.4
2018,47,Philip Rivers,LAC,QB,QB12,46.0
2018,48,Matt Ryan,ATL,QB,QB13,47.9
2018,49,Larry Fitzgerald,ARI,WR,WR16,48.8
2018,50,Royce Freeman,DEN,RB,RB19,48.9
2018,51,Lamar Miller,HOU,RB,RB20,50.1
2018,52,Ben Roethlisberger,PIT,QB,QB14,51.2
2018,53,JuJu Smith-Schuster,PIT,WR,WR17,52.6
2018,54,Zach Ertz,PHI,TE,TE3,53.9
2018,55,Mark Ingram II,NO,RB,RB21,54.1
2018,56,Josh Gordon,CLE,WR,WR18,55.0
2018,57,Jared Goff,LAR,QB,QB15,55.1
2018,58,Patrick Mahomes,KC,QB,QB16,57.2
2018,59,Jarvis Landry,CLE,WR,WR19,58.6
2018,60,Jay Ajayi,PHI,RB,RB22,58.9
2018,61,Marcus Mariota,TEN,QB,QB17,62.4
2018,62,Jimmy Graham,GB,TE,TE4,62.5
2018,63,Brandin Cooks,LAR,WR,WR20,63.1
2018,64,Alex Smith,WAS,QB,QB18,64.0
2018,65,Demaryius Thomas,DEN,WR,WR21,64.4
2018,66,Chris Hogan,NE,WR,WR22,65.2
2018,67,Allen Robinson II,CHI,WR,WR23,67.5
2018,68,Derek Carr,LV,QB,QB19,68.3
2018,69,Dion Lewis,TEN,RB,RB23,69.1
2018,70,Golden Tate,DET,WR,WR24,69.5
2018,71,Greg Olsen,CAR,TE,TE5,70.5
2018,72,Dak Prescott,DAL,QB,QB20,71.1
2018,73,Rashaad Penny,SEA,RB,RB24,74.1
2018,74,Marshawn Lynch,LV,RB,RB25,74.7
2018,75,Marvin Jones Jr.,DET,WR,WR25,74.9
2018,76,Marquise Goodwin,SF,WR,WR26,75.3
2018,77,Julian Edelman,NE,WR,WR27,76.5
2018,78,Rex Burkhead,NE,RB,RB26,76.9
2018,79,Evan Engram,NYG,TE,TE6,77.2
2018,80,Corey Davis,TEN,WR,WR28,77.7
2018,81,Carlos Hyde,JAX,RB,RB27,80.8
2018,82,Kerryon Johnson,DET,RB,RB28,81.4
2018,83,Jameis Winston,TB,QB,QB21,81.7
2018,84,Alshon Jeffery,PHI,WR,WR29,83.6
2018,85,Eli Manning,NYG,QB,QB22,84.5
2018,86,Kyle Rudolph,MIN,TE,TE7,86.8
2018,87,Mitchell Trubisky,CHI,QB,QB23,87.7
2018,88,Michael Crabtree,BAL,WR,WR30,88.3
2018,89,Delanie Walker,TEN,TE,TE8,90.1
2018,90,Sony Michel,NE,RB,RB29,90.5
2018,91,Ronald Jones,TB,RB,RB30,90.8
2018,92,Emmanuel Sanders,DEN,WR,WR31,91.4
2018,93,William Fuller V,HOU,WR,WR32,91.7
2018,94,Trey Burton,CHI,TE,TE9,92.8
2018,95,Marlon Mack,IND,RB,RB31,93.1
2018,96,Tarik Cohen,CHI,RB,RB32,93.9
2018,97,Sammy Watkins,KC,WR,WR33,94.2
2018,98,Case Keenum,DEN,QB,QB24,95.6
2018,99,Jamaal Williams,GB,RB,RB33,96.1
2018,100,Jordan Reed,WAS,TE,TE10,97.2
2019,1,Saquon Barkley,NYG,RB,RB1,1.5
2019,2,Alvin Kamara,NO,RB,RB2,2.9
2019,3,Patrick Mahomes,KC,QB,QB1,3.0
2019,4,Christian McCaffrey,CAR,RB,RB3,3.1
2019,5,Ezekiel Elliott,DAL,RB,RB4,5.3
2019,6,DeAndre Hopkins,HOU,WR,WR1,6.4
2019,7,David Johnson,ARI,RB,RB5,7.3
2019,8,Davante Adams,GB,WR,WR2,8.7
2019,9,Le'Veon Bell,NYJ,RB,RB6,9.2
2019,10,Julio Jones,ATL,WR,WR3,10.2
2019,11,James Conner,PIT,RB,RB7,10.9
2019,12,Michael Thomas,NO,WR,WR4,11.7
2019,13,Nick Chubb,CLE,RB,RB8,13.1
2019,14,Deshaun Watson,HOU,QB,QB2,13.6
2019,15,Odell Beckham Jr.,CLE,WR,WR5,14.1
2019,16,JuJu Smith-Schuster,PIT,WR,WR6,15.8
2019,17,Tyreek Hill,KC,WR,WR7,17.2
2019,18,Todd Gurley II,LAR,RB,RB9,17.6
2019,19,Dalvin Cook,MIN,RB,RB10,18.5
2019,20,Travis Kelce,KC,TE,TE1,19.4
2019,21,Joe Mixon,CIN,RB,RB11,19.8
2019,22,Aaron Rodgers,GB,QB,QB3,19.9
2019,23,Mike Evans,TB,WR,WR8,22.5
2019,24,Antonio Brown,LV,WR,WR9,24.3
2019,25,Baker Mayfield,CLE,QB,QB4,24.7
2019,26,Damien Williams,KC,RB,RB12,25.7
2019,27,Leonard Fournette,JAX,RB,RB13,26.6
2019,28,Adam Thielen,MIN,WR,WR10,27.9
2019,29,Matt Ryan,ATL,QB,QB5,29.4
2019,30,Keenan Allen,LAC,WR,WR11,29.6
2019,31,Kerryon Johnson,DET,RB,RB14,30.2
2019,32,Aaron Jones Sr.,GB,RB,RB15,32.7
2019,33,Andrew Luck,IND,QB,QB6,33.2
2019,34,Carson Wentz,PHI,QB,QB7,33.4
2019,35,George Kittle,SF,TE,TE2,33.9
2019,36,Melvin Gordon III,LAC,RB,RB16,34.0
2019,37,Devonta Freeman,ATL,RB,RB17,34.1
2019,38,Josh Jacobs,LV,RB,RB18,36.8
2019,39,Chris Carson,SEA,RB,RB19,39.1
2019,40,Zach Ertz,PHI,TE,TE3,39.6
2019,41,Cam Newton,CAR,QB,QB8,39.6
2019,42,Amari Cooper,DAL,WR,WR12,40.4
2019,43,Marlon Mack,IND,RB,RB20,41.8
2019,44,Stefon Diggs,MIN,WR,WR13,42.3
2019,45,Drew Brees,NO,QB,QB9,42.5
2019,46,T.Y. Hilton,IND,WR,WR14,43.7
2019,47,Julian Edelman,NE,WR,WR15,44.7
2019,48,David Montgomery,CHI,RB,RB21,44.8
2019,49,Russell Wilson,SEA,QB,QB10,45.9
2019,50,Jared Goff,LAR,QB,QB11,46.4
2019,51,Brandin Cooks,LAR,WR,WR16,49.0
2019,52,Derrick Henry,TEN,RB,RB22,50.3
2019,53,Kyler Murray,ARI,QB,QB12,51.5
2019,54,Jameis Winston,TB,QB,QB13,52.3
2019,55,Robert Woods,LAR,WR,WR17,52.7
2019,56,Mark Ingram II,BAL,RB,RB23,54.3
2019,57,Chris Godwin Jr.,TB,WR,WR18,54.9
2019,58,Sony Michel,NE,RB,RB24,56.3
2019,59,Ben Roethlisberger,PIT,QB,QB14,57.1
2019,60,Kenny Golladay,DET,WR,WR19,57.4
2019,61,Lamar Jackson,BAL,QB,QB15,58.1
2019,62,Phillip Lindsay,DEN,RB,RB25,59.7
2019,63,Philip Rivers,LAC,QB,QB16,62.0
2019,64,O.J. Howard,TB,TE,TE4,63.0
2019,65,Tyler Lockett,SEA,WR,WR20,63.5
2019,66,Cooper Kupp,LAR,WR,WR21,63.5
2019,67,Dak Prescott,DAL,QB,QB17,65.8
2019,68,A.J. Green,CIN,WR,WR22,65.8
2019,69,Tom Brady,NE,QB,QB18,67.3
2019,70,James White,NE,RB,RB26,69.4
2019,71,Evan Engram,NYG,TE,TE5,70.1
2019,72,Calvin Ridley,ATL,WR,WR23,70.3
2019,73,Mitchell Trubisky,CHI,QB,QB19,71.4
2019,74,Kirk Cousins,MIN,QB,QB20,72.4
2019,75,Tevin Coleman,SF,RB,RB27,72.8
2019,76,Hunter Henry,LAC,TE,TE6,75.0
2019,77,Tyler Boyd,CIN,WR,WR24,75.2
2019,78,DJ Moore,CAR,WR,WR25,75.4
2019,79,Mike Williams,LAC,WR,WR26,78.3
2019,80,Miles Sanders,PHI,RB,RB28,78.7
2019,81,Jarvis Landry,CLE,WR,WR27,80.7
2019,82,Jimmy Garoppolo,SF,QB,QB21,81.7
2019,83,Josh Allen,BUF,QB,QB22,81.9
2019,84,Tarik Cohen,CHI,RB,RB29,81.9
2019,85,Alshon Jeffery,PHI,WR,WR28,83.2
2019,86,Derrius Guice,WAS,RB,RB30,85.4
2019,87,Lamar Miller,HOU,RB,RB31,85.6
2019,88,Jared Cook,NO,TE,TE7,86.1
2019,89,Robbie Chosen,NYJ,WR,WR29,87.4
2019,90,Kenyan Drake,MIA,RB,RB32,87.5
2019,91,Allen Robinson II,CHI,WR,WR30,88.9
2019,92,Austin Ekeler,LAC,RB,RB33,89.9
2019,93,Matthew Stafford,DET,QB,QB23,91.5
2019,94,Latavius Murray,NO,RB,RB34,91.9
2019,95,Vance McDonald,PIT,TE,TE8,93.6
2019,96,Christian Kirk,ARI,WR,WR31,93.7
2019,97,Sam Darnold,NYJ,QB,QB24,93.8
2019,98,Derek Carr,LV,QB,QB25,94.1
2019,99,William Fuller V,HOU,WR,WR32,94.6
2019,100,Dede Westbrook,JAX,WR,WR33,99.5
2020,1,Christian McCaffrey,CAR,RB,RB1,1.4
2020,2,Patrick Mahomes,KC,QB,QB1,2.2
2020,3,Saquon Barkley,NYG,RB,RB2,3.9
2020,4,Lamar Jackson,BAL,QB,QB2,4.0
2020,5,Ezekiel Elliott,DAL,RB,RB3,5.0
2020,6,Alvin Kamara,NO,RB,RB4,5.9
2020,7,Michael Thomas,NO,WR,WR1,7.9
2020,8,Dalvin Cook,MIN,RB,RB5,7.9
2020,9,Derrick Henry,TEN,RB,RB6,9.6
2020,10,Josh Jacobs,LV,RB,RB7,11.1
2020,11,Russell Wilson,SEA,QB,QB3,11.9
2020,12,Dak Prescott,DAL,QB,QB4,13.7
2020,13,Davante Adams,GB,WR,WR2,14.7
2020,14,Kyler Murray,ARI,QB,QB5,14.7
2020,15,Nick Chubb,CLE,RB,RB8,15.2
2020,16,Joe Mixon,CIN,RB,RB9,16.3
2020,17,Clyde Edwards-Helaire,KC,RB,RB10,16.6
2020,18,Julio Jones,ATL,WR,WR3,17.3
2020,19,Austin Ekeler,LAC,RB,RB11,17.8
2020,20,Deshaun Watson,HOU,QB,QB6,20.0
2020,21,Tyreek Hill,KC,WR,WR4,20.0
2020,22,Aaron Jones Sr.,GB,RB,RB12,21.4
2020,23,Miles Sanders,PHI,RB,RB13,21.5
2020,24,DeAndre Hopkins,ARI,WR,WR5,23.7
2020,25,Travis Kelce,KC,TE,TE1,24.2
2020,26,Chris Godwin Jr.,TB,WR,WR6,26.1
2020,27,Kenyan Drake,ARI,RB,RB14,26.7
2020,28,George Kittle,SF,TE,TE2,27.5
2020,29,Drew Brees,NO,QB,QB7,28.9
2020,30,Mike Evans,TB,WR,WR7,29.9
2020,31,Kenny Golladay,DET,WR,WR8,30.5
2020,32,Aaron Rodgers,GB,QB,QB8,31.0
2020,33,Chris Carson,SEA,RB,RB15,32.6
2020,34,Adam Thielen,MIN,WR,WR9,33.7
2020,35,Josh Allen,BUF,QB,QB9,33.9
2020,36,Matt Ryan,ATL,QB,QB10,34.9
2020,37,Leonard Fournette,TB,RB,RB16,35.1
2020,38,Odell Beckham Jr.,CLE,WR,WR10,37.5
2020,39,Melvin Gordon III,DEN,RB,RB17,38.5
2020,40,Le'Veon Bell,NYJ,RB,RB18,39.6
2020,41,Carson Wentz,PHI,QB,QB11,40.2
2020,42,Cooper Kupp,LAR,WR,WR11,41.4
2020,43,Allen Robinson II,CHI,WR,WR12,41.7
2020,44,Calvin Ridley,ATL,WR,WR13,43.6
2020,45,David Johnson,HOU,RB,RB19,44.0
2020,46,Amari Cooper,DAL,WR,WR14,44.1
2020,47,Tom Brady,TB,QB,QB12,44.7
2020,48,James Conner,PIT,RB,RB20,45.9
2020,49,DJ Moore,CAR,WR,WR15,46.4
2020,50,Todd Gurley II,ATL,RB,RB21,48.6
2020,51,Robert Woods,LAR,WR,WR16,50.1
2020,52,Matthew Stafford,DET,QB,QB13,51.2
2020,53,Devin Singletary,BUF,RB,RB22,51.7
2020,54,Tyler Lockett,SEA,WR,WR17,52.1
2020,55,Courtland Sutton,DEN,WR,WR18,53.9
2020,56,Daniel Jones,NYG,QB,QB14,54.0
2020,57,Mark Andrews,BAL,TE,TE3,54.7
2020,58,DK Metcalf,SEA,WR,WR19,55.0
2020,59,A.J. Brown,TEN,WR,WR20,57.3
2020,60,T.Y. Hilton,IND,WR,WR21,57.8
2020,61,Zach Ertz,PHI,TE,TE4,59.3
2020,62,Baker Mayfield,CLE,QB,QB15,61.1
2020,63,David Montgomery,CHI,RB,RB23,62.4
2020,64,Stefon Diggs,BUF,WR,WR22,62.5
2020,65,Keenan Allen,LAC,WR,WR23,63.2
2020,66,Mark Ingram II,BAL,RB,RB24,64.3
2020,67,DJ Chark,JAX,WR,WR24,65.1
2020,68,Jared Goff,LAR,QB,QB16,65.7
2020,69,Jonathan Taylor,IND,RB,RB25,67.3
2020,70,Darren Waller,LV,TE,TE5,67.3
2020,71,Jimmy Garoppolo,SF,QB,QB17,68.6
2020,72,Terry McLaurin,WAS,WR,WR25,68.8
2020,73,Kareem Hunt,CLE,RB,RB26,70.9
2020,74,JuJu Smith-Schuster,PIT,WR,WR26,72.2
2020,75,A.J. Green,CIN,WR,WR27,74.1
2020,76,Michael Gallup,DAL,WR,WR28,74.5
2020,77,Kerryon Johnson,DET,RB,RB27,74.6
2020,78,Philip Rivers,IND,QB,QB18,75.0
2020,79,Ronald Jones,TB,RB,RB28,75.5
2020,80,Kirk Cousins,MIN,QB,QB19,79.6
2020,81,Jarvis Landry,CLE,WR,WR29,80.9
2020,82,Evan Engram,NYG,TE,TE6,82.8
2020,83,Hollywood Brown,BAL,WR,WR30,83.6
2020,84,Marlon Mack,IND,RB,RB29,83.8
2020,85,Raheem Mostert,SF,RB,RB30,83.9
2020,86,Tyler Boyd,CIN,WR,WR31,84.1
2020,87,William Fuller V,HOU,WR,WR32,84.3
2020,88,J.K. Dobbins,BAL,RB,RB31,87.0
2020,89,Ryan Tannehill,TEN,QB,QB20,87.4
2020,90,Ben Roethlisberger,PIT,QB,QB21,88.1
2020,91,Rob Gronkowski,TB,TE,TE7,88.2
2020,92,DeVante Parker,MIA,WR,WR33,89.5
2020,93,Drew Lock,DEN,QB,QB22,89.7
2020,94,Brandin Cooks,HOU,WR,WR34,91.3
2020,95,Gardner Minshew II,JAX,QB,QB23,92.2
2020,96,Phillip Lindsay,DEN,RB,RB32,94.0
2020,97,Julian Edelman,NE,WR,WR35,95.5
2020,98,Matt Breida,MIA,RB,RB33,97.6
2020,99,Hunter Henry,LAC,TE,TE8,98.3
2020,100,Deebo Samuel Sr.,SF,WR,WR36,99.4
2021,1,Christian McCaffrey,CAR,RB,RB1,1.4
2021,2,Patrick Mahomes,KC,QB,QB1,2.3
2021,3,Dalvin Cook,MIN,RB,RB2,3.3
2021,4,Alvin Kamara,NO,RB,RB3,4.4
2021,5,Josh Allen,BUF,QB,QB2,4.5
2021,6,Derrick Henry,TEN,RB,RB4,5.6
2021,7,Kyler Murray,ARI,QB,QB3,6.3
2021,8,Ezekiel Elliott,DAL,RB,RB5,8.3
2021,9,Davante Adams,GB,WR,WR1,8.8
2021,10,Lamar Jackson,BAL,QB,QB4,9.8
2021,11,Travis Kelce,KC,TE,TE1,10.4
2021,12,Aaron Jones Sr.,GB,RB,RB6,11.4
2021,13,Nick Chubb,CLE,RB,RB7,12.9
2021,14,Aaron Rodgers,GB,QB,QB5,12.9
2021,15,Tyreek Hill,KC,WR,WR2,15.2
2021,16,Austin Ekeler,LAC,RB,RB8,15.3
2021,17,Dak Prescott,DAL,QB,QB6,15.7
2021,18,Russell Wilson,SEA,QB,QB7,17.1
2021,19,Jonathan Taylor,IND,RB,RB9,17.6
2021,20,Saquon Barkley,NYG,RB,RB10,17.9
2021,21,Najee Harris,PIT,RB,RB11,19.4
2021,22,Stefon Diggs,BUF,WR,WR3,21.2
2021,23,Justin Herbert,LAC,QB,QB8,21.6
2021,24,Antonio Gibson,WAS,RB,RB12,23.2
2021,25,DeAndre Hopkins,ARI,WR,WR4,24.8
2021,26,Tom Brady,TB,QB,QB9,25.2
2021,27,Calvin Ridley,ATL,WR,WR5,26.4
2021,28,DK Metcalf,SEA,WR,WR6,27.0
2021,29,Darren Waller,LV,TE,TE2,27.3
2021,30,Clyde Edwards-Helaire,KC,RB,RB13,27.6
2021,31,Joe Mixon,CIN,RB,RB14,29.8
2021,32,Matthew Stafford,LAR,QB,QB10,30.8
2021,33,Justin Jefferson,MIN,WR,WR7,31.6
2021,34,Ryan Tannehill,TEN,QB,QB11,33.0
2021,35,A.J. Brown,TEN,WR,WR8,33.9
2021,36,David Montgomery,CHI,RB,RB15,34.4
2021,37,George Kittle,SF,TE,TE3,36.3
2021,38,Jalen Hurts,PHI,QB,QB12,36.8
2021,39,Keenan Allen,LAC,WR,WR9,37.1
2021,40,Chris Carson,SEA,RB,RB16,37.2
2021,41,CeeDee Lamb,DAL,WR,WR10,39.1
2021,42,Terry McLaurin,WAS,WR,WR11,40.7
2021,43,James Robinson,JAX,RB,RB17,41.1
2021,44,Josh Jacobs,LV,RB,RB18,43.0
2021,45,Joe Burrow,CIN,QB,QB13,43.9
2021,46,Allen Robinson II,CHI,WR,WR12,44.3
2021,47,Kyle Pitts Sr.,ATL,TE,TE4,46.3
2021,48,D'Andre Swift,DET,RB,RB19,47.1
2021,49,Mike Evans,TB,WR,WR13,47.3
2021,50,Matt Ryan,ATL,QB,QB14,48.6
2021,51,Robert Woods,LAR,WR,WR14,49.6
2021,52,Miles Sanders,PHI,RB,RB20,50.0
2021,53,Trevor Lawrence,JAX,QB,QB15,51.0
2021,54,Myles Gaskin,MIA,RB,RB21,52.0
2021,55,Amari Cooper,DAL,WR,WR15,52.7
2021,56,Darrell Henderson Jr.,LAR,RB,RB22,54.0
2021,57,Chris Godwin Jr.,TB,WR,WR16,55.7
2021,58,Baker Mayfield,CLE,QB,QB16,55.7
2021,59,Julio Jones,TEN,WR,WR17,57.7
2021,60,Mark Andrews,BAL,TE,TE5,57.7
2021,61,Mike Davis,ATL,RB,RB23,58.2
2021,62,Cooper Kupp,LAR,WR,WR18,60.0
2021,63,Diontae Johnson,PIT,WR,WR19,60.7
2021,64,T.J. Hockenson,DET,TE,TE6,60.8
2021,65,Kirk Cousins,MIN,QB,QB17,62.2
2021,66,Tyler Lockett,SEA,WR,WR20,63.7
2021,67,Javonte Williams,DEN,RB,RB24,64.4
2021,68,Damien Harris,NE,RB,RB25,65.6
2021,69,Tua Tagovailoa,MIA,QB,QB18,66.8
2021,70,Raheem Mostert,SF,RB,RB26,66.9
2021,71,Kareem Hunt,CLE,RB,RB27,67.1
2021,72,Gus Edwards,BAL,RB,RB28,68.5
2021,73,Adam Thielen,MIN,WR,WR21,68.5
2021,74,Justin Fields,CHI,QB,QB19,71.0
2021,75,Ben Roethlisberger,PIT,QB,QB20,71.9
2021,76,Brandon Aiyuk,SF,WR,WR22,72.1
2021,77,Logan Thomas,WAS,TE,TE7,75.6
2021,78,DJ Moore,CAR,WR,WR23,75.6
2021,79,Ryan Fitzpatrick,WAS,QB,QB21,75.7
2021,80,Trey Lance,SF,QB,QB22,77.1
2021,81,Michael Thomas,NO,WR,WR24,78.3
2021,82,Tee Higgins,CIN,WR,WR25,78.6
2021,83,Chase Edmonds,ARI,RB,RB29,79.4
2021,84,Jerry Jeudy,DEN,WR,WR26,82.0
2021,85,Trey Sermon,SF,RB,RB30,82.5
2021,86,Jameis Winston,NO,QB,QB23,83.9
2021,87,Odell Beckham Jr.,CLE,WR,WR27,84.1
2021,88,Chase Claypool,PIT,WR,WR28,85.1
2021,89,Antonio Brown,TB,WR,WR29,87.9
2021,90,Noah Fant,DEN,TE,TE8,88.2
2021,91,Melvin Gordon III,DEN,RB,RB31,88.7
2021,92,Derek Carr,LV,QB,QB24,89.4
2021,93,Robert Tonyan,GB,TE,TE9,91.9
2021,94,Michael Carter,NYJ,RB,RB32,92.0
2021,95,Ronald Jones,TB,RB,RB33,92.8
2021,96,DeVonta Smith,PHI,WR,WR30,94.1
2021,97,Ja'Marr Chase,CIN,WR,WR31,94.9
2021,98,Deshaun Watson,HOU,QB,QB25,95.1
2021,99,AJ Dillon,GB,RB,RB34,95.7
2021,100,Kenny Golladay,NYG,WR,WR32,95.8
2022,1,Josh Allen,BUF,QB,QB1,1.4
2022,2,Jonathan Taylor,IND,RB,RB1,2.2
2022,3,Justin Herbert,LAC,QB,QB2,2.5
2022,4,Blaine Gabbert,TB,QB,QB3,2.7
2022,5,Christian McCaffrey,CAR,RB,RB2,4.2
2022,6,Patrick Mahomes,KC,QB,QB4,4.4
2022,7,Austin Ekeler,LAC,RB,RB3,6.4
2022,8,Derrick Henry,TEN,RB,RB4,7.3
2022,9,Justin Jefferson,MIN,WR,WR1,7.8
2022,10,Lamar Jackson,BAL,QB,QB5,8.1
2022,11,Cooper Kupp,LAR,WR,WR2,9.6
2022,12,Najee Harris,PIT,RB,RB5,11.3
2022,13,Dalvin Cook,MIN,RB,RB6,11.4
2022,14,Joe Burrow,CIN,QB,QB6,12.4
2022,15,Kyler Murray,ARI,QB,QB7,13.4
2022,16,Jalen Hurts,PHI,QB,QB8,13.8
2022,17,Ja'Marr Chase,CIN,WR,WR3,14.1
2022,18,Joe Mixon,CIN,RB,RB7,15.8
2022,19,Russell Wilson,DEN,QB,QB9,18.1
2022,20,D'Andre Swift,DET,RB,RB8,18.7
2022,21,Davante Adams,LV,WR,WR4,19.8
2022,22,Alvin Kamara,NO,RB,RB9,20.0
2022,23,Stefon Diggs,BUF,WR,WR5,20.6
2022,24,Travis Kelce,KC,TE,TE1,22.4
2022,25,Aaron Jones Sr.,GB,RB,RB10,23.9
2022,26,Tom Brady,TB,QB,QB10,24.3
2022,27,Nick Chubb,CLE,RB,RB11,25.3
2022,28,CeeDee Lamb,DAL,WR,WR6,25.7
2022,29,Matthew Stafford,LAR,QB,QB11,26.5
2022,30,Saquon Barkley,NYG,RB,RB12,26.6
2022,31,Dak Prescott,DAL,QB,QB12,28.3
2022,32,Deebo Samuel Sr.,SF,WR,WR7,29.7
2022,33,Trey Lance,SF,QB,QB13,30.7
2022,34,Aaron Rodgers,GB,QB,QB14,31.9
2022,35,Leonard Fournette,TB,RB,RB13,32.8
2022,36,Javonte Williams,DEN,RB,RB14,33.1
2022,37,Mark Andrews,BAL,TE,TE2,33.8
2022,38,Tyreek Hill,MIA,WR,WR8,35.6
2022,39,Derek Carr,LV,QB,QB15,36.3
2022,40,Mike Evans,TB,WR,WR9,38.8
2022,41,Kirk Cousins,MIN,QB,QB16,39.5
2022,42,Ezekiel Elliott,DAL,RB,RB15,39.7
2022,43,James Conner,ARI,RB,RB16,41.0
2022,44,Keenan Allen,LAC,WR,WR10,41.9
2022,45,Michael Pittman Jr.,IND,WR,WR11,42.1
2022,46,Kyle Pitts Sr.,ATL,TE,TE3,42.9
2022,47,A.J. Brown,PHI,WR,WR12,44.8
2022,48,Travis Etienne Jr.,JAX,RB,RB17,45.3
2022,49,Tee Higgins,CIN,WR,WR13,47.5
2022,50,Matt Ryan,IND,QB,QB17,48.5
2022,51,David Montgomery,CHI,RB,RB18,48.8
2022,52,Tua Tagovailoa,MIA,QB,QB18,49.0
2022,53,Cam Akers,LAR,RB,RB19,52.1
2022,54,Mike Williams,LAC,WR,WR14,52.5
2022,55,J.K. Dobbins,BAL,RB,RB20,52.6
2022,56,Terry McLaurin,WAS,WR,WR15,53.2
2022,57,Trevor Lawrence,JAX,QB,QB19,53.5
2022,58,George Kittle,SF,TE,TE4,55.5
2022,59,Breece Hall,NYJ,RB,RB21,56.8
2022,60,Courtland Sutton,DEN,WR,WR16,57.0
2022,61,Elijah Mitchell,SF,RB,RB22,57.9
2022,62,Darren Waller,LV,TE,TE5,58.9
2022,63,DK Metcalf,SEA,WR,WR17,60.1
2022,64,Jameis Winston,NO,QB,QB20,61.3
2022,65,Josh Jacobs,LV,RB,RB23,62.1
2022,66,AJ Dillon,GB,RB,RB24,62.4
2022,67,Justin Fields,CHI,QB,QB21,63.0
2022,68,Diontae Johnson,PIT,WR,WR18,63.5
2022,69,Jaylen Waddle,MIA,WR,WR19,65.1
2022,70,Michael Thomas,NO,WR,WR20,66.0
2022,71,DJ Moore,CAR,WR,WR21,67.2
2022,72,Clyde Edwards-Helaire,KC,RB,RB25,68.3
2022,73,Chris Godwin Jr.,TB,WR,WR22,69.1
2022,74,Allen Robinson II,LAR,WR,WR23,69.7
2022,75,Dalton Schultz,DAL,TE,TE6,71.0
2022,76,Brandin Cooks,HOU,WR,WR24,73.4
2022,77,Miles Sanders,PHI,RB,RB26,74.1
2022,78,Adam Thielen,MIN,WR,WR25,76.3
2022,79,Rashaad Penny,SEA,RB,RB27,76.6
2022,80,Jerry Jeudy,DEN,WR,WR26,76.9
2022,81,Gabe Davis,BUF,WR,WR27,77.7
2022,82,Antonio Gibson,WAS,RB,RB28,78.0
2022,83,Ryan Tannehill,TEN,QB,QB22,78.6
2022,84,Tony Pollard,DAL,RB,RB29,80.2
2022,85,T.J. Hockenson,DET,TE,TE7,80.6
2022,86,Daniel Jones,NYG,QB,QB23,83.6
2022,87,Darnell Mooney,CHI,WR,WR29,84.5
2022,88,Chase Edmonds,MIA,RB,RB30,84.5
2022,89,Hollywood Brown,ARI,WR,WR28,84.5
2022,90,Damien Harris,NE,RB,RB31,85.2
2022,91,Amon-Ra St. Brown,DET,WR,WR30,87.1
2022,92,Kareem Hunt,CLE,RB,RB32,87.2
2022,93,Dameon Pierce,HOU,RB,RB33,88.6
2022,94,Mac Jones,NE,QB,QB24,89.4
2022,95,DeAndre Hopkins,ARI,WR,WR31,90.3
2022,96,JuJu Smith-Schuster,KC,WR,WR32,90.4
2022,97,Hunter Renfrow,LV,WR,WR33,91.6
2022,98,Devin Singletary,BUF,RB,RB34,92.5
2022,99,Rhamondre Stevenson,NE,RB,RB35,93.7
2022,100,Deshaun Watson,CLE,QB,QB25,93.9
2023,1,Patrick Mahomes,KC,QB,QB1,1.4
2023,2,Justin Jefferson,MIN,WR,WR1,1.8
2023,3,Josh Allen,BUF,QB,QB2,2.5
2023,4,Jalen Hurts,PHI,QB,QB3,3.4
2023,5,Christian McCaffrey,SF,RB,RB1,5.2
2023,6,Joe Burrow,CIN,QB,QB4,6.5
2023,7,Travis Kelce,KC,TE,TE1,6.8
2023,8,Tyreek Hill,MIA,WR,WR2,8.1
2023,9,Ja'Marr Chase,CIN,WR,WR3,8.3
2023,10,Lamar Jackson,BAL,QB,QB5,8.6
2023,11,Austin Ekeler,LAC,RB,RB2,9.0
2023,12,Justin Herbert,LAC,QB,QB6,11.3
2023,13,Justin Fields,CHI,QB,QB7,13.3
2023,14,Cooper Kupp,LAR,WR,WR4,14.3
2023,15,Nick Chubb,CLE,RB,RB3,14.4
2023,16,Bijan Robinson,ATL,RB,RB4,15.4
2023,17,Stefon Diggs,BUF,WR,WR5,17.5
2023,18,Saquon Barkley,NYG,RB,RB5,18.4
2023,19,Garrett Wilson,NYJ,WR,WR6,18.4
2023,20,Trevor Lawrence,JAX,QB,QB8,19.1
2023,21,Derrick Henry,TEN,RB,RB6,19.9
2023,22,CeeDee Lamb,DAL,WR,WR7,21.2
2023,23,A.J. Brown,PHI,WR,WR8,23.1
2023,24,Amon-Ra St. Brown,DET,WR,WR9,23.5
2023,25,Tony Pollard,DAL,RB,RB7,24.1
2023,26,Davante Adams,LV,WR,WR10,25.2
2023,27,Josh Jacobs,LV,RB,RB8,26.1
2023,28,Dak Prescott,DAL,QB,QB9,26.2
2023,29,Aaron Rodgers,NYJ,QB,QB10,28.6
2023,30,Chris Olave,NO,WR,WR11,29.9
2023,31,Najee Harris,PIT,RB,RB9,31.2
2023,32,Mark Andrews,BAL,TE,TE2,31.9
2023,33,Tua Tagovailoa,MIA,QB,QB11,32.4
2023,34,Tee Higgins,CIN,WR,WR12,33.7
2023,35,Jaylen Waddle,MIA,WR,WR13,34.2
2023,36,Travis Etienne Jr.,JAX,RB,RB10,35.1
2023,37,Kirk Cousins,MIN,QB,QB12,36.2
2023,38,Joe Mixon,CIN,RB,RB11,36.6
2023,39,Rhamondre Stevenson,NE,RB,RB12,38.4
2023,40,Deebo Samuel Sr.,SF,WR,WR14,41.3
2023,41,Aaron Jones Sr.,GB,RB,RB13,41.6
2023,42,Amari Cooper,CLE,WR,WR15,41.6
2023,43,Daniel Jones,NYG,QB,QB13,42.4
2023,44,Deshaun Watson,CLE,QB,QB14,42.9
2023,45,Keenan Allen,LAC,WR,WR16,44.0
2023,46,Kenneth Walker,SEA,RB,RB14,44.0
2023,47,DK Metcalf,SEA,WR,WR17,44.9
2023,48,Calvin Ridley,JAX,WR,WR18,45.0
2023,49,Jahmyr Gibbs,DET,RB,RB15,46.2
2023,50,T.J. Hockenson,MIN,TE,TE3,48.3
2023,51,Russell Wilson,DEN,QB,QB15,51.3
2023,52,Jared Goff,DET,QB,QB16,51.7
2023,53,Dameon Pierce,HOU,RB,RB16,53.2
2023,54,DeVonta Smith,PHI,WR,WR19,53.4
2023,55,D'Andre Swift,PHI,RB,RB17,53.5
2023,56,Javonte Williams,DEN,RB,RB18,53.8
2023,57,Anthony Richardson Sr.,IND,QB,QB17,54.8
2023,58,Breece Hall,NYJ,RB,RB19,56.3
2023,59,Miles Sanders,CAR,RB,RB20,57.1
2023,60,DJ Moore,CHI,WR,WR20,60.0
2023,61,Chris Godwin Jr.,TB,WR,WR21,60.0
2023,62,George Kittle,SF,TE,TE4,60.2
2023,63,Alexander Mattison,MIN,RB,RB21,60.7
2023,64,James Conner,ARI,RB,RB22,62.1
2023,65,J.K. Dobbins,BAL,RB,RB23,63.4
2023,66,Derek Carr,NO,QB,QB18,63.5
2023,67,Geno Smith,SEA,QB,QB19,66.5
2023,68,Cam Akers,LAR,RB,RB24,67.8
2023,69,Kyler Murray,ARI,QB,QB20,68.2
2023,70,DeAndre Hopkins,TEN,WR,WR22,68.5
2023,71,Michael Pittman Jr.,IND,WR,WR23,68.8
2023,72,Kyle Pitts Sr.,ATL,TE,TE5,69.2
2023,73,Alvin Kamara,NO,RB,RB25,71.2
2023,74,Darren Waller,NYG,TE,TE6,72.4
2023,75,Diontae Johnson,PIT,WR,WR24,73.2
2023,76,Mike Evans,TB,WR,WR25,74.0
2023,77,Dalvin Cook,NYJ,RB,RB26,74.2
2023,78,Terry McLaurin,WAS,WR,WR26,75.3
2023,79,Rachaad White,TB,RB,RB27,75.9
2023,80,David Montgomery,DET,RB,RB28,76.9
2023,81,Mike Williams,LAC,WR,WR27,76.9
2023,82,Matthew Stafford,LAR,QB,QB21,79.1
2023,83,Dallas Goedert,PHI,TE,TE7,81.4
2023,84,Isiah Pacheco,KC,RB,RB29,82.0
2023,85,James Cook III,BUF,RB,RB30,84.3
2023,86,Tyler Lockett,SEA,WR,WR28,84.9
2023,87,Jerry Jeudy,DEN,WR,WR29,85.2
2023,88,Drake London,ATL,WR,WR30,86.1
2023,89,Christian Kirk,JAX,WR,WR31,87.2
2023,90,Brandon Aiyuk,SF,WR,WR32,88.6
2023,91,Pat Freiermuth,PIT,TE,TE8,90.9
2023,92,AJ Dillon,GB,RB,RB31,91.1
2023,93,Hollywood Brown,ARI,WR,WR33,91.7
2023,94,Antonio Gibson,WAS,RB,RB32,93.8
2023,95,Christian Watson,GB,WR,WR34,95.8
2023,96,Brandin Cooks,DAL,WR,WR35,96.0
2023,97,Brian Robinson,WAS,RB,RB33,96.5
2023,98,Jamaal Williams,NO,RB,RB34,97.2
2023,99,Courtland Sutton,DEN,WR,WR36,98.0
2023,100,Rashaad Penny,PHI,RB,RB35,98.0
2024,1,Josh Allen,BUF,QB,QB1,1.6
2024,2,Jalen Hurts,PHI,QB,QB2,1.9
2024,3,Christian McCaffrey,SF,RB,RB1,2.7
2024,4,Patrick Mahomes,KC,QB,QB3,3.9
2024,5,Lamar Jackson,BAL,QB,QB4,4.2
2024,6,C.J. Stroud,HOU,QB,QB5,6.3
2024,7,Tyreek Hill,MIA,WR,WR1,6.4
2024,8,CeeDee Lamb,DAL,WR,WR2,6.6
2024,9,Anthony Richardson Sr.,IND,QB,QB6,8.7
2024,10,Joe Burrow,CIN,QB,QB7,9.6
2024,11,Breece Hall,NYJ,RB,RB2,9.6
2024,12,Bijan Robinson,ATL,RB,RB3,10.6
2024,13,Jordan Love,GB,QB,QB8,12.3
2024,14,Ja'Marr Chase,CIN,WR,WR3,13.8
2024,15,Dak Prescott,DAL,QB,QB9,14.6
2024,16,Jonathan Taylor,IND,RB,RB4,15.2
2024,17,Kyler Murray,ARI,QB,QB10,15.6
2024,18,Tua Tagovailoa,MIA,QB,QB11,16.5
2024,19,Justin Jefferson,MIN,WR,WR4,16.8
2024,20,Amon-Ra St. Brown,DET,WR,WR5,18.2
2024,21,Saquon Barkley,PHI,RB,RB5,19.5
2024,22,A.J. Brown,PHI,WR,WR6,21.3
2024,23,Justin Herbert,LAC,QB,QB12,22.2
2024,24,Jahmyr Gibbs,DET,RB,RB6,23.3
2024,25,Garrett Wilson,NYJ,WR,WR7,24.5
2024,26,Kyren Williams,LAR,RB,RB7,25.6
2024,27,Caleb Williams,CHI,QB,QB13,25.6
2024,28,Derrick Henry,BAL,RB,RB8,27.7
2024,29,Matthew Stafford,LAR,QB,QB14,28.2
2024,30,Puka Nacua,LAR,WR,WR8,28.3
2024,31,Aaron Rodgers,NYJ,QB,QB15,31.5
2024,32,Travis Etienne Jr.,JAX,RB,RB9,31.7
2024,33,Kirk Cousins,ATL,QB,QB16,32.1
2024,34,Jayden Daniels,WAS,QB,QB17,32.6
2024,35,Isiah Pacheco,KC,RB,RB10,32.8
2024,36,Drake London,ATL,WR,WR9,34.3
2024,37,Cooper Kupp,LAR,WR,WR10,34.3
2024,38,De'Von Achane,MIA,RB,RB11,36.6
2024,39,Mike Evans,TB,WR,WR11,37.0
2024,40,Brandon Aiyuk,SF,WR,WR12,39.0
2024,41,Nico Collins,HOU,WR,WR13,40.6
2024,42,Deshaun Watson,CLE,QB,QB18,41.6
2024,43,Rachaad White,TB,RB,RB12,41.6
2024,44,Marvin Harrison Jr.,ARI,WR,WR14,43.5
2024,45,Jaylen Waddle,MIA,WR,WR15,43.7
2024,46,DK Metcalf,SEA,WR,WR16,44.3
2024,47,Baker Mayfield,TB,QB,QB19,45.0
2024,48,James Cook III,BUF,RB,RB13,45.1
2024,49,Travis Kelce,KC,TE,TE1,46.0
2024,50,Kenneth Walker,SEA,RB,RB14,48.7
2024,51,Chris Olave,NO,WR,WR17,48.8
2024,52,Geno Smith,SEA,QB,QB20,50.6
2024,53,Joe Mixon,HOU,RB,RB15,52.3
2024,54,Davante Adams,LV,WR,WR18,52.7
2024,55,Stefon Diggs,HOU,WR,WR19,53.4
2024,56,Amari Cooper,CLE,WR,WR20,54.3
2024,57,Sam LaPorta,DET,TE,TE2,54.3
2024,58,DJ Moore,CHI,WR,WR21,55.8
2024,59,Will Levis,TEN,QB,QB21,56.8
2024,60,DeVonta Smith,PHI,WR,WR22,59.1
2024,61,Aaron Jones Sr.,MIN,RB,RB16,59.5
2024,62,Nick Chubb,CLE,RB,RB17,60.1
2024,63,James Conner,ARI,RB,RB18,60.9
2024,64,Malik Nabers,NYG,WR,WR23,63.3
2024,65,Najee Harris,PIT,RB,RB19,63.5
2024,66,Jared Goff,DET,QB,QB22,64.0
2024,67,Michael Pittman Jr.,IND,WR,WR24,64.7
2024,68,George Pickens,PIT,WR,WR25,65.5
2024,69,Brock Purdy,SF,QB,QB23,65.6
2024,70,D'Andre Swift,CHI,RB,RB20,66.9
2024,71,Alvin Kamara,NO,RB,RB21,67.1
2024,72,Christian Kirk,JAX,WR,WR26,68.7
2024,73,Zay Flowers,BAL,WR,WR27,70.4
2024,74,Mark Andrews,BAL,TE,TE3,71.2
2024,75,Derek Carr,NO,QB,QB24,71.8
2024,76,Zamir White,LV,RB,RB22,72.1
2024,77,Terry McLaurin,WAS,WR,WR28,73.7
2024,78,Rhamondre Stevenson,NE,RB,RB23,74.5
2024,79,Keenan Allen,CHI,WR,WR29,75.2
2024,80,George Kittle,SF,TE,TE4,77.0
2024,81,Raheem Mostert,MIA,RB,RB24,78.0
2024,82,Calvin Ridley,TEN,WR,WR30,79.4
2024,83,Rashee Rice,KC,WR,WR31,80.0
2024,84,Russell Wilson,PIT,QB,QB25,81.1
2024,85,Trevor Lawrence,JAX,QB,QB26,81.2
2024,86,Dalton Kincaid,BUF,TE,TE5,82.1
2024,87,Trey McBride,ARI,TE,TE6,83.1
2024,88,Devin Singletary,NYG,RB,RB25,83.7
2024,89,Chris Godwin Jr.,TB,WR,WR32,84.6
2024,90,Tony Pollard,TEN,RB,RB26,85.1
2024,91,Gus Edwards,LAC,RB,RB27,88.1
2024,92,Zack Moss,CIN,RB,RB28,88.6
2024,93,Josh Jacobs,GB,RB,RB29,90.0
2024,94,Xavier Worthy,KC,WR,WR33,90.3
2024,95,Christian Watson,GB,WR,WR34,92.4
2024,96,Hollywood Brown,KC,WR,WR35,93.2
2024,97,Kyle Pitts Sr.,ATL,TE,TE7,93.5
2024,98,Jaylen Warren,PIT,RB,RB30,93.7
2024,99,Jonathon Brooks,CAR,RB,RB31,94.6
2024,100,Bryce Young,CAR,QB,QB27,94.8
2025,1,Lamar Jackson,BAL,QB,QB1,1.7
2025,2,Josh Allen,BUF,QB,QB2,1.9
2025,3,Joe Burrow,CIN,QB,QB3,3.4
2025,4,Jayden Daniels,WAS,QB,QB4,4.0
2025,5,Saquon Barkley,PHI,RB,RB1,5.2
2025,6,Jalen Hurts,PHI,QB,QB5,5.7
2025,7,Bijan Robinson,ATL,RB,RB2,7.1
2025,8,Ja'Marr Chase,CIN,WR,WR1,8.2
2025,9,Derrick Henry,BAL,RB,RB3,8.6
2025,10,Patrick Mahomes,KC,QB,QB6,9.6
2025,11,Jahmyr Gibbs,DET,RB,RB4,9.7
2025,12,Baker Mayfield,TB,QB,QB7,10.4
2025,13,Jonathan Taylor,IND,RB,RB5,13.9
2025,14,Justin Jefferson,MIN,WR,WR2,14.1
2025,15,Christian McCaffrey,SF,RB,RB6,15.3
2025,16,Bo Nix,DEN,QB,QB8,15.8
2025,17,Josh Jacobs,GB,RB,RB7,15.9
2025,18,Ashton Jeanty,LV,RB,RB8,16.0
2025,19,CeeDee Lamb,DAL,WR,WR3,17.5
2025,20,Brock Purdy,SF,QB,QB9,18.0
2025,21,Kyren Williams,LAR,RB,RB9,18.9
2025,22,Nico Collins,HOU,WR,WR4,20.9
2025,23,Dak Prescott,DAL,QB,QB10,23.3
2025,24,Malik Nabers,NYG,WR,WR5,23.6
2025,25,Kyler Murray,ARI,QB,QB11,23.8
2025,26,Bucky Irving,TB,RB,RB10,24.0
2025,27,Puka Nacua,LAR,WR,WR6,26.1
2025,28,Brian Thomas Jr.,JAX,WR,WR7,26.7
2025,29,De'Von Achane,MIA,RB,RB11,28.0
2025,30,A.J. Brown,PHI,WR,WR8,28.4
2025,31,Chase Brown,CIN,RB,RB12,30.8
2025,32,Jared Goff,DET,QB,QB12,31.0
2025,33,Drake London,ATL,WR,WR9,31.5
2025,34,Caleb Williams,CHI,QB,QB13,31.9
2025,35,Amon-Ra St. Brown,DET,WR,WR10,33.3
2025,36,James Cook III,BUF,RB,RB13,34.5
2025,37,J.J. McCarthy,MIN,QB,QB14,37.4
2025,38,Drake Maye,NE,QB,QB15,40.0
2025,39,Tee Higgins,CIN,WR,WR11,40.0
2025,40,Omarion Hampton,LAC,RB,RB14,41.3
2025,41,Ladd McConkey,LAC,WR,WR12,41.3
2025,42,Mike Evans,TB,WR,WR13,41.4
2025,43,Justin Fields,NYJ,QB,QB16,42.2
2025,44,Justin Herbert,LAC,QB,QB17,43.2
2025,45,Davante Adams,LAR,WR,WR14,44.5
2025,46,Chuba Hubbard,CAR,RB,RB15,45.4
2025,47,Tyreek Hill,MIA,WR,WR15,46.1
2025,48,James Conner,ARI,RB,RB16,48.0
2025,49,Jordan Love,GB,QB,QB18,48.2
2025,50,DK Metcalf,PIT,WR,WR16,49.5
2025,51,Alvin Kamara,NO,RB,RB17,50.3
2025,52,Trevor Lawrence,JAX,QB,QB19,50.8
2025,53,Kenneth Walker,SEA,RB,RB18,51.0
2025,54,Marvin Harrison Jr.,ARI,WR,WR17,51.1
2025,55,Terry McLaurin,WAS,WR,WR18,52.6
2025,56,C.J. Stroud,HOU,QB,QB20,53.2
2025,57,Brock Bowers,LV,TE,TE1,57.4
2025,58,Xavier Worthy,KC,WR,WR19,57.6
2025,59,Courtland Sutton,DEN,WR,WR20,57.8
2025,60,Breece Hall,NYJ,RB,RB19,57.9
2025,61,Jaxon Smith-Njigba,SEA,WR,WR21,58.0
2025,62,George Kittle,SF,TE,TE2,59.0
2025,63,TreVeyon Henderson,NE,RB,RB20,59.2
2025,64,Jameson Williams,DET,WR,WR22,61.4
2025,65,David Montgomery,DET,RB,RB21,64.8
2025,66,Tua Tagovailoa,MIA,QB,QB21,65.0
2025,67,Garrett Wilson,NYJ,WR,WR23,66.0
2025,68,Tetairoa McMillan,CAR,WR,WR24,66.5
2025,69,Trey McBride,ARI,TE,TE3,67.1
2025,70,DeVonta Smith,PHI,WR,WR25,67.5
2025,71,DJ Moore,CHI,WR,WR26,67.6
2025,72,Tony Pollard,TEN,RB,RB22,68.7
2025,73,D'Andre Swift,CHI,RB,RB23,69.0
2025,74,Geno Smith,LV,QB,QB22,69.7
2025,75,Calvin Ridley,TEN,WR,WR27,69.9
2025,76,George Pickens,DAL,WR,WR28,73.2
2025,77,Zay Flowers,BAL,WR,WR29,74.1
2025,78,RJ Harvey,DEN,RB,RB24,74.5
2025,79,Isiah Pacheco,KC,RB,RB25,76.4
2025,80,Aaron Jones Sr.,MIN,RB,RB26,77.2
2025,81,Matthew Stafford,LAR,QB,QB23,78.5
2025,82,Sam LaPorta,DET,TE,TE4,79.7
2025,83,Jerry Jeudy,CLE,WR,WR30,79.8
2025,84,Deebo Samuel Sr.,WAS,WR,WR31,79.9
2025,85,Kaleb Johnson,PIT,RB,RB27,80.5
2025,86,Bryce Young,CAR,QB,QB24,83.1
2025,87,Michael Penix Jr.,ATL,QB,QB25,83.3
2025,88,Tyrone Tracy Jr.,NYG,RB,RB28,84.2
2025,89,Jaylen Waddle,MIA,WR,WR32,84.4
2025,90,Matthew Golden,GB,WR,WR33,85.6
2025,91,Ricky Pearsall,SF,WR,WR34,86.9
2025,92,Travis Hunter,JAX,WR,WR35,88.4
2025,93,Mark Andrews,BAL,TE,TE5,89.4
2025,94,T.J. Hockenson,MIN,TE,TE6,91.6
2025,95,Travis Kelce,KC,TE,TE7,91.9
2025,96,Rome Odunze,CHI,WR,WR36,93.9
2025,97,Chris Olave,NO,WR,WR37,95.0
2025,98,Jaylen Warren,PIT,RB,RB29,95.1
2025,99,Jordan Mason,MIN,RB,RB30,96.4
2025,100,Sam Darnold,SEA,QB,QB26,98.2
