year,team,line_change,bucket,win_total_line,actual_wins,beat_margin,result
2016,ARI,1.5,mod_rise (+0.5..+2.5),10.0,7,-3.0,Under
2016,ATL,-1.5,mod_drop (-2.5..-0.5),7.0,11,4.0,Over
2016,BAL,-0.5,mod_drop (-2.5..-0.5),8.5,8,-0.5,Under
2016,BUF,-0.5,mod_drop (-2.5..-0.5),8.0,7,-1.0,Under
2016,CAR,2.0,mod_rise (+0.5..+2.5),10.5,6,-4.5,Under
2016,CHI,1.0,mod_rise (+0.5..+2.5),7.5,3,-4.5,Under
2016,CIN,1.0,mod_rise (+0.5..+2.5),9.5,6,-3.5,Under
2016,CLE,-2.0,mod_drop (-2.5..-0.5),4.5,1,-3.5,Under
2016,DAL,-1.0,mod_drop (-2.5..-0.5),8.5,13,4.5,Over
2016,DEN,-0.5,mod_drop (-2.5..-0.5),9.5,9,-0.5,Under
2016,DET,-1.5,mod_drop (-2.5..-0.5),7.0,9,2.0,Over
2016,GB,-0.5,mod_drop (-2.5..-0.5),10.5,10,-0.5,Under
2016,HOU,0.0,stable (-0.5..+0.5),8.5,9,0.5,Over
2016,IND,-1.5,mod_drop (-2.5..-0.5),9.0,8,-1.0,Under
2016,JAX,2.0,mod_rise (+0.5..+2.5),7.5,3,-4.5,Under
2016,KC,1.0,mod_rise (+0.5..+2.5),9.5,12,2.5,Over
2016,LAR,0.0,stable (-0.5..+0.5),7.5,4,-3.5,Under
2016,MIA,-2.0,mod_drop (-2.5..-0.5),7.0,10,3.0,Over
2016,MIN,0.5,mod_rise (+0.5..+2.5),8.5,8,-0.5,Under
2016,NE,0.0,stable (-0.5..+0.5),10.5,14,3.5,Over
2016,NO,-1.5,mod_drop (-2.5..-0.5),7.0,7,0.0,Push
2016,NYG,0.5,mod_rise (+0.5..+2.5),8.5,11,2.5,Over
2016,NYJ,0.5,mod_rise (+0.5..+2.5),8.0,5,-3.0,Under
2016,LV,3.0,big_rise (>=+2.5),8.5,12,3.5,Over
2016,PHI,-3.5,big_drop (<=-2.5),6.5,7,0.5,Over
2016,PIT,2.0,mod_rise (+0.5..+2.5),10.5,11,0.5,Over
2016,LAC,-1.0,mod_drop (-2.5..-0.5),7.0,5,-2.0,Under
2016,SF,-1.0,mod_drop (-2.5..-0.5),5.5,2,-3.5,Under
2016,SEA,-0.5,mod_drop (-2.5..-0.5),10.5,10,-0.5,Under
2016,TB,1.0,mod_rise (+0.5..+2.5),7.0,9,2.0,Over
2016,TEN,0.5,mod_rise (+0.5..+2.5),6.0,9,3.0,Over
2016,WAS,1.5,mod_rise (+0.5..+2.5),7.5,8,0.5,Over
2017,ARI,-1.5,mod_drop (-2.5..-0.5),8.5,8,-0.5,Under
2017,ATL,2.5,big_rise (>=+2.5),9.5,10,0.5,Over
2017,BAL,0.0,stable (-0.5..+0.5),8.5,9,0.5,Over
2017,BUF,-1.5,mod_drop (-2.5..-0.5),6.5,9,2.5,Over
2017,CAR,-1.5,mod_drop (-2.5..-0.5),9.0,11,2.0,Over
2017,CHI,-2.0,mod_drop (-2.5..-0.5),5.5,5,-0.5,Under
2017,CIN,-1.0,mod_drop (-2.5..-0.5),8.5,7,-1.5,Under
2017,CLE,0.0,stable (-0.5..+0.5),4.5,0,-4.5,Under
2017,DAL,1.0,mod_rise (+0.5..+2.5),9.5,9,-0.5,Under
2017,DEN,-1.5,mod_drop (-2.5..-0.5),8.0,5,-3.0,Under
2017,DET,0.5,mod_rise (+0.5..+2.5),7.5,9,1.5,Over
2017,GB,0.0,stable (-0.5..+0.5),10.5,7,-3.5,Under
2017,HOU,0.0,stable (-0.5..+0.5),8.5,4,-4.5,Under
2017,IND,-1.0,mod_drop (-2.5..-0.5),8.0,4,-4.0,Under
2017,JAX,-1.0,mod_drop (-2.5..-0.5),6.5,10,3.5,Over
2017,KC,-0.5,mod_drop (-2.5..-0.5),9.0,10,1.0,Over
2017,LAC,0.5,mod_rise (+0.5..+2.5),7.5,9,1.5,Over
2017,LAR,-1.5,mod_drop (-2.5..-0.5),6.0,11,5.0,Over
2017,MIA,0.0,stable (-0.5..+0.5),7.0,6,-1.0,Under
2017,MIN,0.0,stable (-0.5..+0.5),8.5,13,4.5,Over
2017,NE,2.0,mod_rise (+0.5..+2.5),12.5,13,0.5,Over
2017,NO,1.0,mod_rise (+0.5..+2.5),8.0,11,3.0,Over
2017,NYG,0.5,mod_rise (+0.5..+2.5),9.0,3,-6.0,Under
2017,NYJ,-4.5,big_drop (<=-2.5),3.5,5,1.5,Over
2017,LV,1.0,mod_rise (+0.5..+2.5),9.5,6,-3.5,Under
2017,PHI,2.0,mod_rise (+0.5..+2.5),8.5,13,4.5,Over
2017,PIT,0.0,stable (-0.5..+0.5),10.5,13,2.5,Over
2017,SF,-0.5,mod_drop (-2.5..-0.5),5.0,6,1.0,Over
2017,SEA,0.0,stable (-0.5..+0.5),10.5,9,-1.5,Under
2017,TB,1.5,mod_rise (+0.5..+2.5),8.5,5,-3.5,Under
2017,TEN,3.0,big_rise (>=+2.5),9.0,9,0.0,Push
2017,WAS,0.0,stable (-0.5..+0.5),7.5,7,-0.5,Under
2018,ARI,-2.5,big_drop (<=-2.5),6.0,3,-3.0,Under
2018,ATL,0.0,stable (-0.5..+0.5),9.5,7,-2.5,Under
2018,BAL,0.0,stable (-0.5..+0.5),8.5,10,1.5,Over
2018,BUF,-1.0,mod_drop (-2.5..-0.5),5.5,6,0.5,Over
2018,CAR,-0.5,mod_drop (-2.5..-0.5),8.5,7,-1.5,Under
2018,CHI,2.0,mod_rise (+0.5..+2.5),7.5,12,4.5,Over
2018,CIN,-1.5,mod_drop (-2.5..-0.5),7.0,6,-1.0,Under
2018,CLE,1.5,mod_rise (+0.5..+2.5),6.0,7,1.0,Over
2018,DAL,-1.0,mod_drop (-2.5..-0.5),8.5,10,1.5,Over
2018,DEN,-1.0,mod_drop (-2.5..-0.5),7.0,6,-1.0,Under
2018,DET,0.0,stable (-0.5..+0.5),7.5,6,-1.5,Under
2018,GB,-0.5,mod_drop (-2.5..-0.5),10.0,6,-4.0,Under
2018,HOU,0.0,stable (-0.5..+0.5),8.5,11,2.5,Over
2018,IND,-0.5,mod_drop (-2.5..-0.5),7.5,10,2.5,Over
2018,JAX,2.5,big_rise (>=+2.5),9.0,5,-4.0,Under
2018,KC,-0.5,mod_drop (-2.5..-0.5),8.5,12,3.5,Over
2018,LAC,2.0,mod_rise (+0.5..+2.5),9.5,12,2.5,Over
2018,LAR,4.0,big_rise (>=+2.5),10.0,13,3.0,Over
2018,MIA,-0.5,mod_drop (-2.5..-0.5),6.5,7,0.5,Over
2018,MIN,1.5,mod_rise (+0.5..+2.5),10.0,8,-2.0,Under
2018,NE,-1.5,mod_drop (-2.5..-0.5),11.0,11,0.0,Push
2018,NO,1.5,mod_rise (+0.5..+2.5),9.5,13,3.5,Over
2018,NYG,-2.0,mod_drop (-2.5..-0.5),7.0,5,-2.0,Under
2018,NYJ,2.5,big_rise (>=+2.5),6.0,4,-2.0,Under
2018,LV,-2.0,mod_drop (-2.5..-0.5),7.5,4,-3.5,Under
2018,PHI,2.0,mod_rise (+0.5..+2.5),10.5,9,-1.5,Under
2018,PIT,0.0,stable (-0.5..+0.5),10.5,9,-1.5,Under
2018,SF,3.5,big_rise (>=+2.5),8.5,4,-4.5,Under
2018,SEA,-3.0,big_drop (<=-2.5),7.5,10,2.5,Over
2018,TB,-2.0,mod_drop (-2.5..-0.5),6.5,5,-1.5,Under
2018,TEN,-1.0,mod_drop (-2.5..-0.5),8.0,9,1.0,Over
2018,WAS,-0.5,mod_drop (-2.5..-0.5),7.0,7,0.0,Push
2019,ARI,-1.0,mod_drop (-2.5..-0.5),5.0,5,0.0,Push
2019,ATL,-1.0,mod_drop (-2.5..-0.5),8.5,7,-1.5,Under
2019,BAL,0.0,stable (-0.5..+0.5),8.5,14,5.5,Over
2019,BUF,1.5,mod_rise (+0.5..+2.5),7.0,10,3.0,Over
2019,CAR,-0.5,mod_drop (-2.5..-0.5),8.0,5,-3.0,Under
2019,CHI,1.5,mod_rise (+0.5..+2.5),9.0,8,-1.0,Under
2019,CIN,-1.0,mod_drop (-2.5..-0.5),6.0,2,-4.0,Under
2019,CLE,3.0,big_rise (>=+2.5),9.0,6,-3.0,Under
2019,DAL,0.5,mod_rise (+0.5..+2.5),9.0,8,-1.0,Under
2019,DEN,0.0,stable (-0.5..+0.5),7.0,7,0.0,Push
2019,DET,-1.0,mod_drop (-2.5..-0.5),6.5,3,-3.5,Under
2019,GB,-1.0,mod_drop (-2.5..-0.5),9.0,13,4.0,Over
2019,HOU,0.0,stable (-0.5..+0.5),8.5,10,1.5,Over
2019,IND,0.0,stable (-0.5..+0.5),7.5,7,-0.5,Under
2019,JAX,-1.0,mod_drop (-2.5..-0.5),8.0,6,-2.0,Under
2019,KC,2.0,mod_rise (+0.5..+2.5),10.5,12,1.5,Over
2019,LAC,0.5,mod_rise (+0.5..+2.5),10.0,5,-5.0,Under
2019,LAR,0.5,mod_rise (+0.5..+2.5),10.5,9,-1.5,Under
2019,MIA,-2.0,mod_drop (-2.5..-0.5),4.5,5,0.5,Over
2019,MIN,-1.0,mod_drop (-2.5..-0.5),9.0,10,1.0,Over
2019,NE,0.5,mod_rise (+0.5..+2.5),11.5,12,0.5,Over
2019,NO,1.0,mod_rise (+0.5..+2.5),10.5,13,2.5,Over
2019,NYG,-1.0,mod_drop (-2.5..-0.5),6.0,4,-2.0,Under
2019,NYJ,1.5,mod_rise (+0.5..+2.5),7.5,7,-0.5,Under
2019,LV,-1.5,mod_drop (-2.5..-0.5),6.0,7,1.0,Over
2019,PHI,-0.5,mod_drop (-2.5..-0.5),10.0,9,-1.0,Under
2019,PIT,-1.0,mod_drop (-2.5..-0.5),9.5,8,-1.5,Under
2019,SF,-0.5,mod_drop (-2.5..-0.5),8.0,13,5.0,Over
2019,SEA,1.5,mod_rise (+0.5..+2.5),9.0,11,2.0,Over
2019,TB,0.0,stable (-0.5..+0.5),6.5,7,0.5,Over
2019,TEN,0.0,stable (-0.5..+0.5),8.0,9,1.0,Over
2019,WAS,-1.0,mod_drop (-2.5..-0.5),6.0,3,-3.0,Under
2020,ARI,2.5,big_rise (>=+2.5),7.5,8,0.5,Over
2020,ATL,-1.0,mod_drop (-2.5..-0.5),7.5,4,-3.5,Under
2020,BAL,3.0,big_rise (>=+2.5),11.5,11,-0.5,Under
2020,BUF,2.0,mod_rise (+0.5..+2.5),9.0,13,4.0,Over
2020,CAR,-2.5,big_drop (<=-2.5),5.5,5,-0.5,Under
2020,CHI,-1.0,mod_drop (-2.5..-0.5),8.0,8,0.0,Push
2020,CIN,-0.5,mod_drop (-2.5..-0.5),5.5,4,-1.5,Under
2020,CLE,-0.5,mod_drop (-2.5..-0.5),8.5,11,2.5,Over
2020,DAL,1.0,mod_rise (+0.5..+2.5),10.0,6,-4.0,Under
2020,DEN,0.5,mod_rise (+0.5..+2.5),7.5,5,-2.5,Under
2020,DET,0.5,mod_rise (+0.5..+2.5),7.0,5,-2.0,Under
2020,GB,-0.5,mod_drop (-2.5..-0.5),8.5,13,4.5,Over
2020,HOU,-1.0,mod_drop (-2.5..-0.5),7.5,4,-3.5,Under
2020,IND,2.0,mod_rise (+0.5..+2.5),9.5,11,1.5,Over
2020,JAX,-3.5,big_drop (<=-2.5),4.5,1,-3.5,Under
2020,KC,1.0,mod_rise (+0.5..+2.5),11.5,14,2.5,Over
2020,LV,1.5,mod_rise (+0.5..+2.5),7.5,8,0.5,Over
2020,LAC,-2.0,mod_drop (-2.5..-0.5),8.0,7,-1.0,Under
2020,LAR,-2.0,mod_drop (-2.5..-0.5),8.5,10,1.5,Over
2020,MIA,1.5,mod_rise (+0.5..+2.5),6.0,10,4.0,Over
2020,MIN,0.0,stable (-0.5..+0.5),9.0,7,-2.0,Under
2020,NE,-2.5,big_drop (<=-2.5),9.0,7,-2.0,Under
2020,NO,0.0,stable (-0.5..+0.5),10.5,12,1.5,Over
2020,NYG,0.5,mod_rise (+0.5..+2.5),6.5,6,-0.5,Under
2020,NYJ,-1.0,mod_drop (-2.5..-0.5),6.5,2,-4.5,Under
2020,PHI,-0.5,mod_drop (-2.5..-0.5),9.5,4,-5.5,Under
2020,PIT,0.0,stable (-0.5..+0.5),9.5,12,2.5,Over
2020,SF,2.5,big_rise (>=+2.5),10.5,6,-4.5,Under
2020,SEA,0.5,mod_rise (+0.5..+2.5),9.5,12,2.5,Over
2020,TB,3.0,big_rise (>=+2.5),9.5,11,1.5,Over
2020,TEN,0.5,mod_rise (+0.5..+2.5),8.5,11,2.5,Over
2020,WAS,-1.0,mod_drop (-2.5..-0.5),5.0,7,2.0,Over
2021,ARI,1.0,mod_rise (+0.5..+2.5),8.5,11,2.5,Over
2021,ATL,0.0,stable (-0.5..+0.5),7.5,7,-0.5,Under
2021,BAL,-1.0,mod_drop (-2.5..-0.5),10.5,8,-2.5,Under
2021,BUF,2.5,big_rise (>=+2.5),11.5,11,-0.5,Under
2021,CAR,2.0,mod_rise (+0.5..+2.5),7.5,5,-2.5,Under
2021,CHI,-0.5,mod_drop (-2.5..-0.5),7.5,6,-1.5,Under
2021,CIN,1.0,mod_rise (+0.5..+2.5),6.5,10,3.5,Over
2021,CLE,2.0,mod_rise (+0.5..+2.5),10.5,8,-2.5,Under
2021,DAL,-1.0,mod_drop (-2.5..-0.5),9.0,12,3.0,Over
2021,DEN,1.5,mod_rise (+0.5..+2.5),9.0,7,-2.0,Under
2021,DET,-2.5,big_drop (<=-2.5),4.5,3,-1.5,Under
2021,GB,2.0,mod_rise (+0.5..+2.5),10.5,13,2.5,Over
2021,HOU,-3.5,big_drop (<=-2.5),4.0,4,0.0,Push
2021,IND,-0.5,mod_drop (-2.5..-0.5),9.0,9,0.0,Push
2021,JAX,2.0,mod_rise (+0.5..+2.5),6.5,3,-3.5,Under
2021,KC,1.0,mod_rise (+0.5..+2.5),12.5,12,-0.5,Under
2021,LV,0.0,stable (-0.5..+0.5),7.5,10,2.5,Over
2021,LAC,1.5,mod_rise (+0.5..+2.5),9.5,9,-0.5,Under
2021,LAR,2.0,mod_rise (+0.5..+2.5),10.5,12,1.5,Over
2021,MIA,3.0,big_rise (>=+2.5),9.0,9,0.0,Push
2021,MIN,0.0,stable (-0.5..+0.5),9.0,8,-1.0,Under
2021,NE,0.5,mod_rise (+0.5..+2.5),9.5,10,0.5,Over
2021,NO,-1.5,mod_drop (-2.5..-0.5),9.0,9,0.0,Push
2021,NYG,0.5,mod_rise (+0.5..+2.5),7.0,4,-3.0,Under
2021,NYJ,-0.5,mod_drop (-2.5..-0.5),6.0,4,-2.0,Under
2021,PHI,-3.0,big_drop (<=-2.5),6.5,9,2.5,Over
2021,PIT,-1.0,mod_drop (-2.5..-0.5),8.5,9,0.5,Over
2021,SF,0.0,stable (-0.5..+0.5),10.5,10,-0.5,Under
2021,SEA,0.0,stable (-0.5..+0.5),9.5,7,-2.5,Under
2021,TB,2.5,big_rise (>=+2.5),12.0,13,1.0,Over
2021,TEN,1.0,mod_rise (+0.5..+2.5),9.5,12,2.5,Over
2021,WAS,3.5,big_rise (>=+2.5),8.5,7,-1.5,Under
2022,ARI,0.0,stable (-0.5..+0.5),8.5,4,-4.5,Under
2022,ATL,-3.0,big_drop (<=-2.5),4.5,7,2.5,Over
2022,BAL,0.0,stable (-0.5..+0.5),10.5,10,-0.5,Under
2022,BUF,0.5,mod_rise (+0.5..+2.5),12.0,13,1.0,Over
2022,CAR,-1.0,mod_drop (-2.5..-0.5),6.5,7,0.5,Over
2022,CHI,-2.0,mod_drop (-2.5..-0.5),5.5,3,-2.5,Under
2022,CIN,3.0,big_rise (>=+2.5),9.5,12,2.5,Over
2022,CLE,-2.5,big_drop (<=-2.5),8.0,7,-1.0,Under
2022,DAL,1.0,mod_rise (+0.5..+2.5),10.0,12,2.0,Over
2022,DEN,1.0,mod_rise (+0.5..+2.5),10.0,5,-5.0,Under
2022,DET,2.0,mod_rise (+0.5..+2.5),6.5,9,2.5,Over
2022,GB,0.5,mod_rise (+0.5..+2.5),11.0,8,-3.0,Under
2022,HOU,0.5,mod_rise (+0.5..+2.5),4.5,3,-1.5,Under
2022,IND,1.0,mod_rise (+0.5..+2.5),10.0,4,-6.0,Under
2022,JAX,0.0,stable (-0.5..+0.5),6.5,9,2.5,Over
2022,KC,-2.0,mod_drop (-2.5..-0.5),10.5,14,3.5,Over
2022,LV,1.0,mod_rise (+0.5..+2.5),8.5,6,-2.5,Under
2022,LAC,1.0,mod_rise (+0.5..+2.5),10.5,10,-0.5,Under
2022,LAR,0.0,stable (-0.5..+0.5),10.5,5,-5.5,Under
2022,MIA,0.0,stable (-0.5..+0.5),9.0,9,0.0,Push
2022,MIN,0.5,mod_rise (+0.5..+2.5),9.5,13,3.5,Over
2022,NE,-1.0,mod_drop (-2.5..-0.5),8.5,8,-0.5,Under
2022,NO,0.0,stable (-0.5..+0.5),9.0,7,-2.0,Under
2022,NYG,0.0,stable (-0.5..+0.5),7.0,9,2.0,Over
2022,NYJ,-0.5,mod_drop (-2.5..-0.5),5.5,7,1.5,Over
2022,PHI,3.5,big_rise (>=+2.5),10.0,14,4.0,Over
2022,PIT,-1.0,mod_drop (-2.5..-0.5),7.5,9,1.5,Over
2022,SF,-0.5,mod_drop (-2.5..-0.5),10.0,13,3.0,Over
2022,SEA,-4.0,big_drop (<=-2.5),5.5,9,3.5,Over
2022,TB,-1.0,mod_drop (-2.5..-0.5),11.0,8,-3.0,Under
2022,TEN,-0.5,mod_drop (-2.5..-0.5),9.0,7,-2.0,Under
2022,WAS,-1.0,mod_drop (-2.5..-0.5),7.5,8,0.5,Over
2023,ARI,-4.0,big_drop (<=-2.5),4.5,4,-0.5,Under
2023,ATL,4.0,big_rise (>=+2.5),8.5,7,-1.5,Under
2023,BAL,-0.5,mod_drop (-2.5..-0.5),10.0,13,3.0,Over
2023,BUF,-1.5,mod_drop (-2.5..-0.5),10.5,11,0.5,Over
2023,CAR,1.0,mod_rise (+0.5..+2.5),7.5,2,-5.5,Under
2023,CHI,2.0,mod_rise (+0.5..+2.5),7.5,7,-0.5,Under
2023,CIN,1.5,mod_rise (+0.5..+2.5),11.0,9,-2.0,Under
2023,CLE,1.0,mod_rise (+0.5..+2.5),9.0,11,2.0,Over
2023,DAL,0.0,stable (-0.5..+0.5),10.0,12,2.0,Over
2023,DEN,-1.5,mod_drop (-2.5..-0.5),8.5,8,-0.5,Under
2023,DET,3.0,big_rise (>=+2.5),9.5,12,2.5,Over
2023,GB,-3.5,big_drop (<=-2.5),7.5,9,1.5,Over
2023,HOU,2.0,mod_rise (+0.5..+2.5),6.5,10,3.5,Over
2023,IND,-3.5,big_drop (<=-2.5),6.5,9,2.5,Over
2023,JAX,3.0,big_rise (>=+2.5),9.5,9,-0.5,Under
2023,KC,1.0,mod_rise (+0.5..+2.5),11.5,11,-0.5,Under
2023,LV,-2.0,mod_drop (-2.5..-0.5),6.5,8,1.5,Over
2023,LAC,-1.0,mod_drop (-2.5..-0.5),9.5,5,-4.5,Under
2023,LAR,-4.0,big_drop (<=-2.5),6.5,10,3.5,Over
2023,MIA,0.5,mod_rise (+0.5..+2.5),9.5,11,1.5,Over
2023,MIN,-1.0,mod_drop (-2.5..-0.5),8.5,7,-1.5,Under
2023,NE,-1.0,mod_drop (-2.5..-0.5),7.5,4,-3.5,Under
2023,NO,0.5,mod_rise (+0.5..+2.5),9.5,9,-0.5,Under
2023,NYG,0.5,mod_rise (+0.5..+2.5),7.5,6,-1.5,Under
2023,NYJ,4.0,big_rise (>=+2.5),9.5,7,-2.5,Under
2023,PHI,1.5,mod_rise (+0.5..+2.5),11.5,11,-0.5,Under
2023,PIT,1.5,mod_rise (+0.5..+2.5),9.0,10,1.0,Over
2023,SF,1.0,mod_rise (+0.5..+2.5),11.0,12,1.0,Over
2023,SEA,3.5,big_rise (>=+2.5),9.0,9,0.0,Push
2023,TB,-5.0,big_drop (<=-2.5),6.0,9,3.0,Over
2023,TEN,-1.5,mod_drop (-2.5..-0.5),7.5,6,-1.5,Under
2023,WAS,-1.0,mod_drop (-2.5..-0.5),6.5,4,-2.5,Under
2024,ARI,2.5,big_rise (>=+2.5),7.0,8,1.0,Over
2024,ATL,1.0,mod_rise (+0.5..+2.5),9.5,8,-1.5,Under
2024,BAL,0.5,mod_rise (+0.5..+2.5),10.5,12,1.5,Over
2024,BUF,-0.5,mod_drop (-2.5..-0.5),10.0,13,3.0,Over
2024,CAR,-2.0,mod_drop (-2.5..-0.5),5.5,5,-0.5,Under
2024,CHI,1.0,mod_rise (+0.5..+2.5),8.5,5,-3.5,Under
2024,CIN,-0.5,mod_drop (-2.5..-0.5),10.5,9,-1.5,Under
2024,CLE,-0.5,mod_drop (-2.5..-0.5),8.5,3,-5.5,Under
2024,DAL,0.0,stable (-0.5..+0.5),10.0,7,-3.0,Under
2024,DEN,-3.0,big_drop (<=-2.5),5.5,10,4.5,Over
2024,DET,1.0,mod_rise (+0.5..+2.5),10.5,15,4.5,Over
2024,GB,2.5,big_rise (>=+2.5),10.0,11,1.0,Over
2024,HOU,3.0,big_rise (>=+2.5),9.5,10,0.5,Over
2024,IND,2.0,mod_rise (+0.5..+2.5),8.5,8,-0.5,Under
2024,JAX,-1.0,mod_drop (-2.5..-0.5),8.5,4,-4.5,Under
2024,KC,0.0,stable (-0.5..+0.5),11.5,15,3.5,Over
2024,LV,0.0,stable (-0.5..+0.5),6.5,4,-2.5,Under
2024,LAC,-0.5,mod_drop (-2.5..-0.5),9.0,11,2.0,Over
2024,LAR,2.0,mod_rise (+0.5..+2.5),8.5,10,1.5,Over
2024,MIA,0.5,mod_rise (+0.5..+2.5),10.0,8,-2.0,Under
2024,MIN,-2.0,mod_drop (-2.5..-0.5),6.5,14,7.5,Over
2024,NE,-3.0,big_drop (<=-2.5),4.5,4,-0.5,Under
2024,NO,-2.0,mod_drop (-2.5..-0.5),7.5,5,-2.5,Under
2024,NYG,-1.0,mod_drop (-2.5..-0.5),6.5,3,-3.5,Under
2024,NYJ,0.0,stable (-0.5..+0.5),9.5,5,-4.5,Under
2024,PHI,-1.0,mod_drop (-2.5..-0.5),10.5,14,3.5,Over
2024,PIT,-1.0,mod_drop (-2.5..-0.5),8.0,10,2.0,Over
2024,SF,0.5,mod_rise (+0.5..+2.5),11.5,6,-5.5,Under
2024,SEA,-1.5,mod_drop (-2.5..-0.5),7.5,10,2.5,Over
2024,TB,1.5,mod_rise (+0.5..+2.5),7.5,10,2.5,Over
2024,TEN,-1.0,mod_drop (-2.5..-0.5),6.5,3,-3.5,Under
2024,WAS,0.0,stable (-0.5..+0.5),6.5,12,5.5,Over
2025,ARI,1.5,mod_rise (+0.5..+2.5),8.5,3,-5.5,Under
2025,ATL,-1.0,mod_drop (-2.5..-0.5),8.5,8,-0.5,Under
2025,BAL,1.0,mod_rise (+0.5..+2.5),11.5,8,-3.5,Under
2025,BUF,2.5,big_rise (>=+2.5),12.5,12,-0.5,Under
2025,CAR,1.0,mod_rise (+0.5..+2.5),6.5,8,1.5,Over
2025,CHI,0.0,stable (-0.5..+0.5),8.5,11,2.5,Over
2025,CIN,-1.0,mod_drop (-2.5..-0.5),9.5,6,-3.5,Under
2025,CLE,-4.0,big_drop (<=-2.5),4.5,5,0.5,Over
2025,DAL,-2.5,big_drop (<=-2.5),7.5,7,-0.5,Under
2025,DEN,4.0,big_rise (>=+2.5),9.5,14,4.5,Over
2025,DET,0.0,stable (-0.5..+0.5),10.5,9,-1.5,Under
2025,GB,0.5,mod_rise (+0.5..+2.5),10.5,9,-1.5,Under
2025,HOU,0.0,stable (-0.5..+0.5),9.5,12,2.5,Over
2025,IND,-1.0,mod_drop (-2.5..-0.5),7.5,8,0.5,Over
2025,JAX,-1.0,mod_drop (-2.5..-0.5),7.5,13,5.5,Over
2025,KC,0.0,stable (-0.5..+0.5),11.5,6,-5.5,Under
2025,LV,0.0,stable (-0.5..+0.5),6.5,3,-3.5,Under
2025,LAC,0.5,mod_rise (+0.5..+2.5),9.5,11,1.5,Over
2025,LAR,1.0,mod_rise (+0.5..+2.5),9.5,12,2.5,Over
2025,MIA,-2.5,big_drop (<=-2.5),7.5,7,-0.5,Under
2025,MIN,3.0,big_rise (>=+2.5),9.5,9,-0.5,Under
2025,NE,4.0,big_rise (>=+2.5),8.5,14,5.5,Over
2025,NO,-3.0,big_drop (<=-2.5),4.5,6,1.5,Over
2025,NYG,-1.0,mod_drop (-2.5..-0.5),5.5,5,-0.5,Under
2025,NYJ,-3.0,big_drop (<=-2.5),6.5,3,-3.5,Under
2025,PHI,1.0,mod_rise (+0.5..+2.5),11.5,11,-0.5,Under
2025,PIT,0.5,mod_rise (+0.5..+2.5),8.5,10,1.5,Over
2025,SF,-1.0,mod_drop (-2.5..-0.5),10.5,12,1.5,Over
2025,SEA,1.0,mod_rise (+0.5..+2.5),8.5,14,5.5,Over
2025,TB,2.0,mod_rise (+0.5..+2.5),9.5,8,-1.5,Under
2025,TEN,0.0,stable (-0.5..+0.5),6.5,3,-3.5,Under
2025,WAS,3.0,big_rise (>=+2.5),9.5,5,-4.5,Under
